timestamp,open,high,low,close,volume
2025-12-31 18:40:00+00:00,125.08,125.196,125.012,125.196,7293.6
2025-12-31 18:45:00+00:00,125.196,125.219,124.681,124.708,9989.2
2025-12-31 18:50:00+00:00,124.708,124.759,124.58,124.758,3505.6
2025-12-31 18:55:00+00:00,124.758,124.818,124.731,124.74,4069.8
2025-12-31 19:00:00+00:00,124.74,125.004,124.721,124.967,5907.3
2025-12-31 19:05:00+00:00,124.967,125.152,124.911,125.09,2277.5
2025-12-31 19:10:00+00:00,125.09,125.184,124.939,125.0,6525.0
2025-12-31 19:15:00+00:00,125.0,125.0,124.884,124.987,2700.8
2025-12-31 19:20:00+00:00,124.987,125.083,124.8,124.914,1857.7
2025-12-31 19:25:00+00:00,124.914,124.954,124.749,124.886,2719.7
2025-12-31 19:30:00+00:00,124.886,124.918,124.773,124.773,1665.3
2025-12-31 19:35:00+00:00,124.773,124.791,124.677,124.691,1743.8
2025-12-31 19:40:00+00:00,124.691,124.791,124.571,124.598,8905.5
2025-12-31 19:45:00+00:00,124.598,124.625,124.5,124.574,7707.6
2025-12-31 19:50:00+00:00,124.574,124.576,124.474,124.501,2346.0
2025-12-31 19:55:00+00:00,124.501,124.581,124.333,124.358,9624.1
2025-12-31 20:00:00+00:00,124.358,124.513,124.243,124.286,13709.9
2025-12-31 20:05:00+00:00,124.286,124.323,124.109,124.197,16618.2
2025-12-31 20:10:00+00:00,124.197,124.224,124.093,124.187,8708.3
2025-12-31 20:15:00+00:00,124.187,124.234,124.154,124.161,18818.2
2025-12-31 20:20:00+00:00,124.161,124.213,123.948,124.187,22400.4
2025-12-31 20:25:00+00:00,124.187,125.0,124.038,124.327,185269.2
2025-12-31 20:30:00+00:00,124.327,124.67,123.4,123.665,94488.3
2025-12-31 20:35:00+00:00,123.665,123.889,123.516,123.699,16973.0
2025-12-31 20:40:00+00:00,123.699,123.829,123.554,123.725,16958.9
2025-12-31 20:45:00+00:00,123.725,123.785,123.572,123.647,5688.6
2025-12-31 20:50:00+00:00,123.647,123.98,123.61,123.901,6987.3
2025-12-31 20:55:00+00:00,123.901,124.396,123.878,124.161,30329.3
2025-12-31 21:00:00+00:00,124.161,124.388,124.139,124.184,11714.2
2025-12-31 21:05:00+00:00,124.184,124.436,124.176,124.228,8743.4
2025-12-31 21:10:00+00:00,124.228,124.241,124.063,124.153,4700.6
2025-12-31 21:15:00+00:00,124.153,124.297,124.119,124.273,4849.8
2025-12-31 21:20:00+00:00,124.273,124.29,124.215,124.243,5329.9
2025-12-31 21:25:00+00:00,124.243,124.268,124.04,124.072,4620.7
2025-12-31 21:30:00+00:00,124.072,124.093,123.973,124.06,10024.2
2025-12-31 21:35:00+00:00,124.06,124.398,124.022,124.398,14870.3
2025-12-31 21:40:00+00:00,124.398,124.436,124.144,124.168,3601.4
2025-12-31 21:45:00+00:00,124.168,124.372,124.158,124.352,3581.2
2025-12-31 21:50:00+00:00,124.352,124.352,124.24,124.297,722.2
2025-12-31 21:55:00+00:00,124.297,124.456,124.163,124.456,7333.2
2025-12-31 22:00:00+00:00,124.456,124.457,124.239,124.262,6277.5
2025-12-31 22:05:00+00:00,124.262,124.48,124.262,124.48,3280.6
2025-12-31 22:10:00+00:00,124.48,124.828,124.468,124.769,7037.2
2025-12-31 22:15:00+00:00,124.769,124.795,124.6,124.713,4035.9
2025-12-31 22:20:00+00:00,124.713,124.993,124.686,124.993,4882.1
2025-12-31 22:25:00+00:00,124.993,125.148,124.993,125.084,16309.6
2025-12-31 22:30:00+00:00,125.084,125.084,124.831,124.922,23404.3
2025-12-31 22:35:00+00:00,124.922,124.999,124.88,124.895,3637.1
2025-12-31 22:40:00+00:00,124.895,124.895,124.761,124.761,4067.9
2025-12-31 22:45:00+00:00,124.761,124.981,124.718,124.718,2260.5
2025-12-31 22:50:00+00:00,124.718,124.847,124.704,124.705,2235.6
2025-12-31 22:55:00+00:00,124.705,124.848,124.672,124.809,880.1
2025-12-31 23:00:00+00:00,124.809,124.962,124.728,124.767,4125.8
2025-12-31 23:05:00+00:00,124.767,124.999,124.732,124.926,1572.6
2025-12-31 23:10:00+00:00,124.926,124.997,124.895,124.967,1278.7
2025-12-31 23:15:00+00:00,124.967,124.993,124.869,124.942,2758.0
2025-12-31 23:20:00+00:00,124.942,125.0,124.824,124.952,1644.9
2025-12-31 23:25:00+00:00,124.952,124.978,124.837,124.857,10576.4
2025-12-31 23:30:00+00:00,124.857,124.886,124.777,124.814,2210.0
2025-12-31 23:35:00+00:00,124.814,124.862,124.687,124.743,2681.3
2025-12-31 23:40:00+00:00,124.743,124.806,124.698,124.738,1192.5
2025-12-31 23:45:00+00:00,124.738,124.739,124.616,124.693,2538.3
2025-12-31 23:50:00+00:00,124.693,124.71,124.588,124.621,2691.1
2025-12-31 23:55:00+00:00,124.621,124.686,124.536,124.6,3197.9
2026-01-01 00:00:00+00:00,124.6,124.802,124.546,124.802,4371.7
2026-01-01 00:05:00+00:00,124.802,125.0,124.8,124.959,7846.8
2026-01-01 00:10:00+00:00,124.959,124.976,124.823,124.824,2600.5
2026-01-01 00:15:00+00:00,124.824,124.917,124.752,124.903,2836.3
2026-01-01 00:20:00+00:00,124.903,125.081,124.891,124.959,2845.3
2026-01-01 00:25:00+00:00,124.959,125.137,124.959,125.12,21801.1
2026-01-01 00:30:00+00:00,125.12,125.167,125.04,125.133,7409.2
2026-01-01 00:35:00+00:00,125.133,125.23,125.044,125.06,4698.2
2026-01-01 00:40:00+00:00,125.06,125.064,124.986,125.033,2256.9
2026-01-01 00:45:00+00:00,125.033,125.201,124.998,125.195,2621.4
2026-01-01 00:50:00+00:00,125.195,125.195,125.07,125.115,1623.2
2026-01-01 00:55:00+00:00,125.115,125.156,125.058,125.089,1979.6
2026-01-01 01:00:00+00:00,125.089,125.274,125.088,125.252,4005.2
2026-01-01 01:05:00+00:00,125.252,125.595,125.221,125.594,30710.5
2026-01-01 01:10:00+00:00,125.594,125.611,125.518,125.597,4318.7
2026-01-01 01:15:00+00:00,125.597,125.75,125.556,125.601,7495.4
2026-01-01 01:20:00+00:00,125.601,125.612,125.35,125.524,12119.3
2026-01-01 01:25:00+00:00,125.524,125.554,125.319,125.368,2211.5
2026-01-01 01:30:00+00:00,125.368,125.516,125.368,125.466,3711.3
2026-01-01 01:35:00+00:00,125.466,125.5,125.048,125.17,14612.0
2026-01-01 01:40:00+00:00,125.17,125.434,125.118,125.398,6560.5
2026-01-01 01:45:00+00:00,125.398,125.442,125.207,125.21,6051.1
2026-01-01 01:50:00+00:00,125.21,125.333,125.21,125.303,2091.7
2026-01-01 01:55:00+00:00,125.303,125.332,124.862,124.931,22357.8
2026-01-01 02:00:00+00:00,124.931,125.013,124.819,125.0,9745.7
2026-01-01 02:05:00+00:00,125.0,125.143,124.987,125.039,12344.7
2026-01-01 02:10:00+00:00,125.039,125.039,124.938,124.974,1760.6
2026-01-01 02:15:00+00:00,124.974,125.036,124.9,124.931,5031.5
2026-01-01 02:20:00+00:00,124.931,124.981,124.863,124.914,3656.9
2026-01-01 02:25:00+00:00,124.914,124.914,124.727,124.811,7237.8
2026-01-01 02:30:00+00:00,124.811,125.016,124.787,124.814,29171.0
2026-01-01 02:35:00+00:00,124.814,125.037,124.771,125.037,4424.4
2026-01-01 02:40:00+00:00,125.037,125.173,124.985,124.999,7177.6
2026-01-01 02:45:00+00:00,124.999,125.026,124.957,124.991,2316.0
2026-01-01 02:50:00+00:00,124.991,125.054,124.983,125.018,1966.6
2026-01-01 02:55:00+00:00,125.018,125.166,125.017,125.127,7200.0
2026-01-01 03:00:00+00:00,125.127,125.219,125.086,125.195,7366.5
2026-01-01 03:05:00+00:00,125.195,125.195,125.073,125.138,1869.7
2026-01-01 03:10:00+00:00,125.138,125.221,125.128,125.204,1155.5
2026-01-01 03:15:00+00:00,125.204,125.284,125.149,125.273,2292.3
2026-01-01 03:20:00+00:00,125.273,125.275,125.122,125.158,3833.2
2026-01-01 03:25:00+00:00,125.158,125.166,125.106,125.157,801.8
2026-01-01 03:30:00+00:00,125.157,125.237,125.034,125.237,1086.0
2026-01-01 03:35:00+00:00,125.237,125.274,125.198,125.233,1346.8
2026-01-01 03:40:00+00:00,125.233,125.352,125.233,125.352,1471.2
2026-01-01 03:45:00+00:00,125.352,125.352,125.238,125.28,1820.1
2026-01-01 03:50:00+00:00,125.28,125.288,125.135,125.143,10945.2
2026-01-01 03:55:00+00:00,125.143,125.161,124.942,125.145,9889.8
2026-01-01 04:00:00+00:00,125.145,125.145,125.042,125.105,4483.6
2026-01-01 04:05:00+00:00,125.105,125.202,124.985,124.99,2844.2
2026-01-01 04:10:00+00:00,124.99,125.05,124.914,124.944,3929.8
2026-01-01 04:15:00+00:00,124.944,124.979,124.833,124.886,6089.7
2026-01-01 04:20:00+00:00,124.886,125.086,124.872,124.977,9492.8
2026-01-01 04:25:00+00:00,124.977,125.119,124.965,125.047,3064.3
2026-01-01 04:30:00+00:00,125.047,125.088,124.968,124.969,3183.1
2026-01-01 04:35:00+00:00,124.969,125.059,124.913,124.961,5835.2
2026-01-01 04:40:00+00:00,124.961,125.029,124.709,124.743,9073.1
2026-01-01 04:45:00+00:00,124.743,124.949,124.74,124.884,5490.1
2026-01-01 04:50:00+00:00,124.884,124.884,124.818,124.874,1573.9
2026-01-01 04:55:00+00:00,124.874,124.923,124.866,124.895,1618.6
2026-01-01 05:00:00+00:00,124.895,124.96,124.895,124.933,1373.8
2026-01-01 05:05:00+00:00,124.933,125.049,124.933,124.996,1383.6
2026-01-01 05:10:00+00:00,124.996,125.01,124.933,124.956,1238.6
2026-01-01 05:15:00+00:00,124.956,125.011,124.939,124.97,1127.6
2026-01-01 05:20:00+00:00,124.97,125.008,124.901,124.966,2995.6
2026-01-01 05:25:00+00:00,124.966,125.052,124.913,125.028,3787.8
2026-01-01 05:30:00+00:00,125.028,125.191,124.929,125.148,16776.4
2026-01-01 05:35:00+00:00,125.148,125.216,125.071,125.073,3146.2
2026-01-01 05:40:00+00:00,125.073,125.175,125.057,125.168,1060.7
2026-01-01 05:45:00+00:00,125.168,125.203,125.118,125.135,5268.3
2026-01-01 05:50:00+00:00,125.135,125.202,125.135,125.185,770.8
2026-01-01 05:55:00+00:00,125.185,125.235,125.147,125.22,1399.1
2026-01-01 06:00:00+00:00,125.22,125.249,125.12,125.198,1808.8
2026-01-01 06:05:00+00:00,125.198,125.198,125.063,125.064,1685.1
2026-01-01 06:10:00+00:00,125.064,125.149,125.04,125.144,2401.8
2026-01-01 06:15:00+00:00,125.144,125.162,125.056,125.062,1411.2
2026-01-01 06:20:00+00:00,125.062,125.071,125.038,125.05,1716.6
2026-01-01 06:25:00+00:00,125.05,125.06,124.968,125.024,1726.5
2026-01-01 06:30:00+00:00,125.024,125.024,124.944,124.985,1415.4
2026-01-01 06:35:00+00:00,124.985,124.987,124.926,124.944,598.7
2026-01-01 06:40:00+00:00,124.944,124.987,124.917,124.917,8377.8
2026-01-01 06:45:00+00:00,124.917,124.945,124.897,124.914,2734.6
2026-01-01 06:50:00+00:00,124.914,124.947,124.853,124.872,2953.6
2026-01-01 06:55:00+00:00,124.872,124.888,124.808,124.812,2115.9
2026-01-01 07:00:00+00:00,124.812,124.883,124.807,124.857,1400.9
2026-01-01 07:05:00+00:00,124.857,124.938,124.857,124.899,2796.1
2026-01-01 07:10:00+00:00,124.899,124.899,124.753,124.804,5141.7
2026-01-01 07:15:00+00:00,124.804,124.848,124.721,124.721,4011.9
2026-01-01 07:20:00+00:00,124.721,124.721,124.57,124.661,19389.9
2026-01-01 07:25:00+00:00,124.661,124.666,124.443,124.469,8945.2
2026-01-01 07:30:00+00:00,124.469,124.668,124.469,124.615,7808.3
2026-01-01 07:35:00+00:00,124.615,124.625,124.497,124.547,4101.4
2026-01-01 07:40:00+00:00,124.547,124.548,124.454,124.489,2629.8
2026-01-01 07:45:00+00:00,124.489,124.497,124.257,124.333,7358.3
2026-01-01 07:50:00+00:00,124.333,124.399,124.288,124.301,10672.0
2026-01-01 07:55:00+00:00,124.301,124.307,124.179,124.199,9544.5
2026-01-01 08:00:00+00:00,124.199,124.318,124.1,124.249,16032.3
2026-01-01 08:05:00+00:00,124.249,124.46,124.229,124.387,7582.3
2026-01-01 08:10:00+00:00,124.387,124.409,124.3,124.325,3313.6
2026-01-01 08:15:00+00:00,124.325,124.543,124.325,124.513,12956.1
2026-01-01 08:20:00+00:00,124.513,124.524,124.495,124.514,1622.3
2026-01-01 08:25:00+00:00,124.514,124.54,124.493,124.506,1022.3
2026-01-01 08:30:00+00:00,124.506,124.601,124.506,124.556,11147.5
2026-01-01 08:35:00+00:00,124.556,124.605,124.51,124.548,3762.6
2026-01-01 08:40:00+00:00,124.548,124.609,124.517,124.547,3796.8
2026-01-01 08:45:00+00:00,124.547,124.68,124.547,124.561,2867.9
2026-01-01 08:50:00+00:00,124.561,124.572,124.508,124.515,2388.4
2026-01-01 08:55:00+00:00,124.515,124.654,124.514,124.638,1541.8
2026-01-01 09:00:00+00:00,124.638,124.762,124.609,124.749,6118.9
2026-01-01 09:05:00+00:00,124.749,124.894,124.689,124.703,5069.8
2026-01-01 09:10:00+00:00,124.703,124.71,124.554,124.609,8034.1
2026-01-01 09:15:00+00:00,124.609,124.88,124.609,124.868,5476.2
2026-01-01 09:20:00+00:00,124.868,124.91,124.823,124.893,5044.1
2026-01-01 09:25:00+00:00,124.893,124.893,124.758,124.836,4953.1
2026-01-01 09:30:00+00:00,124.836,124.913,124.825,124.913,1630.5
2026-01-01 09:35:00+00:00,124.913,125.032,124.876,125.011,10507.5
2026-01-01 09:40:00+00:00,125.011,125.017,124.958,125.001,3165.3
2026-01-01 09:45:00+00:00,125.001,125.037,124.969,124.998,3355.2
2026-01-01 09:50:00+00:00,124.998,125.042,124.868,124.927,7042.7
2026-01-01 09:55:00+00:00,124.927,125.011,124.833,124.965,8013.6
2026-01-01 10:00:00+00:00,124.965,125.144,124.949,125.144,4532.9
2026-01-01 10:05:00+00:00,125.144,125.16,125.088,125.139,4555.4
2026-01-01 10:10:00+00:00,125.139,125.22,125.137,125.164,5120.0
2026-01-01 10:15:00+00:00,125.164,125.181,125.07,125.136,3961.1
2026-01-01 10:20:00+00:00,125.136,125.136,124.951,125.015,3300.3
2026-01-01 10:25:00+00:00,125.015,125.107,125.015,125.077,1376.8
2026-01-01 10:30:00+00:00,125.077,125.163,125.077,125.153,1811.1
2026-01-01 10:35:00+00:00,125.153,125.192,125.069,125.07,6793.7
2026-01-01 10:40:00+00:00,125.07,125.07,124.959,124.989,3776.8
2026-01-01 10:45:00+00:00,124.989,124.99,124.887,124.898,1884.2
2026-01-01 10:50:00+00:00,124.898,124.979,124.897,124.97,5567.6
2026-01-01 10:55:00+00:00,124.97,124.974,124.944,124.964,1135.7
2026-01-01 11:00:00+00:00,124.964,125.021,124.956,125.016,2076.5
2026-01-01 11:05:00+00:00,125.016,125.028,124.983,124.997,3129.3
2026-01-01 11:10:00+00:00,124.997,125.122,124.997,125.016,2673.3
2026-01-01 11:15:00+00:00,125.016,125.157,124.808,124.835,3853.3
2026-01-04 06:00:00+00:00,134.469,134.535,134.374,134.386,6555.4
2026-01-04 06:05:00+00:00,134.386,134.767,134.288,134.557,13353.9
2026-01-04 06:10:00+00:00,134.557,134.697,134.439,134.497,6021.3
2026-01-04 06:15:00+00:00,134.497,134.546,134.215,134.522,3808.1
2026-01-04 06:20:00+00:00,134.522,134.95,134.49,134.621,50241.8
2026-01-04 06:25:00+00:00,134.621,134.628,134.341,134.342,11302.7
2026-01-04 06:30:00+00:00,134.342,134.518,134.231,134.285,5353.5
2026-01-04 06:35:00+00:00,134.285,134.386,134.198,134.198,5178.6
2026-01-04 06:40:00+00:00,134.198,134.198,133.672,133.816,32388.1
2026-01-04 06:45:00+00:00,133.816,133.977,133.602,133.676,17249.4
2026-01-04 06:50:00+00:00,133.676,133.913,133.676,133.894,5848.6
2026-01-04 06:55:00+00:00,133.894,133.895,133.663,133.687,12809.5
2026-01-04 07:00:00+00:00,133.687,133.889,133.606,133.759,9907.5
2026-01-04 07:05:00+00:00,133.759,133.902,133.668,133.837,3743.7
2026-01-04 07:10:00+00:00,133.837,133.944,133.83,133.845,1875.8
2026-01-04 07:15:00+00:00,133.845,133.896,133.714,133.896,4736.4
2026-01-04 07:20:00+00:00,133.896,133.896,133.745,133.745,10586.7
2026-01-04 07:25:00+00:00,133.745,133.835,133.609,133.815,9671.0
2026-01-04 07:30:00+00:00,133.815,133.885,133.7,133.739,3707.0
2026-01-04 07:35:00+00:00,133.739,133.959,133.707,133.854,2313.9
2026-01-04 07:40:00+00:00,133.854,134.067,133.818,134.027,3541.4
2026-01-04 07:45:00+00:00,134.027,134.067,133.932,133.973,2846.9
2026-01-04 07:50:00+00:00,133.973,134.085,133.855,133.855,6163.8
2026-01-04 07:55:00+00:00,133.855,133.893,133.733,133.757,4649.4
2026-01-04 08:00:00+00:00,133.757,133.841,133.123,133.246,52697.2
2026-01-04 08:05:00+00:00,133.246,133.507,133.246,133.478,12512.8
2026-01-04 08:10:00+00:00,133.478,133.528,133.387,133.467,5677.5
2026-01-04 08:15:00+00:00,133.467,133.635,133.357,133.518,9145.0
2026-01-04 08:20:00+00:00,133.518,133.632,133.403,133.403,2704.1
2026-01-04 08:25:00+00:00,133.403,133.451,133.211,133.42,7108.6
2026-01-04 08:30:00+00:00,133.42,133.569,133.401,133.518,3932.8
2026-01-04 08:35:00+00:00,133.518,133.832,133.518,133.639,12553.4
2026-01-04 08:40:00+00:00,133.639,134.005,133.606,133.973,14962.2
2026-01-04 08:45:00+00:00,133.973,133.985,133.853,133.943,5271.2
2026-01-04 08:50:00+00:00,133.943,134.048,133.874,133.917,3563.0
2026-01-04 08:55:00+00:00,133.917,134.111,133.911,134.043,3400.4
2026-01-04 09:00:00+00:00,134.043,134.162,133.904,133.919,4192.4
2026-01-04 09:05:00+00:00,133.919,133.983,133.779,133.978,7693.0
2026-01-04 09:10:00+00:00,133.978,133.994,133.897,133.993,1699.1
2026-01-04 09:15:00+00:00,133.993,134.2,133.965,134.194,7098.0
2026-01-04 09:20:00+00:00,134.194,134.373,133.885,133.886,11612.0
2026-01-04 09:25:00+00:00,133.886,133.97,133.842,133.917,3143.7
2026-01-04 09:30:00+00:00,133.917,134.145,133.917,134.093,3730.8
2026-01-04 09:35:00+00:00,134.093,134.305,134.037,134.304,5269.2
2026-01-04 09:40:00+00:00,134.304,134.359,134.147,134.223,3222.8
2026-01-04 09:45:00+00:00,134.223,134.296,134.14,134.237,2099.2
2026-01-04 09:50:00+00:00,134.237,134.407,134.121,134.194,7757.9
2026-01-04 09:55:00+00:00,134.194,134.494,133.936,134.25,18541.5
2026-01-04 10:00:00+00:00,134.25,134.498,134.216,134.422,17906.7
2026-01-04 10:05:00+00:00,134.422,134.65,134.407,134.506,20195.8
2026-01-04 10:10:00+00:00,134.506,134.565,134.416,134.49,4903.9
2026-01-04 10:15:00+00:00,134.49,134.528,134.348,134.416,6328.0
2026-01-04 10:20:00+00:00,134.416,134.416,134.267,134.293,5770.8
2026-01-04 10:25:00+00:00,134.293,134.318,134.155,134.288,5806.0
2026-01-04 10:30:00+00:00,134.288,134.441,134.237,134.333,3057.5
2026-01-04 10:35:00+00:00,134.333,134.41,134.222,134.359,4506.9
2026-01-04 10:40:00+00:00,134.359,134.475,134.344,134.474,3948.2
2026-01-04 10:45:00+00:00,134.474,134.813,134.398,134.623,23307.3
2026-01-04 10:50:00+00:00,134.623,134.756,134.598,134.63,5622.6
2026-01-04 10:55:00+00:00,134.63,134.705,134.559,134.607,6355.6
2026-01-04 11:00:00+00:00,134.607,134.607,134.337,134.414,8908.5
2026-01-04 11:05:00+00:00,134.414,134.509,134.349,134.364,8500.7
2026-01-04 11:10:00+00:00,134.364,134.613,134.364,134.408,4853.7
2026-01-04 11:15:00+00:00,134.408,134.559,134.33,134.47,6693.6
2026-01-04 11:20:00+00:00,134.47,134.599,134.423,134.517,2628.4
2026-01-04 11:25:00+00:00,134.517,134.527,134.385,134.434,2407.1
2026-01-04 11:30:00+00:00,134.434,134.512,134.355,134.369,2288.6
2026-01-04 11:35:00+00:00,134.369,134.452,134.251,134.31,3154.0
2026-01-04 11:40:00+00:00,134.31,134.439,134.286,134.402,3118.6
2026-01-04 11:45:00+00:00,134.402,134.403,134.297,134.297,2174.7
2026-01-04 11:50:00+00:00,134.297,134.297,134.1,134.27,10539.9
2026-01-04 11:55:00+00:00,134.27,134.385,134.27,134.322,4661.2
2026-01-04 12:00:00+00:00,134.322,134.45,134.27,134.418,8342.8
2026-01-04 12:05:00+00:00,134.418,134.443,134.2,134.201,6097.7
2026-01-04 12:10:00+00:00,134.201,134.357,134.128,134.35,9980.2
2026-01-04 12:15:00+00:00,134.35,134.535,134.281,134.512,7195.2
2026-01-04 12:20:00+00:00,134.512,134.68,134.507,134.636,14818.4
2026-01-04 12:25:00+00:00,134.636,134.76,134.625,134.665,24464.4
2026-01-04 12:30:00+00:00,134.665,134.829,134.518,134.576,14646.4
2026-01-04 12:35:00+00:00,134.576,134.582,134.337,134.37,12812.7
2026-01-04 12:40:00+00:00,134.37,134.415,134.15,134.15,8290.1
2026-01-04 12:45:00+00:00,134.15,134.318,134.14,134.248,7720.8
2026-01-04 12:50:00+00:00,134.248,134.308,134.187,134.299,6843.9
2026-01-04 12:55:00+00:00,134.299,134.302,134.214,134.273,4122.8
2026-01-04 13:00:00+00:00,134.273,134.273,134.1,134.197,17458.3
2026-01-04 13:05:00+00:00,134.197,134.278,134.022,134.2,7103.2
2026-01-04 13:10:00+00:00,134.2,134.284,134.18,134.211,4107.0
2026-01-04 13:15:00+00:00,134.211,134.211,133.84,133.84,20289.7
2026-01-04 13:20:00+00:00,133.84,133.953,133.66,133.92,11498.9
2026-01-04 13:25:00+00:00,133.92,134.082,133.92,133.953,7520.7
2026-01-04 13:30:00+00:00,133.953,134.2,133.902,134.168,12200.9
2026-01-04 13:35:00+00:00,134.168,134.168,134.035,134.035,2358.8
2026-01-04 13:40:00+00:00,134.035,134.224,134.007,134.086,9269.3
2026-01-04 13:45:00+00:00,134.086,134.211,134.062,134.189,4294.7
2026-01-04 13:50:00+00:00,134.189,134.484,134.188,134.464,7419.2
2026-01-04 13:55:00+00:00,134.464,134.499,134.375,134.476,5119.7
2026-01-04 14:00:00+00:00,134.476,134.613,134.443,134.504,12907.7
2026-01-04 14:05:00+00:00,134.504,134.712,134.411,134.629,13560.7
2026-01-04 14:10:00+00:00,134.629,134.746,134.622,134.655,8026.9
2026-01-04 14:15:00+00:00,134.655,134.663,134.464,134.537,11347.3
2026-01-04 14:20:00+00:00,134.537,134.636,134.471,134.531,4795.3
2026-01-04 14:25:00+00:00,134.531,134.531,134.193,134.415,59858.5
2026-01-04 14:30:00+00:00,134.415,134.645,134.285,134.319,20905.8
2026-01-04 14:35:00+00:00,134.319,134.659,134.319,134.597,5295.7
2026-01-04 14:40:00+00:00,134.597,134.66,134.432,134.636,21205.3
2026-01-04 14:45:00+00:00,134.636,134.738,134.459,134.733,7994.3
2026-01-04 14:50:00+00:00,134.733,134.9,134.696,134.855,18874.9
2026-01-04 14:55:00+00:00,134.855,134.913,134.789,134.891,9619.2
2026-01-04 15:00:00+00:00,134.891,135.281,134.827,135.0,44393.3
2026-01-04 15:05:00+00:00,135.0,135.11,134.902,135.026,11413.0
2026-01-04 15:10:00+00:00,135.026,135.246,134.975,135.213,8945.3
2026-01-04 15:15:00+00:00,135.213,135.273,135.058,135.158,13520.7
2026-01-04 15:20:00+00:00,135.158,135.239,135.084,135.114,11497.9
2026-01-04 15:25:00+00:00,135.114,135.169,135.001,135.168,6910.7
2026-01-04 15:30:00+00:00,135.168,135.188,134.951,134.952,12006.6
2026-01-04 15:35:00+00:00,134.952,135.071,134.632,134.69,22837.7
2026-01-04 15:40:00+00:00,134.69,134.801,134.573,134.626,8677.1
2026-01-04 15:45:00+00:00,134.626,134.634,134.21,134.386,36074.3
2026-01-04 15:50:00+00:00,134.386,134.723,134.277,134.631,11644.6
2026-01-04 15:55:00+00:00,134.631,134.861,134.597,134.831,5069.8
2026-01-04 16:00:00+00:00,134.831,135.199,134.676,135.199,28693.6
2026-01-04 16:05:00+00:00,135.199,135.482,134.905,135.071,33968.2
2026-01-04 16:10:00+00:00,135.071,135.121,134.971,135.017,4442.3
2026-01-04 16:15:00+00:00,135.017,135.165,134.812,134.896,12528.9
2026-01-04 16:20:00+00:00,134.896,135.181,134.831,135.039,12220.9
2026-01-04 16:25:00+00:00,135.039,135.039,134.758,134.838,3057.9
2026-01-04 16:30:00+00:00,134.838,135.294,134.739,135.249,7683.4
2026-01-04 16:35:00+00:00,135.249,135.299,134.994,135.055,21656.4
2026-01-04 16:40:00+00:00,135.055,135.059,134.925,134.996,4033.6
2026-01-04 16:45:00+00:00,134.996,135.164,134.963,135.024,7460.7
2026-01-04 16:50:00+00:00,135.024,135.055,134.936,135.04,4344.5
2026-01-04 16:55:00+00:00,135.04,135.1,134.946,135.052,4526.3
2026-01-04 17:00:00+00:00,135.052,135.233,134.94,135.014,3807.5
2026-01-04 17:05:00+00:00,135.014,135.143,134.982,135.014,3697.5
2026-01-04 17:10:00+00:00,135.014,135.142,134.866,134.925,7040.6
2026-01-04 17:15:00+00:00,134.925,135.269,134.881,135.134,6191.3
2026-01-04 17:20:00+00:00,135.134,135.3,134.995,135.143,2219.0
2026-01-04 17:25:00+00:00,135.143,135.167,134.949,135.051,2739.5
2026-01-04 17:30:00+00:00,135.051,135.153,135.014,135.124,2712.4
2026-01-04 17:35:00+00:00,135.124,135.196,135.047,135.082,3721.4
2026-01-04 17:40:00+00:00,135.082,135.092,134.88,134.894,11387.9
2026-01-04 17:45:00+00:00,134.894,135.057,134.893,135.016,3649.7
2026-01-04 17:50:00+00:00,135.016,135.11,134.817,134.833,4742.5
2026-01-04 17:55:00+00:00,134.833,134.834,134.736,134.771,3017.5
2026-01-04 18:00:00+00:00,134.771,134.818,134.545,134.587,9894.0
2026-01-04 18:05:00+00:00,134.587,134.674,134.455,134.552,7913.3
2026-01-04 18:10:00+00:00,134.552,134.552,134.351,134.43,8026.6
2026-01-04 18:15:00+00:00,134.43,134.468,134.109,134.179,23799.0
2026-01-04 18:20:00+00:00,134.179,134.235,133.94,134.169,16825.7
2026-01-04 18:25:00+00:00,134.169,134.224,134.018,134.071,11727.4
2026-01-04 18:30:00+00:00,134.071,134.17,133.833,134.059,21201.7
2026-01-04 18:35:00+00:00,134.059,134.059,133.61,133.948,23382.0
2026-01-04 18:40:00+00:00,133.948,134.237,133.816,134.222,13505.6
2026-01-04 18:45:00+00:00,134.222,134.25,133.98,134.084,7750.2
2026-01-04 18:50:00+00:00,134.084,134.182,134.015,134.036,3038.2
2026-01-04 18:55:00+00:00,134.036,134.243,133.973,134.142,5591.3
2026-01-04 19:00:00+00:00,134.142,134.142,133.476,133.549,37547.9
2026-01-04 19:05:00+00:00,133.549,133.549,133.037,133.18,72032.5
2026-01-04 19:10:00+00:00,133.18,133.328,133.049,133.305,26354.1
2026-01-04 19:15:00+00:00,133.305,133.387,133.113,133.232,10712.3
2026-01-04 19:20:00+00:00,133.232,133.611,133.231,133.467,23883.5
2026-01-04 19:25:00+00:00,133.467,133.559,133.401,133.48,8993.0
2026-01-04 19:30:00+00:00,133.48,133.693,133.47,133.613,4614.5
2026-01-04 19:35:00+00:00,133.613,133.775,133.469,133.5,7253.3
2026-01-04 19:40:00+00:00,133.5,133.501,133.293,133.318,9232.1
2026-01-04 19:45:00+00:00,133.318,133.487,133.318,133.445,1453.5
2026-01-04 19:50:00+00:00,133.445,133.445,133.296,133.369,3256.0
2026-01-04 19:55:00+00:00,133.369,133.55,133.369,133.511,4281.5
2026-01-04 20:00:00+00:00,133.511,133.546,133.335,133.438,7931.4
2026-01-04 20:05:00+00:00,133.438,133.738,133.42,133.699,5323.6
2026-01-04 20:10:00+00:00,133.699,134.01,133.699,133.909,12205.6
2026-01-04 20:15:00+00:00,133.909,133.949,133.776,133.776,4830.4
2026-01-04 20:20:00+00:00,133.776,133.811,133.653,133.805,1443.4
2026-01-04 20:25:00+00:00,133.805,134.094,133.804,134.025,29362.0
2026-01-04 20:30:00+00:00,134.025,134.026,133.862,133.869,4793.9
2026-01-04 20:35:00+00:00,133.869,134.009,133.863,133.93,4463.2
2026-01-04 20:40:00+00:00,133.93,134.065,133.916,133.921,2786.3
2026-01-04 20:45:00+00:00,133.921,134.022,133.862,134.014,1075.8
2026-01-04 20:50:00+00:00,134.014,134.186,134.014,134.152,4461.3
2026-01-04 20:55:00+00:00,134.152,134.158,133.931,133.99,4953.2
2026-01-04 21:00:00+00:00,133.99,134.042,133.773,133.987,7574.9
2026-01-04 21:05:00+00:00,133.987,134.25,133.962,134.153,5199.7
2026-01-04 21:10:00+00:00,134.153,134.52,134.129,134.276,43845.4
2026-01-04 21:15:00+00:00,134.276,134.383,134.236,134.312,5558.8
2026-01-04 21:20:00+00:00,134.312,134.378,134.22,134.229,4629.2
2026-01-04 21:25:00+00:00,134.229,134.321,133.987,133.988,4933.4
2026-01-04 21:30:00+00:00,133.988,134.119,133.907,134.079,4043.0
2026-01-04 21:35:00+00:00,134.079,134.1,133.832,133.832,4418.0
2026-01-04 21:40:00+00:00,133.832,133.832,133.648,133.684,6914.8
2026-01-04 21:45:00+00:00,133.684,133.858,133.64,133.719,8271.6
2026-01-04 21:50:00+00:00,133.719,133.973,133.717,133.892,6078.0
2026-01-04 21:55:00+00:00,133.892,133.903,133.806,133.874,1227.1
2026-01-04 22:00:00+00:00,133.874,134.242,133.763,134.241,3828.1
2026-01-04 22:05:00+00:00,134.241,134.393,134.076,134.247,10991.2
2026-01-04 22:10:00+00:00,134.247,134.368,133.913,134.051,10721.6
2026-01-04 22:15:00+00:00,134.051,134.091,133.81,134.031,5993.3
2026-01-04 22:20:00+00:00,134.031,134.147,133.976,134.0,1876.9
2026-01-04 22:25:00+00:00,134.0,134.12,133.956,134.085,1072.5
2026-01-04 22:30:00+00:00,134.085,134.146,134.006,134.028,1741.5
2026-01-04 22:35:00+00:00,134.028,134.028,133.8,133.829,2354.3
2026-01-07 17:20:00+00:00,136.054,136.389,136.031,136.22,9643.3
2026-01-07 17:25:00+00:00,136.22,136.296,136.08,136.225,3689.1
2026-01-07 17:30:00+00:00,136.225,136.463,136.157,136.33,15264.2
2026-01-07 17:35:00+00:00,136.33,136.411,136.107,136.277,3236.9
2026-01-07 17:40:00+00:00,136.277,136.278,135.743,136.018,21187.7
2026-01-07 17:45:00+00:00,136.018,136.084,135.803,135.803,9575.5
2026-01-07 17:50:00+00:00,135.803,135.803,135.334,135.528,13262.4
2026-01-07 17:55:00+00:00,135.528,135.734,135.471,135.522,7906.8
2026-01-07 18:00:00+00:00,135.522,135.532,135.277,135.353,4801.6
2026-01-07 18:05:00+00:00,135.353,135.439,134.748,135.388,55815.8
2026-01-07 18:10:00+00:00,135.388,135.396,135.094,135.26,7073.1
2026-01-07 18:15:00+00:00,135.26,135.281,135.03,135.244,6390.3
2026-01-07 18:20:00+00:00,135.244,135.352,135.1,135.127,4016.0
2026-01-07 18:25:00+00:00,135.127,135.5,134.644,135.353,44325.0
2026-01-07 18:30:00+00:00,135.353,135.866,135.353,135.747,31984.5
2026-01-07 18:35:00+00:00,135.747,135.795,135.475,135.694,6175.4
2026-01-07 18:40:00+00:00,135.694,135.76,135.389,135.389,7228.2
2026-01-07 18:45:00+00:00,135.389,135.727,135.25,135.695,23368.9
2026-01-07 18:50:00+00:00,135.695,135.72,135.211,135.267,6489.5
2026-01-07 18:55:00+00:00,135.267,135.357,134.87,135.191,18665.7
2026-01-07 19:00:00+00:00,135.191,135.484,135.089,135.481,8944.3
2026-01-07 19:05:00+00:00,135.481,135.5,134.921,134.957,7333.1
2026-01-07 19:10:00+00:00,134.957,135.045,134.719,134.775,9338.6
2026-01-07 19:15:00+00:00,134.775,134.899,134.346,134.864,50122.1
2026-01-07 19:20:00+00:00,134.864,134.96,134.69,134.698,9600.9
2026-01-07 19:25:00+00:00,134.698,134.958,134.639,134.933,4673.7
2026-01-07 19:30:00+00:00,134.933,135.58,134.932,135.363,12603.0
2026-01-07 19:35:00+00:00,135.363,135.689,135.34,135.62,7937.1
2026-01-07 19:40:00+00:00,135.62,135.62,135.366,135.489,2957.3
2026-01-07 19:45:00+00:00,135.489,135.71,135.488,135.67,4190.3
2026-01-07 19:50:00+00:00,135.67,135.972,135.648,135.658,10689.2
2026-01-07 19:55:00+00:00,135.658,135.814,135.634,135.702,4729.8
2026-01-07 20:00:00+00:00,135.702,135.971,135.671,135.818,4345.1
2026-01-07 20:05:00+00:00,135.818,135.94,135.556,135.622,8801.6
2026-01-07 20:10:00+00:00,135.622,135.718,135.344,135.39,7604.2
2026-01-07 20:15:00+00:00,135.39,135.546,135.337,135.508,4153.4
2026-01-07 20:20:00+00:00,135.508,135.583,134.93,134.955,22567.6
2026-01-07 20:25:00+00:00,134.955,135.265,134.946,135.264,2474.6
2026-01-07 20:30:00+00:00,135.264,135.599,135.219,135.484,3591.2
2026-01-07 20:35:00+00:00,135.484,135.872,135.36,135.803,3521.3
2026-01-07 20:40:00+00:00,135.803,135.907,135.659,135.738,3899.9
2026-01-07 20:45:00+00:00,135.738,135.842,135.605,135.829,2588.1
2026-01-07 20:50:00+00:00,135.829,135.882,135.67,135.7,4747.6
2026-01-07 20:55:00+00:00,135.7,135.896,135.62,135.736,7641.8
2026-01-07 21:00:00+00:00,135.736,135.87,135.618,135.774,7360.3
2026-01-07 21:05:00+00:00,135.774,135.962,135.708,135.933,2144.5
2026-01-07 21:10:00+00:00,135.933,136.143,135.8,136.125,6702.0
2026-01-07 21:15:00+00:00,136.125,136.283,136.064,136.25,6451.3
2026-01-07 21:20:00+00:00,136.25,136.251,136.006,136.182,6314.8
2026-01-07 21:25:00+00:00,136.182,136.221,136.122,136.209,3101.2
2026-01-07 21:30:00+00:00,136.209,136.299,136.13,136.276,5414.1
2026-01-07 21:35:00+00:00,136.276,136.3,136.036,136.069,4481.2
2026-01-07 21:40:00+00:00,136.069,136.205,136.069,136.092,1481.2
2026-01-07 21:45:00+00:00,136.092,136.17,135.962,136.169,3607.4
2026-01-07 21:50:00+00:00,136.169,136.17,136.045,136.07,2559.3
2026-01-07 21:55:00+00:00,136.07,136.201,136.07,136.131,3584.0
2026-01-07 22:00:00+00:00,136.131,136.131,135.821,135.858,9367.3
2026-01-07 22:05:00+00:00,135.858,136.055,135.842,135.964,4049.0
2026-01-07 22:10:00+00:00,135.964,135.964,135.668,135.819,7652.2
2026-01-07 22:15:00+00:00,135.819,135.976,135.749,135.97,2135.5
2026-01-07 22:20:00+00:00,135.97,136.171,135.94,136.128,7214.8
2026-01-07 22:25:00+00:00,136.128,136.227,136.073,136.18,7886.7
2026-01-07 22:30:00+00:00,136.18,136.76,136.18,136.451,29348.8
2026-01-07 22:35:00+00:00,136.451,136.566,136.306,136.322,5741.8
2026-01-07 22:40:00+00:00,136.322,136.374,136.249,136.311,3851.9
2026-01-07 22:45:00+00:00,136.311,136.44,136.172,136.172,1596.9
2026-01-07 22:50:00+00:00,136.172,136.468,135.967,136.41,8014.5
2026-01-07 22:55:00+00:00,136.41,136.454,136.33,136.419,1925.1
2026-01-07 23:00:00+00:00,136.419,136.419,135.772,135.779,8967.7
2026-01-07 23:05:00+00:00,135.779,136.008,135.779,135.818,3023.1
2026-01-07 23:10:00+00:00,135.818,136.517,135.818,136.472,11692.8
2026-01-07 23:15:00+00:00,136.472,136.79,136.453,136.681,19428.7
2026-01-07 23:20:00+00:00,136.681,136.933,136.5,136.791,23699.2
2026-01-07 23:25:00+00:00,136.791,136.982,136.585,136.809,13597.9
2026-01-07 23:30:00+00:00,136.809,136.811,136.502,136.502,6810.3
2026-01-07 23:35:00+00:00,136.502,136.992,136.33,136.591,10924.3
2026-01-07 23:40:00+00:00,136.591,136.613,136.45,136.472,1651.7
2026-01-07 23:45:00+00:00,136.472,136.472,136.269,136.335,1707.4
2026-01-07 23:50:00+00:00,136.335,136.413,136.265,136.397,2105.5
2026-01-07 23:55:00+00:00,136.397,136.449,136.326,136.335,1753.7
2026-01-08 00:00:00+00:00,136.335,136.524,136.138,136.213,7628.5
2026-01-08 00:05:00+00:00,136.213,136.317,136.141,136.283,6116.3
2026-01-08 00:10:00+00:00,136.283,136.284,136.078,136.13,2771.1
2026-01-08 00:15:00+00:00,136.13,136.395,135.966,136.109,13019.4
2026-01-08 00:20:00+00:00,136.109,136.292,135.934,136.291,7132.8
2026-01-08 00:25:00+00:00,136.291,136.3,136.095,136.188,1729.5
2026-01-08 00:30:00+00:00,136.188,136.283,136.045,136.13,5190.4
2026-01-08 00:35:00+00:00,136.13,136.264,136.031,136.257,2434.4
2026-01-08 00:40:00+00:00,136.257,136.388,136.245,136.38,6585.5
2026-01-08 00:45:00+00:00,136.38,136.86,136.38,136.702,35873.2
2026-01-08 00:50:00+00:00,136.702,136.866,136.636,136.851,6106.3
2026-01-08 00:55:00+00:00,136.851,136.89,136.705,136.762,4523.0
2026-01-08 01:00:00+00:00,136.762,136.889,136.621,136.79,2894.3
2026-01-08 01:05:00+00:00,136.79,136.882,136.765,136.857,2345.6
2026-01-08 01:10:00+00:00,136.857,137.097,136.845,136.949,24225.3
2026-01-08 01:15:00+00:00,136.949,136.95,136.629,136.803,14437.3
2026-01-08 01:20:00+00:00,136.803,137.131,136.777,137.119,10865.6
2026-01-08 01:25:00+00:00,137.119,137.338,136.927,137.177,32220.9
2026-01-08 01:30:00+00:00,137.177,137.177,136.899,136.934,10020.2
2026-01-08 01:35:00+00:00,136.934,136.971,136.852,136.93,5774.7
2026-01-08 01:40:00+00:00,136.93,137.018,136.865,136.886,4195.7
2026-01-08 01:45:00+00:00,136.886,136.981,136.754,136.877,2462.0
2026-01-08 01:50:00+00:00,136.877,136.884,136.733,136.758,2676.6
2026-01-08 01:55:00+00:00,136.758,136.848,136.743,136.757,2391.6
2026-01-08 02:00:00+00:00,136.757,136.841,136.531,136.614,8098.5
2026-01-08 02:05:00+00:00,136.614,137.086,136.553,136.926,17269.2
2026-01-08 02:10:00+00:00,136.926,137.706,136.85,137.602,48690.3
2026-01-08 02:15:00+00:00,137.602,137.949,137.226,137.85,33673.4
2026-01-08 02:20:00+00:00,137.85,137.891,137.199,137.2,28960.1
2026-01-08 02:25:00+00:00,137.2,137.75,137.13,137.688,67493.2
2026-01-08 02:30:00+00:00,137.688,137.699,137.171,137.291,10327.8
2026-01-08 02:35:00+00:00,137.291,137.292,136.836,137.056,14110.8
2026-01-08 02:40:00+00:00,137.056,137.641,136.921,137.632,16054.1
2026-01-08 02:45:00+00:00,137.632,137.727,136.939,137.483,41786.7
2026-01-08 02:50:00+00:00,137.483,137.799,137.459,137.493,10832.4
2026-01-08 02:55:00+00:00,137.493,137.915,137.291,137.857,22714.6
2026-01-08 03:00:00+00:00,137.857,137.928,137.5,137.918,14056.9
2026-01-08 03:05:00+00:00,137.918,138.261,137.798,137.871,26419.4
2026-01-08 03:10:00+00:00,137.871,137.872,137.604,137.639,4710.0
2026-01-08 03:15:00+00:00,137.639,137.749,137.48,137.562,3310.1
2026-01-08 03:20:00+00:00,137.562,137.601,137.351,137.351,6429.2
2026-01-08 03:25:00+00:00,137.351,137.386,137.002,137.064,9222.2
2026-01-08 03:30:00+00:00,137.064,137.415,137.063,137.32,7144.9
2026-01-08 03:35:00+00:00,137.32,137.529,137.227,137.471,4600.3
2026-01-08 03:40:00+00:00,137.471,137.544,136.696,136.948,16002.0
2026-01-08 03:45:00+00:00,136.948,136.987,136.509,136.845,12332.3
2026-01-08 03:50:00+00:00,136.845,137.0,136.617,136.661,9159.2
2026-01-08 03:55:00+00:00,136.661,136.753,136.575,136.689,4468.5
2026-01-08 04:00:00+00:00,136.689,136.946,136.608,136.774,3537.1
2026-01-08 04:05:00+00:00,136.774,136.864,136.366,136.368,13733.4
2026-01-08 04:10:00+00:00,136.368,136.753,136.368,136.752,7250.0
2026-01-08 04:15:00+00:00,136.752,136.877,136.694,136.863,10705.6
2026-01-08 04:20:00+00:00,136.863,137.178,136.798,137.123,7719.2
2026-01-08 04:25:00+00:00,137.123,137.85,137.123,137.809,36659.1
2026-01-08 04:30:00+00:00,137.809,138.2,137.809,138.024,45976.0
2026-01-08 04:35:00+00:00,138.024,138.25,137.863,137.966,16545.7
2026-01-08 04:40:00+00:00,137.966,138.024,137.703,137.762,11138.6
2026-01-08 04:45:00+00:00,137.762,137.977,137.719,137.773,5407.2
2026-01-08 04:50:00+00:00,137.773,137.881,137.583,137.587,22579.7
2026-01-08 04:55:00+00:00,137.587,137.738,137.491,137.581,18316.5
2026-01-08 05:00:00+00:00,137.581,137.928,137.487,137.898,18282.8
2026-01-08 05:05:00+00:00,137.898,138.0,137.782,137.849,9118.4
2026-01-08 05:10:00+00:00,137.849,137.869,137.652,137.749,6200.2
2026-01-08 05:15:00+00:00,137.749,137.876,137.639,137.707,8771.9
2026-01-08 05:20:00+00:00,137.707,137.876,137.4,137.473,19565.3
2026-01-08 05:25:00+00:00,137.473,137.473,137.12,137.182,21760.7
2026-01-08 05:30:00+00:00,137.182,137.268,137.1,137.158,6086.3
2026-01-08 05:35:00+00:00,137.158,137.249,137.038,137.238,6168.2
2026-01-08 05:40:00+00:00,137.238,137.249,136.695,136.748,10265.6
2026-01-08 05:45:00+00:00,136.748,136.864,136.529,136.665,6692.6
2026-01-08 05:50:00+00:00,136.665,136.736,136.484,136.573,6947.1
2026-01-08 05:55:00+00:00,136.573,136.588,136.434,136.557,3430.7
2026-01-08 06:00:00+00:00,136.557,136.689,136.262,136.292,12837.8
2026-01-08 06:05:00+00:00,136.292,136.318,135.748,136.088,41204.3
2026-01-08 06:10:00+00:00,136.088,136.179,135.67,135.882,19146.1
2026-01-08 06:15:00+00:00,135.882,135.897,135.221,135.458,27548.1
2026-01-08 06:20:00+00:00,135.458,135.842,134.875,134.892,30055.6
2026-01-08 06:25:00+00:00,134.892,135.203,134.711,135.011,19643.3
2026-01-08 06:30:00+00:00,135.011,135.224,134.888,135.173,11463.6
2026-01-08 06:35:00+00:00,135.173,135.51,135.023,135.347,10342.1
2026-01-08 06:40:00+00:00,135.347,135.487,135.29,135.333,8629.8
2026-01-08 06:45:00+00:00,135.333,135.499,135.29,135.302,11574.0
2026-01-08 06:50:00+00:00,135.302,135.484,135.048,135.101,18550.1
2026-01-08 06:55:00+00:00,135.101,135.25,134.645,134.767,26137.0
2026-01-08 07:00:00+00:00,134.767,135.0,133.693,134.557,111405.3
2026-01-08 07:05:00+00:00,134.557,134.96,134.347,134.825,33282.1
2026-01-08 07:10:00+00:00,134.825,135.267,134.814,135.22,15847.3
2026-01-08 07:15:00+00:00,135.22,135.411,135.054,135.241,9065.7
2026-01-08 07:20:00+00:00,135.241,135.498,135.1,135.444,13524.4
2026-01-08 07:25:00+00:00,135.444,135.778,135.322,135.469,25629.6
2026-01-08 07:30:00+00:00,135.469,135.73,135.344,135.557,9933.3
2026-01-08 07:35:00+00:00,135.557,135.66,135.362,135.467,21082.0
2026-01-08 07:40:00+00:00,135.467,135.709,135.351,135.708,8854.0
2026-01-08 07:45:00+00:00,135.708,135.793,135.499,135.529,5439.0
2026-01-08 07:50:00+00:00,135.529,135.809,135.529,135.696,6233.1
2026-01-08 07:55:00+00:00,135.696,135.914,135.596,135.808,12438.9
2026-01-08 08:00:00+00:00,135.808,136.033,135.71,135.82,7400.1
2026-01-08 08:05:00+00:00,135.82,135.99,135.719,135.809,4167.3
2026-01-08 08:10:00+00:00,135.809,135.989,135.642,135.976,4275.3
2026-01-08 08:15:00+00:00,135.976,136.152,135.829,135.977,16599.6
2026-01-08 08:20:00+00:00,135.977,136.0,135.712,135.865,6351.4
2026-01-08 08:25:00+00:00,135.865,135.976,135.862,135.907,8746.5
2026-01-08 08:30:00+00:00,135.907,136.027,135.355,135.606,31344.4
2026-01-08 08:35:00+00:00,135.606,135.624,135.382,135.441,4772.5
2026-01-08 08:40:00+00:00,135.441,135.543,135.413,135.479,3942.2
2026-01-08 08:45:00+00:00,135.479,135.523,135.254,135.34,6801.8
2026-01-08 08:50:00+00:00,135.34,135.386,135.051,135.168,12443.1
2026-01-08 08:55:00+00:00,135.168,135.277,134.959,135.059,13770.7
2026-01-08 09:00:00+00:00,135.059,135.446,135.035,135.38,16312.5
2026-01-08 09:05:00+00:00,135.38,135.445,135.24,135.368,7468.6
2026-01-08 09:10:00+00:00,135.368,135.369,135.16,135.16,3101.9
2026-01-08 09:15:00+00:00,135.16,135.19,134.7,134.729,12263.6
2026-01-08 09:20:00+00:00,134.729,134.755,134.512,134.557,19214.2
2026-01-08 09:25:00+00:00,134.557,134.659,134.431,134.443,8460.3
2026-01-08 09:30:00+00:00,134.443,134.671,134.442,134.629,10384.3
2026-01-08 09:35:00+00:00,134.629,134.72,134.507,134.587,6596.9
2026-01-08 09:40:00+00:00,134.587,134.615,134.321,134.571,18377.4
2026-01-08 09:45:00+00:00,134.571,134.729,134.519,134.709,5578.7
2026-01-08 09:50:00+00:00,134.709,134.798,134.509,134.545,4508.5
2026-01-08 09:55:00+00:00,134.545,134.583,134.273,134.398,13661.3
2026-01-11 04:40:00+00:00,136.163,136.214,136.069,136.117,1111.8
2026-01-11 04:45:00+00:00,136.117,136.173,136.091,136.092,725.7
2026-01-11 04:50:00+00:00,136.092,136.164,136.092,136.164,1505.1
2026-01-11 04:55:00+00:00,136.164,136.176,136.141,136.16,1277.0
2026-01-11 05:00:00+00:00,136.16,136.161,136.046,136.074,1228.6
2026-01-11 05:05:00+00:00,136.074,136.077,136.051,136.075,1167.3
2026-01-11 05:10:00+00:00,136.075,136.094,136.031,136.031,897.0
2026-01-11 05:15:00+00:00,136.031,136.063,136.0,136.014,2182.9
2026-01-11 05:20:00+00:00,136.014,136.014,135.958,136.014,1019.1
2026-01-11 05:25:00+00:00,136.014,136.118,136.014,136.1,1104.6
2026-01-11 05:30:00+00:00,136.1,136.199,136.1,136.147,1629.7
2026-01-11 05:35:00+00:00,136.147,136.201,136.135,136.201,752.8
2026-01-11 05:40:00+00:00,136.201,136.24,136.12,136.14,2189.9
2026-01-11 05:45:00+00:00,136.14,136.364,136.045,136.247,19222.9
2026-01-11 05:50:00+00:00,136.247,136.348,136.12,136.344,14520.4
2026-01-11 05:55:00+00:00,136.344,136.344,136.235,136.239,1876.2
2026-01-11 06:00:00+00:00,136.239,136.32,136.178,136.287,2310.7
2026-01-11 06:05:00+00:00,136.287,136.319,136.157,136.304,13634.0
2026-01-11 06:10:00+00:00,136.304,136.347,136.246,136.261,8825.2
2026-01-11 06:15:00+00:00,136.261,136.267,136.002,136.006,2399.4
2026-01-11 06:20:00+00:00,136.006,136.027,135.85,136.018,9366.6
2026-01-11 06:25:00+00:00,136.018,136.081,135.938,135.938,4119.7
2026-01-11 06:30:00+00:00,135.938,136.008,135.916,135.976,3431.3
2026-01-11 06:35:00+00:00,135.976,136.021,135.951,136.01,1314.5
2026-01-11 06:40:00+00:00,136.01,136.03,135.963,135.963,1071.6
2026-01-11 06:45:00+00:00,135.963,136.027,135.956,136.001,739.4
2026-01-11 06:50:00+00:00,136.001,136.103,135.992,136.098,2289.2
2026-01-11 06:55:00+00:00,136.098,136.137,136.085,136.136,1949.2
2026-01-11 07:00:00+00:00,136.136,136.207,136.124,136.137,2401.0
2026-01-11 07:05:00+00:00,136.137,136.169,136.034,136.036,2884.2
2026-01-11 07:10:00+00:00,136.036,136.056,135.981,136.016,948.4
2026-01-11 07:15:00+00:00,136.016,136.069,135.957,135.957,1316.6
2026-01-11 07:20:00+00:00,135.957,136.048,135.95,136.048,1001.0
2026-01-11 07:25:00+00:00,136.048,136.085,135.988,136.052,816.0
2026-01-11 07:30:00+00:00,136.052,136.103,136.03,136.102,1035.9
2026-01-11 07:35:00+00:00,136.102,136.102,136.015,136.039,1646.5
2026-01-11 07:40:00+00:00,136.039,136.059,136.019,136.042,725.7
2026-01-11 07:45:00+00:00,136.042,136.111,136.024,136.111,1853.7
2026-01-11 07:50:00+00:00,136.111,136.122,136.073,136.113,696.4
2026-01-11 07:55:00+00:00,136.113,136.163,136.113,136.155,4663.6
2026-01-11 08:00:00+00:00,136.155,136.191,136.102,136.102,5270.4
2026-01-11 08:05:00+00:00,136.102,136.132,136.037,136.111,4587.6
2026-01-11 08:10:00+00:00,136.111,136.197,136.107,136.107,1158.7
2026-01-11 08:15:00+00:00,136.107,136.213,136.107,136.183,1415.8
2026-01-11 08:20:00+00:00,136.183,136.209,136.087,136.203,2177.0
2026-01-11 08:25:00+00:00,136.203,136.25,136.14,136.227,4888.6
2026-01-11 08:30:00+00:00,136.227,136.299,136.158,136.298,8822.7
2026-01-11 08:35:00+00:00,136.298,136.486,136.298,136.429,6625.1
2026-01-11 08:40:00+00:00,136.429,136.717,136.37,136.642,16057.5
2026-01-11 08:45:00+00:00,136.642,136.667,136.498,136.667,12712.9
2026-01-11 08:50:00+00:00,136.667,136.752,136.63,136.675,4239.3
2026-01-11 08:55:00+00:00,136.675,136.848,136.668,136.697,13818.3
2026-01-11 09:00:00+00:00,136.697,136.745,136.54,136.54,7373.9
2026-01-11 09:05:00+00:00,136.54,136.541,136.409,136.476,7667.4
2026-01-11 09:10:00+00:00,136.476,136.562,136.468,136.486,3413.1
2026-01-11 09:15:00+00:00,136.486,136.637,136.486,136.628,5408.9
2026-01-11 09:20:00+00:00,136.628,136.75,136.628,136.654,9762.4
2026-01-11 09:25:00+00:00,136.654,136.664,136.562,136.664,3523.6
2026-01-11 09:30:00+00:00,136.664,136.697,136.577,136.577,3119.0
2026-01-11 09:35:00+00:00,136.577,136.578,136.438,136.46,3876.4
2026-01-11 09:40:00+00:00,136.46,136.466,136.277,136.382,5811.6
2026-01-11 09:45:00+00:00,136.382,136.458,136.359,136.418,2947.4
2026-01-11 09:50:00+00:00,136.418,136.436,136.379,136.401,1582.6
2026-01-11 09:55:00+00:00,136.401,136.431,136.377,136.403,1478.4
2026-01-11 10:00:00+00:00,136.403,136.508,136.343,136.344,6538.3
2026-01-11 10:05:00+00:00,136.344,136.38,136.209,136.351,11259.9
2026-01-11 10:10:00+00:00,136.351,136.453,136.35,136.442,1184.0
2026-01-11 10:15:00+00:00,136.442,136.442,136.36,136.367,793.1
2026-01-11 10:20:00+00:00,136.367,136.414,136.334,136.334,2018.0
2026-01-11 10:25:00+00:00,136.334,136.377,136.333,136.377,465.5
2026-01-11 10:30:00+00:00,136.377,136.58,136.356,136.558,1494.4
2026-01-11 10:35:00+00:00,136.558,136.657,136.528,136.557,6798.3
2026-01-11 10:40:00+00:00,136.557,136.626,136.461,136.484,2830.2
2026-01-11 10:45:00+00:00,136.484,136.537,136.453,136.479,1008.4
2026-01-11 10:50:00+00:00,136.479,136.661,136.479,136.578,10573.3
2026-01-11 10:55:00+00:00,136.578,136.599,136.507,136.507,3687.8
2026-01-11 11:00:00+00:00,136.507,136.588,136.5,136.525,2574.4
2026-01-11 11:05:00+00:00,136.525,136.556,136.47,136.489,2259.3
2026-01-11 11:10:00+00:00,136.489,136.569,136.489,136.537,1571.9
2026-01-11 11:15:00+00:00,136.537,136.59,136.47,136.584,1653.7
2026-01-11 11:20:00+00:00,136.584,136.647,136.555,136.577,2928.9
2026-01-11 11:25:00+00:00,136.577,136.659,136.577,136.646,1012.6
2026-01-11 11:30:00+00:00,136.646,136.695,136.625,136.679,4136.0
2026-01-11 11:35:00+00:00,136.679,136.713,136.643,136.688,7909.8
2026-01-11 11:40:00+00:00,136.688,136.708,136.647,136.647,1022.0
2026-01-11 11:45:00+00:00,136.647,136.647,136.47,136.47,4358.8
2026-01-11 11:50:00+00:00,136.47,136.493,136.47,136.48,845.4
2026-01-11 11:55:00+00:00,136.48,136.513,136.427,136.505,4501.5
2026-01-11 12:00:00+00:00,136.505,136.533,136.443,136.513,1682.1
2026-01-11 12:05:00+00:00,136.513,136.542,136.459,136.459,2637.8
2026-01-11 12:10:00+00:00,136.459,136.572,136.459,136.572,660.3
2026-01-11 12:15:00+00:00,136.572,136.717,136.454,136.686,4331.9
2026-01-11 12:20:00+00:00,136.686,136.779,136.616,136.711,3980.7
2026-01-11 12:25:00+00:00,136.711,136.747,136.573,136.683,9542.8
2026-01-11 12:30:00+00:00,136.683,136.735,136.639,136.667,3603.0
2026-01-11 12:35:00+00:00,136.667,136.781,136.656,136.742,2702.8
2026-01-11 12:40:00+00:00,136.742,136.891,136.742,136.882,6787.8
2026-01-11 12:45:00+00:00,136.882,137.239,136.865,137.017,29980.8
2026-01-11 12:50:00+00:00,137.017,137.036,136.807,136.907,5705.2
2026-01-11 12:55:00+00:00,136.907,137.095,136.907,137.026,14007.6
2026-01-11 13:00:00+00:00,137.026,137.194,136.922,137.03,13881.6
2026-01-11 13:05:00+00:00,137.03,137.127,137.025,137.063,5260.6
2026-01-11 13:10:00+00:00,137.063,137.281,137.063,137.213,7326.5
2026-01-11 13:15:00+00:00,137.213,137.243,137.067,137.145,4320.6
2026-01-11 13:20:00+00:00,137.145,137.228,137.059,137.08,3925.6
2026-01-11 13:25:00+00:00,137.08,137.185,137.016,137.184,8917.5
2026-01-11 13:30:00+00:00,137.184,137.184,136.986,137.004,6626.3
2026-01-11 13:35:00+00:00,137.004,137.103,136.967,137.103,2347.6
2026-01-11 13:40:00+00:00,137.103,137.168,136.916,136.924,10355.6
2026-01-11 13:45:00+00:00,136.924,137.0,136.872,136.975,2991.5
2026-01-11 13:50:00+00:00,136.975,137.135,136.969,137.134,1885.4
2026-01-11 13:55:00+00:00,137.134,137.224,137.082,137.183,18392.3
2026-01-11 14:00:00+00:00,137.183,137.39,137.157,137.383,30632.8
2026-01-11 14:05:00+00:00,137.383,137.475,137.363,137.475,12121.2
2026-01-11 14:10:00+00:00,137.475,137.635,137.315,137.608,34247.1
2026-01-11 14:15:00+00:00,137.608,137.66,137.404,137.556,17531.7
2026-01-11 14:20:00+00:00,137.556,137.746,137.541,137.582,19071.3
2026-01-11 14:25:00+00:00,137.582,137.886,137.582,137.886,8263.6
2026-01-11 14:30:00+00:00,137.886,138.037,137.7,137.806,31088.3
2026-01-11 14:35:00+00:00,137.806,137.973,137.785,137.973,15108.5
2026-01-11 14:40:00+00:00,137.973,138.182,137.973,138.089,17729.9
2026-01-11 14:45:00+00:00,138.089,138.313,138.089,138.16,20076.1
2026-01-11 14:50:00+00:00,138.16,138.64,137.957,138.573,23576.5
2026-01-11 14:55:00+00:00,138.573,139.38,138.539,139.158,50448.9
2026-01-11 15:00:00+00:00,139.158,139.491,138.635,138.702,68368.6
2026-01-11 15:05:00+00:00,138.702,138.733,138.309,138.583,66424.4
2026-01-11 15:10:00+00:00,138.583,138.584,138.257,138.421,30219.6
2026-01-11 15:15:00+00:00,138.421,138.818,138.316,138.73,11507.5
2026-01-11 15:20:00+00:00,138.73,138.934,138.638,138.897,8473.6
2026-01-11 15:25:00+00:00,138.897,138.958,138.667,138.724,14416.3
2026-01-11 15:30:00+00:00,138.724,138.921,138.567,138.567,8179.4
2026-01-11 15:35:00+00:00,138.567,138.687,138.528,138.552,3902.8
2026-01-11 15:40:00+00:00,138.552,138.673,138.102,138.119,15697.7
2026-01-11 15:45:00+00:00,138.119,138.328,137.759,137.809,45896.8
2026-01-11 15:50:00+00:00,137.809,138.101,137.796,138.018,11801.2
2026-01-11 15:55:00+00:00,138.018,138.378,137.913,138.378,6831.9
2026-01-11 16:00:00+00:00,138.378,138.827,138.348,138.735,17683.8
2026-01-11 16:05:00+00:00,138.735,138.862,138.628,138.674,8677.7
2026-01-11 16:10:00+00:00,138.674,138.674,138.441,138.515,7049.7
2026-01-11 16:15:00+00:00,138.515,138.7,138.427,138.7,4024.9
2026-01-11 16:20:00+00:00,138.7,138.7,138.54,138.62,5728.1
2026-01-11 16:25:00+00:00,138.62,140.5,138.498,140.17,224171.7
2026-01-11 16:30:00+00:00,140.17,141.545,140.126,140.82,144236.1
2026-01-11 16:35:00+00:00,140.82,141.304,140.803,140.825,62286.7
2026-01-11 16:40:00+00:00,140.825,140.957,140.601,140.883,24673.5
2026-01-11 16:45:00+00:00,140.883,141.162,139.971,140.024,125407.1
2026-01-11 16:50:00+00:00,140.024,140.122,139.579,140.122,44166.1
2026-01-11 16:55:00+00:00,140.122,140.15,139.841,139.967,11969.2
2026-01-11 17:00:00+00:00,139.967,140.148,139.637,139.797,20596.0
2026-01-11 17:05:00+00:00,139.797,139.968,139.69,139.88,9161.5
2026-01-11 17:10:00+00:00,139.88,139.962,139.832,139.879,6094.9
2026-01-11 17:15:00+00:00,139.879,139.879,139.198,139.256,30943.1
2026-01-11 17:20:00+00:00,139.256,139.428,139.113,139.392,16366.1
2026-01-11 17:25:00+00:00,139.392,139.455,139.332,139.449,6062.2
2026-01-11 17:30:00+00:00,139.449,139.449,139.108,139.206,11339.5
2026-01-11 17:35:00+00:00,139.206,139.21,138.678,139.078,32785.3
2026-01-11 17:40:00+00:00,139.078,139.4,139.071,139.4,6030.8
2026-01-11 17:45:00+00:00,139.4,139.556,139.312,139.397,7804.5
2026-01-11 17:50:00+00:00,139.397,139.826,139.397,139.66,16228.5
2026-01-11 17:55:00+00:00,139.66,139.705,139.539,139.616,3230.2
2026-01-11 18:00:00+00:00,139.616,139.695,139.4,139.424,7537.3
2026-01-11 18:05:00+00:00,139.424,139.424,139.217,139.246,5732.0
2026-01-11 18:10:00+00:00,139.246,139.268,139.068,139.099,2285.9
2026-01-11 18:15:00+00:00,139.099,139.23,139.074,139.17,5362.3
2026-01-11 18:20:00+00:00,139.17,139.343,139.163,139.209,5318.9
2026-01-11 18:25:00+00:00,139.209,139.538,139.114,139.475,7901.1
2026-01-11 18:30:00+00:00,139.475,139.766,139.445,139.68,7564.5
2026-01-11 18:35:00+00:00,139.68,139.68,139.387,139.611,5441.9
2026-01-11 18:40:00+00:00,139.611,139.724,139.561,139.707,2421.9
2026-01-11 18:45:00+00:00,139.707,139.845,139.699,139.801,7233.8
2026-01-11 18:50:00+00:00,139.801,140.124,139.74,139.965,14334.7
2026-01-11 18:55:00+00:00,139.965,140.162,139.948,139.961,8958.2
2026-01-11 19:00:00+00:00,139.961,139.981,139.848,139.947,4639.8
2026-01-11 19:05:00+00:00,139.947,139.961,139.77,139.819,8689.0
2026-01-11 19:10:00+00:00,139.819,140.096,139.787,140.058,9678.9
2026-01-11 19:15:00+00:00,140.058,140.092,139.847,139.947,8297.7
2026-01-11 19:20:00+00:00,139.947,139.972,139.796,139.815,2228.5
2026-01-11 19:25:00+00:00,139.815,139.939,139.638,139.804,4069.0
2026-01-11 19:30:00+00:00,139.804,139.818,139.567,139.701,3667.5
2026-01-11 19:35:00+00:00,139.701,139.701,139.499,139.504,5934.7
2026-01-11 19:40:00+00:00,139.504,139.542,139.31,139.376,18649.4
2026-01-11 19:45:00+00:00,139.376,139.39,139.0,139.161,13301.1
2026-01-11 19:50:00+00:00,139.161,139.911,139.089,139.739,39372.9
2026-01-11 19:55:00+00:00,139.739,139.813,139.385,139.385,15044.0
2026-01-11 20:00:00+00:00,139.385,139.385,139.012,139.092,11925.8
2026-01-11 20:05:00+00:00,139.092,139.104,138.6,138.875,95701.9
2026-01-11 20:10:00+00:00,138.875,139.109,138.67,138.749,17705.5
2026-01-11 20:15:00+00:00,138.749,138.752,137.971,138.095,58601.3
2026-01-11 20:20:00+00:00,138.095,138.327,137.912,138.001,21835.0
2026-01-11 20:25:00+00:00,138.001,138.201,137.95,138.151,13887.7
2026-01-11 20:30:00+00:00,138.151,138.39,137.911,138.319,9728.7
2026-01-11 20:35:00+00:00,138.319,138.453,138.278,138.359,7213.4
2026-01-11 20:40:00+00:00,138.359,138.359,138.065,138.103,8285.7
2026-01-11 20:45:00+00:00,138.103,138.539,138.05,138.462,15004.0
2026-01-11 20:50:00+00:00,138.462,138.493,138.311,138.398,3899.4
2026-01-11 20:55:00+00:00,138.398,138.677,138.398,138.496,12918.2
2026-01-11 21:00:00+00:00,138.496,138.496,137.994,138.071,20253.0
2026-01-11 21:05:00+00:00,138.071,138.193,137.947,137.989,16897.1
2026-01-11 21:10:00+00:00,137.989,138.191,137.972,138.182,3473.3
2026-01-11 21:15:00+00:00,138.182,138.378,138.08,138.28,5124.0
2026-01-14 16:00:00+00:00,147.028,147.383,147.027,147.255,30895.3
2026-01-14 16:05:00+00:00,147.255,147.753,147.116,147.64,38962.1
2026-01-14 16:10:00+00:00,147.64,147.974,147.562,147.799,34364.1
2026-01-14 16:15:00+00:00,147.799,148.188,147.533,147.995,65292.8
2026-01-14 16:20:00+00:00,147.995,148.253,147.604,147.731,33862.7
2026-01-14 16:25:00+00:00,147.731,147.841,147.626,147.772,27643.7
2026-01-14 16:30:00+00:00,147.772,148.398,147.663,147.727,62001.4
2026-01-14 16:35:00+00:00,147.727,148.131,147.415,148.082,35692.5
2026-01-14 16:40:00+00:00,148.082,148.082,147.07,147.475,101809.0
2026-01-14 16:45:00+00:00,147.475,147.86,147.376,147.556,23505.7
2026-01-14 16:50:00+00:00,147.556,147.63,147.228,147.312,23918.7
2026-01-14 16:55:00+00:00,147.312,147.312,146.769,147.024,56353.7
2026-01-14 17:00:00+00:00,147.024,147.163,146.654,146.884,16711.1
2026-01-14 17:05:00+00:00,146.884,147.285,146.803,147.283,15435.2
2026-01-14 17:10:00+00:00,147.283,147.511,147.079,147.38,12221.7
2026-01-14 17:15:00+00:00,147.38,147.598,147.201,147.323,16091.2
2026-01-14 17:20:00+00:00,147.323,147.449,147.061,147.1,13894.3
2026-01-14 17:25:00+00:00,147.1,147.304,146.99,146.99,13522.5
2026-01-14 17:30:00+00:00,146.99,146.99,146.4,146.416,21545.0
2026-01-14 17:35:00+00:00,146.416,146.597,145.823,146.256,50184.6
2026-01-14 17:40:00+00:00,146.256,146.651,146.163,146.509,40053.9
2026-01-14 17:45:00+00:00,146.509,146.799,146.391,146.594,15628.4
2026-01-14 17:50:00+00:00,146.594,146.594,145.901,145.909,17019.7
2026-01-14 17:55:00+00:00,145.909,146.129,145.667,145.927,11172.3
2026-01-14 18:00:00+00:00,145.927,146.232,145.784,146.128,13341.5
2026-01-14 18:05:00+00:00,146.128,146.57,146.087,146.513,16122.2
2026-01-14 18:10:00+00:00,146.513,146.542,146.043,146.322,13942.5
2026-01-14 18:15:00+00:00,146.322,146.493,145.767,146.468,10450.3
2026-01-14 18:20:00+00:00,146.468,146.699,146.404,146.699,11709.0
2026-01-14 18:25:00+00:00,146.699,147.228,146.699,147.199,24270.4
2026-01-14 18:30:00+00:00,147.199,147.41,145.932,146.102,38253.6
2026-01-14 18:35:00+00:00,146.102,146.19,145.591,145.685,22047.0
2026-01-14 18:40:00+00:00,145.685,145.948,145.573,145.652,9772.9
2026-01-14 18:45:00+00:00,145.652,145.967,145.243,145.927,27697.2
2026-01-14 18:50:00+00:00,145.927,146.349,145.851,146.348,19789.9
2026-01-14 18:55:00+00:00,146.348,146.56,146.248,146.309,11232.5
2026-01-14 19:00:00+00:00,146.309,146.545,146.055,146.513,25259.4
2026-01-14 19:05:00+00:00,146.513,146.742,146.138,146.742,9957.7
2026-01-14 19:10:00+00:00,146.742,146.747,146.383,146.689,5814.6
2026-01-14 19:15:00+00:00,146.689,146.839,146.524,146.729,12683.5
2026-01-14 19:20:00+00:00,146.729,147.114,146.599,146.727,35137.3
2026-01-14 19:25:00+00:00,146.727,147.362,146.54,147.287,70137.8
2026-01-14 19:30:00+00:00,147.287,147.502,146.53,146.575,27104.4
2026-01-14 19:35:00+00:00,146.575,147.0,146.463,146.968,13429.8
2026-01-14 19:40:00+00:00,146.968,147.111,146.791,146.808,11919.7
2026-01-14 19:45:00+00:00,146.808,146.903,146.647,146.749,6356.3
2026-01-14 19:50:00+00:00,146.749,146.922,146.524,146.598,9584.9
2026-01-14 19:55:00+00:00,146.598,146.753,146.48,146.734,2260.0
2026-01-14 20:00:00+00:00,146.734,147.0,146.501,146.712,23692.0
2026-01-14 20:05:00+00:00,146.712,147.349,146.583,147.201,14075.0
2026-01-14 20:10:00+00:00,147.201,147.71,147.115,147.323,20549.1
2026-01-14 20:15:00+00:00,147.323,147.323,146.88,147.177,19838.9
2026-01-14 20:20:00+00:00,147.177,147.276,146.986,147.122,14899.7
2026-01-14 20:25:00+00:00,147.122,147.122,146.767,146.846,13219.5
2026-01-14 20:30:00+00:00,146.846,147.402,146.845,147.287,15660.4
2026-01-14 20:35:00+00:00,147.287,147.629,147.127,147.557,21670.1
2026-01-14 20:40:00+00:00,147.557,147.66,147.322,147.322,9357.0
2026-01-14 20:45:00+00:00,147.322,147.454,147.086,147.12,10252.2
2026-01-14 20:50:00+00:00,147.12,147.416,147.06,147.302,6973.8
2026-01-14 20:55:00+00:00,147.302,147.491,147.118,147.448,10313.2
2026-01-14 21:00:00+00:00,147.448,147.465,147.195,147.342,7166.6
2026-01-14 21:05:00+00:00,147.342,147.436,147.064,147.074,7658.9
2026-01-14 21:10:00+00:00,147.074,147.147,146.826,146.945,5953.6
2026-01-14 21:15:00+00:00,146.945,147.037,146.788,146.987,5701.7
2026-01-14 21:20:00+00:00,146.987,147.103,146.941,146.959,6569.1
2026-01-14 21:25:00+00:00,146.959,147.102,146.7,147.059,20532.9
2026-01-14 21:30:00+00:00,147.059,147.324,146.98,147.152,11619.3
2026-01-14 21:35:00+00:00,147.152,147.34,147.151,147.173,7070.4
2026-01-14 21:40:00+00:00,147.173,147.215,146.888,147.0,4568.0
2026-01-14 21:45:00+00:00,147.0,147.071,146.856,146.856,3718.6
2026-01-14 21:50:00+00:00,146.856,146.933,146.353,146.389,26468.8
2026-01-14 21:55:00+00:00,146.389,146.875,146.148,146.837,25895.6
2026-01-14 22:00:00+00:00,146.837,146.867,146.581,146.807,27930.8
2026-01-14 22:05:00+00:00,146.807,147.093,146.724,146.908,3709.6
2026-01-14 22:10:00+00:00,146.908,146.982,146.742,146.742,4390.6
2026-01-14 22:15:00+00:00,146.742,146.805,146.652,146.741,3140.7
2026-01-14 22:20:00+00:00,146.741,146.987,146.643,146.877,13908.7
2026-01-14 22:25:00+00:00,146.877,146.903,146.418,146.444,17225.5
2026-01-14 22:30:00+00:00,146.444,146.543,145.962,146.309,28579.3
2026-01-14 22:35:00+00:00,146.309,146.413,145.815,145.851,25942.2
2026-01-14 22:40:00+00:00,145.851,146.064,145.736,145.92,16020.1
2026-01-14 22:45:00+00:00,145.92,146.304,145.882,146.224,52353.1
2026-01-14 22:50:00+00:00,146.224,146.285,146.023,146.023,5541.8
2026-01-14 22:55:00+00:00,146.023,146.203,145.913,146.096,9341.5
2026-01-14 23:00:00+00:00,146.096,146.614,146.09,146.417,12664.9
2026-01-14 23:05:00+00:00,146.417,146.699,146.417,146.599,5759.5
2026-01-14 23:10:00+00:00,146.599,146.748,146.567,146.68,2596.4
2026-01-14 23:15:00+00:00,146.68,147.045,146.55,146.575,10327.8
2026-01-14 23:20:00+00:00,146.575,146.659,146.387,146.441,7837.8
2026-01-14 23:25:00+00:00,146.441,146.501,146.159,146.25,21456.0
2026-01-14 23:30:00+00:00,146.25,146.26,145.973,146.244,32084.4
2026-01-14 23:35:00+00:00,146.244,146.433,146.223,146.38,3295.7
2026-01-14 23:40:00+00:00,146.38,146.518,146.285,146.429,15046.0
2026-01-14 23:45:00+00:00,146.429,146.642,146.384,146.627,7969.3
2026-01-14 23:50:00+00:00,146.627,146.783,146.576,146.734,7065.0
2026-01-14 23:55:00+00:00,146.734,146.775,146.495,146.61,20892.3
2026-01-15 00:00:00+00:00,146.61,146.637,146.121,146.158,12520.8
2026-01-15 00:05:00+00:00,146.158,146.277,146.073,146.143,13593.9
2026-01-15 00:10:00+00:00,146.143,146.264,145.924,146.23,9669.4
2026-01-15 00:15:00+00:00,146.23,146.257,145.806,145.865,7095.2
2026-01-15 00:20:00+00:00,145.865,146.05,145.801,146.025,4452.6
2026-01-15 00:25:00+00:00,146.025,146.025,145.741,145.872,4803.8
2026-01-15 00:30:00+00:00,145.872,145.933,145.604,145.659,7360.5
2026-01-15 00:35:00+00:00,145.659,145.723,145.5,145.555,15138.3
2026-01-15 00:40:00+00:00,145.555,145.703,145.38,145.538,13745.3
2026-01-15 00:45:00+00:00,145.538,145.721,145.402,145.642,15052.2
2026-01-15 00:50:00+00:00,145.642,145.7,145.54,145.622,4115.1
2026-01-15 00:55:00+00:00,145.622,145.977,145.622,145.977,7943.9
2026-01-15 01:00:00+00:00,145.977,146.4,145.977,146.331,13021.7
2026-01-15 01:05:00+00:00,146.331,146.43,146.099,146.101,10750.3
2026-01-15 01:10:00+00:00,146.101,146.101,145.879,146.021,6349.0
2026-01-15 01:15:00+00:00,146.021,146.07,145.886,145.893,3776.8
2026-01-15 01:20:00+00:00,145.893,145.903,145.42,145.526,10566.1
2026-01-15 01:25:00+00:00,145.526,145.853,145.301,145.301,10298.2
2026-01-15 01:30:00+00:00,145.301,145.421,144.667,144.882,58369.8
2026-01-15 01:35:00+00:00,144.882,145.302,144.739,145.215,11565.6
2026-01-15 01:40:00+00:00,145.215,145.262,145.029,145.11,7510.2
2026-01-15 01:45:00+00:00,145.11,145.132,144.918,144.918,3364.5
2026-01-15 01:50:00+00:00,144.918,145.164,144.806,145.163,7344.6
2026-01-15 01:55:00+00:00,145.163,145.163,144.923,145.105,3224.6
2026-01-15 02:00:00+00:00,145.105,145.264,145.034,145.132,5309.4
2026-01-15 02:05:00+00:00,145.132,145.46,145.132,145.397,5938.2
2026-01-15 02:10:00+00:00,145.397,145.397,144.966,145.022,6395.3
2026-01-15 02:15:00+00:00,145.022,145.42,145.005,145.295,7342.5
2026-01-15 02:20:00+00:00,145.295,145.295,144.863,144.967,5587.3
2026-01-15 02:25:00+00:00,144.967,145.13,144.846,144.884,4634.6
2026-01-15 02:30:00+00:00,144.884,145.055,144.508,144.517,11517.1
2026-01-15 02:35:00+00:00,144.517,144.696,144.234,144.693,21566.0
2026-01-15 02:40:00+00:00,144.693,144.972,144.693,144.844,6039.9
2026-01-15 02:45:00+00:00,144.844,144.844,144.463,144.574,6800.0
2026-01-15 02:50:00+00:00,144.574,144.625,144.225,144.253,8531.0
2026-01-15 02:55:00+00:00,144.253,144.491,144.253,144.455,6607.3
2026-01-15 03:00:00+00:00,144.455,144.526,144.273,144.283,6392.3
2026-01-15 03:05:00+00:00,144.283,144.567,144.225,144.41,5025.0
2026-01-15 03:10:00+00:00,144.41,144.657,144.41,144.481,3958.3
2026-01-15 03:15:00+00:00,144.481,144.6,144.064,144.117,11953.0
2026-01-15 03:20:00+00:00,144.117,144.301,144.074,144.238,6366.7
2026-01-15 03:25:00+00:00,144.238,144.238,143.501,143.526,80589.6
2026-01-15 03:30:00+00:00,143.526,143.826,143.5,143.753,20674.2
2026-01-15 03:35:00+00:00,143.753,143.754,143.159,143.259,55725.4
2026-01-15 03:40:00+00:00,143.259,143.64,143.171,143.457,21565.8
2026-01-15 03:45:00+00:00,143.457,143.696,143.301,143.4,21938.4
2026-01-15 03:50:00+00:00,143.4,143.477,143.217,143.374,9134.9
2026-01-15 03:55:00+00:00,143.374,143.451,143.165,143.43,15599.4
2026-01-15 04:00:00+00:00,143.43,143.987,143.232,143.896,40078.4
2026-01-15 04:05:00+00:00,143.896,143.952,143.796,143.929,14539.1
2026-01-15 04:10:00+00:00,143.929,144.056,143.86,143.922,4566.0
2026-01-15 04:15:00+00:00,143.922,144.06,143.767,143.98,7841.7
2026-01-15 04:20:00+00:00,143.98,144.358,143.914,144.297,8027.3
2026-01-15 04:25:00+00:00,144.297,144.315,143.965,144.029,13691.7
2026-01-15 04:30:00+00:00,144.029,144.195,143.936,144.145,3479.0
2026-01-15 04:35:00+00:00,144.145,144.234,144.069,144.211,4062.3
2026-01-15 04:40:00+00:00,144.211,144.312,144.134,144.309,9057.7
2026-01-15 04:45:00+00:00,144.309,144.327,144.155,144.207,6970.7
2026-01-15 04:50:00+00:00,144.207,144.426,144.18,144.325,7850.0
2026-01-15 04:55:00+00:00,144.325,144.422,144.253,144.41,9218.3
2026-01-15 05:00:00+00:00,144.41,144.668,144.259,144.368,23518.9
2026-01-15 05:05:00+00:00,144.368,144.494,144.356,144.494,12058.1
2026-01-15 05:10:00+00:00,144.494,144.539,144.408,144.408,4436.0
2026-01-15 05:15:00+00:00,144.408,144.618,144.371,144.617,5133.0
2026-01-15 05:20:00+00:00,144.617,144.617,144.354,144.453,2779.3
2026-01-15 05:25:00+00:00,144.453,144.54,144.439,144.527,913.5
2026-01-15 05:30:00+00:00,144.527,144.634,144.439,144.439,6104.8
2026-01-15 05:35:00+00:00,144.439,144.669,144.3,144.574,4402.4
2026-01-15 05:40:00+00:00,144.574,144.767,144.52,144.736,4933.6
2026-01-15 05:45:00+00:00,144.736,144.784,144.61,144.748,13125.2
2026-01-15 05:50:00+00:00,144.748,144.748,144.503,144.504,2650.9
2026-01-15 05:55:00+00:00,144.504,144.627,144.417,144.548,3289.3
2026-01-15 06:00:00+00:00,144.548,144.679,144.503,144.662,3713.5
2026-01-15 06:05:00+00:00,144.662,144.692,144.485,144.486,4135.8
2026-01-15 06:10:00+00:00,144.486,144.565,144.457,144.518,3963.3
2026-01-15 06:15:00+00:00,144.518,144.844,144.516,144.791,11883.2
2026-01-15 06:20:00+00:00,144.791,144.791,144.374,144.54,14715.9
2026-01-15 06:25:00+00:00,144.54,144.587,144.45,144.451,4344.6
2026-01-15 06:30:00+00:00,144.451,144.509,144.116,144.21,25582.7
2026-01-15 06:35:00+00:00,144.21,144.237,144.042,144.184,35769.7
2026-01-15 06:40:00+00:00,144.184,144.188,144.081,144.081,2898.2
2026-01-15 06:45:00+00:00,144.081,144.221,144.023,144.221,4769.7
2026-01-15 06:50:00+00:00,144.221,144.318,144.181,144.267,5129.9
2026-01-15 06:55:00+00:00,144.267,144.319,144.124,144.149,6720.8
2026-01-15 07:00:00+00:00,144.149,144.336,144.046,144.336,11363.8
2026-01-15 07:05:00+00:00,144.336,144.386,144.227,144.345,4608.7
2026-01-15 07:10:00+00:00,144.345,144.398,144.315,144.344,2321.0
2026-01-15 07:15:00+00:00,144.344,144.65,144.319,144.534,11966.2
2026-01-15 07:20:00+00:00,144.534,144.771,144.512,144.753,5733.7
2026-01-15 07:25:00+00:00,144.753,144.789,144.602,144.741,11394.5
2026-01-15 07:30:00+00:00,144.741,144.858,144.698,144.833,6391.4
2026-01-15 07:35:00+00:00,144.833,144.833,144.682,144.808,5254.8
2026-01-15 07:40:00+00:00,144.808,145.1,144.808,145.015,30552.3
2026-01-15 07:45:00+00:00,145.015,145.252,144.957,144.957,14443.5
2026-01-15 07:50:00+00:00,144.957,144.979,144.78,144.78,7567.1
2026-01-15 07:55:00+00:00,144.78,144.991,144.756,144.968,4418.7
2026-01-15 08:00:00+00:00,144.968,145.18,144.863,145.159,18122.8
2026-01-15 08:05:00+00:00,145.159,145.166,144.3,144.342,15030.6
2026-01-15 08:10:00+00:00,144.342,144.402,143.998,144.361,43885.0
2026-01-15 08:15:00+00:00,144.361,144.447,144.282,144.4,4778.7
2026-01-15 08:20:00+00:00,144.4,144.683,144.375,144.583,21685.6
2026-01-15 08:25:00+00:00,144.583,144.597,144.305,144.35,6435.4
2026-01-15 08:30:00+00:00,144.35,144.402,144.27,144.375,4952.3
2026-01-15 08:35:00+00:00,144.375,144.524,144.348,144.521,2376.3
2026-01-18 03:20:00+00:00,142.558,142.588,142.365,142.417,1360.7
2026-01-18 03:25:00+00:00,142.417,142.673,142.416,142.655,9584.0
2026-01-18 03:30:00+00:00,142.655,142.891,142.647,142.802,23348.9
2026-01-18 03:35:00+00:00,142.802,142.819,142.744,142.812,2984.2
2026-01-18 03:40:00+00:00,142.812,142.838,142.761,142.809,1765.3
2026-01-18 03:45:00+00:00,142.809,142.817,142.683,142.809,1259.9
2026-01-18 03:50:00+00:00,142.809,142.861,142.757,142.776,2422.0
2026-01-18 03:55:00+00:00,142.776,142.795,142.685,142.788,1881.9
2026-01-18 04:00:00+00:00,142.788,142.795,142.71,142.732,856.8
2026-01-18 04:05:00+00:00,142.732,142.844,142.721,142.798,1706.2
2026-01-18 04:10:00+00:00,142.798,142.798,142.571,142.649,11554.6
2026-01-18 04:15:00+00:00,142.649,142.744,142.501,142.662,14498.3
2026-01-18 04:20:00+00:00,142.662,142.779,142.648,142.724,4687.9
2026-01-18 04:25:00+00:00,142.724,142.755,142.65,142.755,837.8
2026-01-18 04:30:00+00:00,142.755,142.765,142.635,142.65,9303.4
2026-01-18 04:35:00+00:00,142.65,142.687,142.612,142.687,3884.4
2026-01-18 04:40:00+00:00,142.687,142.724,142.635,142.693,845.4
2026-01-18 04:45:00+00:00,142.693,142.821,142.686,142.815,7887.5
2026-01-18 04:50:00+00:00,142.815,142.878,142.815,142.835,12908.5
2026-01-18 04:55:00+00:00,142.835,142.888,142.813,142.814,2268.5
2026-01-18 05:00:00+00:00,142.814,142.814,142.702,142.74,3835.9
2026-01-18 05:05:00+00:00,142.74,142.784,142.7,142.701,861.2
2026-01-18 05:10:00+00:00,142.701,142.8,142.701,142.8,486.4
2026-01-18 05:15:00+00:00,142.8,142.824,142.74,142.792,2441.4
2026-01-18 05:20:00+00:00,142.792,142.954,142.783,142.858,6921.3
2026-01-18 05:25:00+00:00,142.858,142.877,142.773,142.869,13058.3
2026-01-18 05:30:00+00:00,142.869,142.869,142.704,142.724,885.5
2026-01-18 05:35:00+00:00,142.724,142.754,142.541,142.652,3100.6
2026-01-18 05:40:00+00:00,142.652,142.765,142.604,142.765,5495.1
2026-01-18 05:45:00+00:00,142.765,142.883,142.765,142.774,6228.9
2026-01-18 05:50:00+00:00,142.774,142.879,142.66,142.879,3750.5
2026-01-18 05:55:00+00:00,142.879,142.923,142.805,142.82,2902.7
2026-01-18 06:00:00+00:00,142.82,142.835,142.688,142.787,10127.4
2026-01-18 06:05:00+00:00,142.787,142.981,142.782,142.98,3672.6
2026-01-18 06:10:00+00:00,142.98,142.98,142.862,142.868,2626.8
2026-01-18 06:15:00+00:00,142.868,142.868,142.686,142.686,1256.2
2026-01-18 06:20:00+00:00,142.686,142.686,142.637,142.649,3763.2
2026-01-18 06:25:00+00:00,142.649,142.649,142.612,142.641,783.6
2026-01-18 06:30:00+00:00,142.641,142.677,142.6,142.676,2610.2
2026-01-18 06:35:00+00:00,142.676,142.68,142.614,142.657,1971.5
2026-01-18 06:40:00+00:00,142.657,142.727,142.657,142.675,1106.0
2026-01-18 06:45:00+00:00,142.675,142.793,142.622,142.651,5777.8
2026-01-18 06:50:00+00:00,142.651,142.687,142.518,142.527,4548.9
2026-01-18 06:55:00+00:00,142.527,142.691,142.527,142.676,1952.3
2026-01-18 07:00:00+00:00,142.676,142.69,142.599,142.69,2026.9
2026-01-18 07:05:00+00:00,142.69,142.696,142.508,142.521,1809.9
2026-01-18 07:10:00+00:00,142.521,142.521,142.236,142.311,15913.0
2026-01-18 07:15:00+00:00,142.311,142.394,142.293,142.391,3468.7
2026-01-18 07:20:00+00:00,142.391,142.502,142.376,142.5,1714.1
2026-01-18 07:25:00+00:00,142.5,142.545,142.484,142.504,771.7
2026-01-18 07:30:00+00:00,142.504,142.512,142.2,142.201,4530.4
2026-01-18 07:35:00+00:00,142.201,142.248,142.079,142.247,7601.2
2026-01-18 07:40:00+00:00,142.247,142.294,142.23,142.28,1654.6
2026-01-18 07:45:00+00:00,142.28,142.311,142.206,142.258,2433.2
2026-01-18 07:50:00+00:00,142.258,142.309,142.212,142.256,4976.9
2026-01-18 07:55:00+00:00,142.256,142.256,142.021,142.097,11233.6
2026-01-18 08:00:00+00:00,142.097,142.201,142.047,142.047,7892.3
2026-01-18 08:05:00+00:00,142.047,142.052,141.894,141.981,26221.2
2026-01-18 08:10:00+00:00,141.981,142.09,141.981,142.083,7595.4
2026-01-18 08:15:00+00:00,142.083,142.099,141.951,142.0,9388.5
2026-01-18 08:20:00+00:00,142.0,142.164,141.988,142.13,5275.6
2026-01-18 08:25:00+00:00,142.13,142.289,142.13,142.19,3756.6
2026-01-18 08:30:00+00:00,142.19,142.327,142.164,142.245,14430.5
2026-01-18 08:35:00+00:00,142.245,142.394,142.141,142.393,11775.3
2026-01-18 08:40:00+00:00,142.393,142.438,142.344,142.363,9613.3
2026-01-18 08:45:00+00:00,142.363,142.386,142.275,142.38,1388.9
2026-01-18 08:50:00+00:00,142.38,142.437,142.354,142.433,3104.0
2026-01-18 08:55:00+00:00,142.433,142.452,142.39,142.414,1310.5
2026-01-18 09:00:00+00:00,142.414,142.47,142.391,142.456,2332.8
2026-01-18 09:05:00+00:00,142.456,142.499,142.32,142.499,8017.0
2026-01-18 09:10:00+00:00,142.499,142.529,142.379,142.462,2695.7
2026-01-18 09:15:00+00:00,142.462,142.515,142.438,142.497,3183.0
2026-01-18 09:20:00+00:00,142.497,142.556,142.448,142.493,3415.3
2026-01-18 09:25:00+00:00,142.493,142.493,142.362,142.44,4499.5
2026-01-18 09:30:00+00:00,142.44,142.652,142.44,142.634,12997.8
2026-01-18 09:35:00+00:00,142.634,142.634,142.556,142.574,2216.2
2026-01-18 09:40:00+00:00,142.574,142.574,142.427,142.427,2763.1
2026-01-18 09:45:00+00:00,142.427,142.427,142.384,142.414,3910.7
2026-01-18 09:50:00+00:00,142.414,142.547,142.413,142.493,6481.2
2026-01-18 09:55:00+00:00,142.493,142.562,142.492,142.518,2768.3
2026-01-18 10:00:00+00:00,142.518,142.534,142.232,142.233,10183.7
2026-01-18 10:05:00+00:00,142.233,142.33,142.179,142.315,8725.6
2026-01-18 10:10:00+00:00,142.315,142.315,142.192,142.259,3272.6
2026-01-18 10:15:00+00:00,142.259,142.281,142.151,142.201,2819.4
2026-01-18 10:20:00+00:00,142.201,142.324,142.201,142.25,4432.5
2026-01-18 10:25:00+00:00,142.25,142.25,142.184,142.208,1028.8
2026-01-18 10:30:00+00:00,142.208,142.31,142.199,142.309,2823.0
2026-01-18 10:35:00+00:00,142.309,142.364,142.224,142.303,6072.0
2026-01-18 10:40:00+00:00,142.303,142.458,142.301,142.458,2811.3
2026-01-18 10:45:00+00:00,142.458,142.508,142.366,142.366,3916.7
2026-01-18 10:50:00+00:00,142.366,142.478,142.36,142.462,2722.2
2026-01-18 10:55:00+00:00,142.462,142.471,142.399,142.399,662.6
2026-01-18 11:00:00+00:00,142.399,142.4,142.23,142.251,2817.3
2026-01-18 11:05:00+00:00,142.251,142.302,142.215,142.301,3856.0
2026-01-18 11:10:00+00:00,142.301,142.346,142.232,142.339,1886.8
2026-01-18 11:15:00+00:00,142.339,142.373,142.261,142.288,2139.2
2026-01-18 11:20:00+00:00,142.288,142.331,142.234,142.235,2254.3
2026-01-18 11:25:00+00:00,142.235,142.3,142.225,142.225,1267.4
2026-01-18 11:30:00+00:00,142.225,142.283,142.199,142.283,2193.5
2026-01-18 11:35:00+00:00,142.283,142.283,142.2,142.276,1443.2
2026-01-18 11:40:00+00:00,142.276,142.474,142.265,142.384,4200.1
2026-01-18 11:45:00+00:00,142.384,142.486,142.264,142.408,7495.5
2026-01-18 11:50:00+00:00,142.408,142.449,142.366,142.408,3959.2
2026-01-18 11:55:00+00:00,142.408,142.438,142.325,142.38,5146.2
2026-01-18 12:00:00+00:00,142.38,142.38,142.255,142.255,2034.6
2026-01-18 12:05:00+00:00,142.255,142.255,142.166,142.203,2380.5
2026-01-18 12:10:00+00:00,142.203,142.246,142.187,142.211,4065.1
2026-01-18 12:15:00+00:00,142.211,142.236,142.167,142.234,2552.5
2026-01-18 12:20:00+00:00,142.234,142.282,142.234,142.282,1915.3
2026-01-18 12:25:00+00:00,142.282,142.393,142.281,142.388,3621.6
2026-01-18 12:30:00+00:00,142.388,142.388,142.256,142.256,1006.3
2026-01-18 12:35:00+00:00,142.256,142.448,142.256,142.423,4529.5
2026-01-18 12:40:00+00:00,142.423,142.476,142.352,142.355,2962.6
2026-01-18 12:45:00+00:00,142.355,142.436,142.355,142.376,5413.5
2026-01-18 12:50:00+00:00,142.376,142.381,142.244,142.257,2116.4
2026-01-18 12:55:00+00:00,142.257,142.297,142.182,142.223,4790.9
2026-01-18 13:00:00+00:00,142.223,142.229,142.174,142.229,4976.9
2026-01-18 13:05:00+00:00,142.229,142.246,142.0,142.114,10722.3
2026-01-18 13:10:00+00:00,142.114,142.161,142.114,142.161,2758.6
2026-01-18 13:15:00+00:00,142.161,142.239,142.085,142.101,3904.1
2026-01-18 13:20:00+00:00,142.101,142.177,142.059,142.134,16363.1
2026-01-18 13:25:00+00:00,142.134,142.134,142.011,142.054,10945.1
2026-01-18 13:30:00+00:00,142.054,142.098,142.027,142.067,5075.2
2026-01-18 13:35:00+00:00,142.067,142.209,142.066,142.122,4671.3
2026-01-18 13:40:00+00:00,142.122,142.422,142.122,142.401,25324.2
2026-01-18 13:45:00+00:00,142.401,142.491,142.344,142.428,18541.0
2026-01-18 13:50:00+00:00,142.428,142.428,142.345,142.389,1754.9
2026-01-18 13:55:00+00:00,142.389,142.389,142.315,142.358,2435.4
2026-01-18 14:00:00+00:00,142.358,142.358,142.145,142.146,4838.9
2026-01-18 14:05:00+00:00,142.146,142.236,142.121,142.205,4005.6
2026-01-18 14:10:00+00:00,142.205,142.371,142.197,142.318,8185.7
2026-01-18 14:15:00+00:00,142.318,142.716,142.296,142.59,39445.0
2026-01-18 14:20:00+00:00,142.59,142.623,142.448,142.501,5363.8
2026-01-18 14:25:00+00:00,142.501,142.506,142.273,142.436,5358.3
2026-01-18 14:30:00+00:00,142.436,142.592,142.436,142.522,5436.2
2026-01-18 14:35:00+00:00,142.522,142.587,142.212,142.297,8263.2
2026-01-18 14:40:00+00:00,142.297,142.352,142.188,142.19,1977.8
2026-01-18 14:45:00+00:00,142.19,142.199,141.966,142.108,17271.4
2026-01-18 14:50:00+00:00,142.108,142.152,142.074,142.112,3020.7
2026-01-18 14:55:00+00:00,142.112,142.123,141.598,141.706,39353.3
2026-01-18 15:00:00+00:00,141.706,141.877,141.46,141.858,20404.4
2026-01-18 15:05:00+00:00,141.858,141.865,141.686,141.818,6670.5
2026-01-18 15:10:00+00:00,141.818,141.891,141.771,141.827,7618.9
2026-01-18 15:15:00+00:00,141.827,142.026,141.774,142.026,9750.9
2026-01-18 15:20:00+00:00,142.026,142.116,141.967,142.055,8367.1
2026-01-18 15:25:00+00:00,142.055,142.114,141.993,142.041,2724.9
2026-01-18 15:30:00+00:00,142.041,142.045,141.888,141.9,6709.4
2026-01-18 15:35:00+00:00,141.9,142.002,141.863,142.002,4626.3
2026-01-18 15:40:00+00:00,142.002,142.093,141.963,141.974,3365.0
2026-01-18 15:45:00+00:00,141.974,142.018,141.908,141.962,3287.8
2026-01-18 15:50:00+00:00,141.962,141.983,141.764,141.957,7328.1
2026-01-18 15:55:00+00:00,141.957,141.988,141.956,141.968,2645.7
2026-01-18 16:00:00+00:00,141.968,141.968,141.727,141.926,3892.1
2026-01-18 16:05:00+00:00,141.926,142.142,141.9,142.119,3472.8
2026-01-18 16:10:00+00:00,142.119,142.142,142.016,142.09,3431.3
2026-01-18 16:15:00+00:00,142.09,142.13,142.048,142.048,2969.8
2026-01-18 16:20:00+00:00,142.048,142.19,142.048,142.097,8097.7
2026-01-18 16:25:00+00:00,142.097,142.109,141.94,141.963,5703.3
2026-01-18 16:30:00+00:00,141.963,142.1,141.92,142.047,1949.3
2026-01-18 16:35:00+00:00,142.047,142.137,141.965,141.966,2580.3
2026-01-18 16:40:00+00:00,141.966,142.124,141.949,142.112,1384.2
2026-01-18 16:45:00+00:00,142.112,142.112,141.98,141.98,4583.3
2026-01-18 16:50:00+00:00,141.98,142.106,141.931,142.078,1780.5
2026-01-18 16:55:00+00:00,142.078,142.106,141.962,141.99,1129.1
2026-01-18 17:00:00+00:00,141.99,142.035,141.922,142.012,5361.0
2026-01-18 17:05:00+00:00,142.012,142.115,141.951,141.957,10481.0
2026-01-18 17:10:00+00:00,141.957,141.983,141.832,141.843,4288.1
2026-01-18 17:15:00+00:00,141.843,141.962,141.833,141.955,2066.4
2026-01-18 17:20:00+00:00,141.955,142.069,141.955,142.03,3281.0
2026-01-18 17:25:00+00:00,142.03,142.09,142.03,142.046,1505.3
2026-01-18 17:30:00+00:00,142.046,142.387,142.045,142.213,52265.8
2026-01-18 17:35:00+00:00,142.213,142.231,142.064,142.098,3929.7
2026-01-18 17:40:00+00:00,142.098,142.136,141.979,142.099,6280.7
2026-01-18 17:45:00+00:00,142.099,142.147,142.099,142.112,475.4
2026-01-18 17:50:00+00:00,142.112,142.154,142.078,142.145,959.4
2026-01-18 17:55:00+00:00,142.145,142.385,142.129,142.325,23645.1
2026-01-18 18:00:00+00:00,142.325,142.325,142.116,142.155,4585.5
2026-01-18 18:05:00+00:00,142.155,142.19,142.13,142.13,1745.4
2026-01-18 18:10:00+00:00,142.13,142.191,142.038,142.169,8644.0
2026-01-18 18:15:00+00:00,142.169,142.187,142.083,142.142,837.5
2026-01-18 18:20:00+00:00,142.142,142.241,142.121,142.24,422.3
2026-01-18 18:25:00+00:00,142.24,142.663,142.218,142.584,14793.9
2026-01-18 18:30:00+00:00,142.584,142.683,142.455,142.61,7817.5
2026-01-18 18:35:00+00:00,142.61,142.629,142.428,142.529,5814.3
2026-01-18 18:40:00+00:00,142.529,142.613,142.44,142.53,2938.3
2026-01-18 18:45:00+00:00,142.53,142.779,142.468,142.741,7642.0
2026-01-18 18:50:00+00:00,142.741,142.88,142.639,142.8,21941.1
2026-01-18 18:55:00+00:00,142.8,142.902,142.683,142.716,9223.1
2026-01-18 19:00:00+00:00,142.716,143.166,142.716,143.16,47489.3
2026-01-18 19:05:00+00:00,143.16,143.184,142.867,142.887,6833.1
2026-01-18 19:10:00+00:00,142.887,142.951,142.85,142.863,3069.3
2026-01-18 19:15:00+00:00,142.863,142.893,142.717,142.786,5953.6
2026-01-18 19:20:00+00:00,142.786,142.825,142.69,142.8,1774.7
2026-01-18 19:25:00+00:00,142.8,142.828,142.741,142.762,2346.4
2026-01-18 19:30:00+00:00,142.762,142.762,142.501,142.597,10267.3
2026-01-18 19:35:00+00:00,142.597,142.662,142.589,142.638,2642.9
2026-01-18 19:40:00+00:00,142.638,142.703,142.6,142.604,797.1
2026-01-18 19:45:00+00:00,142.604,142.605,142.187,142.243,26705.1
2026-01-18 19:50:00+00:00,142.243,142.293,142.088,142.196,6982.7
2026-01-18 19:55:00+00:00,142.196,142.226,142.03,142.226,5231.1
2026-01-21 14:40:00+00:00,129.023,129.085,128.669,128.987,10227.2
2026-01-21 14:45:00+00:00,128.987,129.25,128.667,129.025,15181.3
2026-01-21 14:50:00+00:00,129.025,129.189,128.666,129.141,18069.8
2026-01-21 14:55:00+00:00,129.141,129.683,129.033,129.457,33152.8
2026-01-21 15:00:00+00:00,129.457,129.85,129.282,129.441,21545.1
2026-01-21 15:05:00+00:00,129.441,130.239,129.441,130.009,37668.0
2026-01-21 15:10:00+00:00,130.009,130.134,129.726,130.045,35680.9
2026-01-21 15:15:00+00:00,130.045,131.115,130.045,130.866,107664.5
2026-01-21 15:20:00+00:00,130.866,130.879,130.055,130.16,70482.5
2026-01-21 15:25:00+00:00,130.16,130.215,129.617,129.676,20857.2
2026-01-21 15:30:00+00:00,129.676,129.98,129.43,129.935,48553.0
2026-01-21 15:35:00+00:00,129.935,129.991,129.309,129.622,39381.7
2026-01-21 15:40:00+00:00,129.622,130.1,129.457,130.1,26271.6
2026-01-21 15:45:00+00:00,130.1,130.237,129.804,130.127,22877.4
2026-01-21 15:50:00+00:00,130.127,130.619,130.07,130.389,16772.3
2026-01-21 15:55:00+00:00,130.389,130.493,130.227,130.371,3791.2
2026-01-21 16:00:00+00:00,130.371,130.38,129.709,129.758,14078.2
2026-01-21 16:05:00+00:00,129.758,129.833,129.422,129.442,10045.6
2026-01-21 16:10:00+00:00,129.442,129.586,129.333,129.352,8349.6
2026-01-21 16:15:00+00:00,129.352,129.49,129.056,129.211,13875.0
2026-01-21 16:20:00+00:00,129.211,129.223,128.215,128.707,55947.9
2026-01-21 16:25:00+00:00,128.707,128.912,128.3,128.795,23326.9
2026-01-21 16:30:00+00:00,128.795,128.863,127.931,128.053,20220.3
2026-01-21 16:35:00+00:00,128.053,128.158,127.334,127.529,53782.2
2026-01-21 16:40:00+00:00,127.529,127.535,126.373,126.462,95527.2
2026-01-21 16:45:00+00:00,126.462,127.484,126.368,127.308,36017.0
2026-01-21 16:50:00+00:00,127.308,127.308,126.678,126.913,19091.5
2026-01-21 16:55:00+00:00,126.913,127.005,125.448,125.521,155363.0
2026-01-21 17:00:00+00:00,125.521,126.57,125.501,126.57,39515.4
2026-01-21 17:05:00+00:00,126.57,126.736,126.11,126.267,38777.0
2026-01-21 17:10:00+00:00,126.267,126.445,125.3,125.388,43340.0
2026-01-21 17:15:00+00:00,125.388,126.266,125.175,126.121,38743.5
2026-01-21 17:20:00+00:00,126.121,126.217,125.752,125.973,17835.1
2026-01-21 17:25:00+00:00,125.973,126.25,125.698,126.199,19576.7
2026-01-21 17:30:00+00:00,126.199,126.231,125.483,125.806,15074.7
2026-01-21 17:35:00+00:00,125.806,126.212,125.506,126.05,14547.5
2026-01-21 17:40:00+00:00,126.05,126.867,126.032,126.505,18268.8
2026-01-21 17:45:00+00:00,126.505,126.831,126.296,126.566,14511.9
2026-01-21 17:50:00+00:00,126.566,126.933,126.408,126.868,16834.7
2026-01-21 17:55:00+00:00,126.868,126.975,126.682,126.881,16431.7
2026-01-21 18:00:00+00:00,126.881,126.999,126.285,126.416,12787.9
2026-01-21 18:05:00+00:00,126.416,126.814,126.416,126.647,3909.7
2026-01-21 18:10:00+00:00,126.647,127.45,126.636,127.183,17359.0
2026-01-21 18:15:00+00:00,127.183,127.298,126.981,127.148,9799.2
2026-01-21 18:20:00+00:00,127.148,127.322,126.817,126.817,4213.9
2026-01-21 18:25:00+00:00,126.817,127.187,126.717,127.01,85108.4
2026-01-21 18:30:00+00:00,127.01,127.2,126.938,126.99,8523.5
2026-01-21 18:35:00+00:00,126.99,127.288,126.981,127.177,4308.1
2026-01-21 18:40:00+00:00,127.177,127.371,126.932,127.023,9425.4
2026-01-21 18:45:00+00:00,127.023,127.756,126.938,127.671,26163.4
2026-01-21 18:50:00+00:00,127.671,127.827,127.501,127.602,21969.5
2026-01-21 18:55:00+00:00,127.602,127.777,127.44,127.556,5455.4
2026-01-21 19:00:00+00:00,127.556,127.868,127.296,127.358,8904.2
2026-01-21 19:05:00+00:00,127.358,127.384,127.11,127.21,21944.8
2026-01-21 19:10:00+00:00,127.21,127.503,127.21,127.368,2838.5
2026-01-21 19:15:00+00:00,127.368,127.599,127.276,127.528,2103.1
2026-01-21 19:20:00+00:00,127.528,127.845,127.426,127.74,5624.0
2026-01-21 19:25:00+00:00,127.74,129.595,127.621,129.393,203251.3
2026-01-21 19:30:00+00:00,129.393,130.494,129.096,130.368,90330.9
2026-01-21 19:35:00+00:00,130.368,130.927,130.225,130.541,111120.6
2026-01-21 19:40:00+00:00,130.541,131.119,130.377,131.024,50720.5
2026-01-21 19:45:00+00:00,131.024,131.55,131.024,131.373,66459.1
2026-01-21 19:50:00+00:00,131.373,131.499,130.774,131.309,34267.1
2026-01-21 19:55:00+00:00,131.309,131.651,131.212,131.454,19475.7
2026-01-21 20:00:00+00:00,131.454,131.597,130.741,130.969,23765.2
2026-01-21 20:05:00+00:00,130.969,130.978,130.512,130.723,12687.6
2026-01-21 20:10:00+00:00,130.723,130.985,130.381,130.845,24475.4
2026-01-21 20:15:00+00:00,130.845,130.946,130.264,130.317,21497.6
2026-01-21 20:20:00+00:00,130.317,130.511,130.006,130.459,21882.8
2026-01-21 20:25:00+00:00,130.459,130.459,130.003,130.181,10126.2
2026-01-21 20:30:00+00:00,130.181,130.559,129.934,130.517,15150.3
2026-01-21 20:35:00+00:00,130.517,130.6,130.239,130.461,10918.2
2026-01-21 20:40:00+00:00,130.461,130.586,130.186,130.45,17502.9
2026-01-21 20:45:00+00:00,130.45,131.038,130.445,130.863,11911.9
2026-01-21 20:50:00+00:00,130.863,131.084,130.672,130.985,26737.1
2026-01-21 20:55:00+00:00,130.985,131.153,130.881,131.072,17624.2
2026-01-21 21:00:00+00:00,131.072,131.095,130.674,130.967,10339.8
2026-01-21 21:05:00+00:00,130.967,131.307,130.889,131.055,5238.7
2026-01-21 21:10:00+00:00,131.055,131.055,130.794,130.985,4848.7
2026-01-21 21:15:00+00:00,130.985,132.063,130.838,131.688,97925.8
2026-01-21 21:20:00+00:00,131.688,131.688,131.153,131.166,20784.6
2026-01-21 21:25:00+00:00,131.166,131.167,130.804,130.837,8395.1
2026-01-21 21:30:00+00:00,130.837,131.116,130.837,131.109,12597.7
2026-01-21 21:35:00+00:00,131.109,131.123,130.962,131.097,2907.1
2026-01-21 21:40:00+00:00,131.097,131.318,131.025,131.215,5208.0
2026-01-21 21:45:00+00:00,131.215,131.248,131.0,131.027,3713.1
2026-01-21 21:50:00+00:00,131.027,131.079,130.908,130.931,2413.1
2026-01-21 21:55:00+00:00,130.931,131.133,130.91,130.981,3018.4
2026-01-21 22:00:00+00:00,130.981,131.129,130.914,131.089,7987.8
2026-01-21 22:05:00+00:00,131.089,131.35,131.088,131.338,4869.3
2026-01-21 22:10:00+00:00,131.338,131.689,131.281,131.313,18135.0
2026-01-21 22:15:00+00:00,131.313,131.357,131.08,131.239,5017.6
2026-01-21 22:20:00+00:00,131.239,131.239,130.819,130.92,32430.8
2026-01-21 22:25:00+00:00,130.92,130.969,130.727,130.826,15765.4
2026-01-21 22:30:00+00:00,130.826,130.922,130.741,130.794,3835.0
2026-01-21 22:35:00+00:00,130.794,130.926,130.57,130.57,4276.5
2026-01-21 22:40:00+00:00,130.57,130.759,130.535,130.655,8377.6
2026-01-21 22:45:00+00:00,130.655,130.812,130.513,130.612,4146.1
2026-01-21 22:50:00+00:00,130.612,130.69,130.549,130.689,2770.7
2026-01-21 22:55:00+00:00,130.689,130.82,130.518,130.526,2789.4
2026-01-21 23:00:00+00:00,130.526,130.732,130.474,130.719,9759.3
2026-01-21 23:05:00+00:00,130.719,130.79,130.581,130.599,3802.9
2026-01-21 23:10:00+00:00,130.599,130.99,130.505,130.849,38332.4
2026-01-21 23:15:00+00:00,130.849,130.849,130.441,130.466,5956.2
2026-01-21 23:20:00+00:00,130.466,130.466,130.172,130.258,8298.9
2026-01-21 23:25:00+00:00,130.258,130.397,130.258,130.352,2495.7
2026-01-21 23:30:00+00:00,130.352,130.352,129.981,130.053,7094.5
2026-01-21 23:35:00+00:00,130.053,130.053,129.688,129.785,11998.4
2026-01-21 23:40:00+00:00,129.785,129.797,129.402,129.404,23569.0
2026-01-21 23:45:00+00:00,129.404,129.571,129.093,129.157,29287.8
2026-01-21 23:50:00+00:00,129.157,129.296,129.078,129.296,18748.1
2026-01-21 23:55:00+00:00,129.296,129.497,129.296,129.457,12954.1
2026-01-22 00:00:00+00:00,129.457,129.848,129.457,129.845,9848.4
2026-01-22 00:05:00+00:00,129.845,129.845,129.64,129.699,13498.2
2026-01-22 00:10:00+00:00,129.699,129.83,129.609,129.78,6058.4
2026-01-22 00:15:00+00:00,129.78,129.877,129.614,129.797,7190.1
2026-01-22 00:20:00+00:00,129.797,129.938,129.797,129.938,3462.9
2026-01-22 00:25:00+00:00,129.938,130.077,129.903,129.934,9446.5
2026-01-22 00:30:00+00:00,129.934,130.151,129.926,130.071,6906.0
2026-01-22 00:35:00+00:00,130.071,130.195,130.037,130.177,4582.0
2026-01-22 00:40:00+00:00,130.177,130.288,130.077,130.117,2845.1
2026-01-22 00:45:00+00:00,130.117,130.194,130.009,130.016,1857.4
2026-01-22 00:50:00+00:00,130.016,130.233,130.009,130.087,2036.8
2026-01-22 00:55:00+00:00,130.087,130.1,129.854,129.922,2444.0
2026-01-22 01:00:00+00:00,129.922,130.261,129.824,130.067,6038.2
2026-01-22 01:05:00+00:00,130.067,130.072,129.858,129.945,3231.9
2026-01-22 01:10:00+00:00,129.945,129.976,129.862,129.952,4869.9
2026-01-22 01:15:00+00:00,129.952,130.366,129.952,130.353,17958.6
2026-01-22 01:20:00+00:00,130.353,130.555,130.226,130.442,9719.7
2026-01-22 01:25:00+00:00,130.442,130.535,130.36,130.36,6067.4
2026-01-22 01:30:00+00:00,130.36,130.406,129.933,130.059,5242.6
2026-01-22 01:35:00+00:00,130.059,130.113,129.965,130.037,2678.0
2026-01-22 01:40:00+00:00,130.037,130.052,129.855,130.021,3251.2
2026-01-22 01:45:00+00:00,130.021,130.154,129.893,130.154,3683.6
2026-01-22 01:50:00+00:00,130.154,130.319,129.936,130.221,5226.6
2026-01-22 01:55:00+00:00,130.221,130.267,130.109,130.183,1001.7
2026-01-22 02:00:00+00:00,130.183,130.383,130.078,130.243,2252.4
2026-01-22 02:05:00+00:00,130.243,130.353,130.121,130.353,3999.1
2026-01-22 02:10:00+00:00,130.353,130.394,130.183,130.364,5959.0
2026-01-22 02:15:00+00:00,130.364,130.471,130.276,130.363,2380.8
2026-01-22 02:20:00+00:00,130.363,130.375,130.205,130.327,4134.4
2026-01-22 02:25:00+00:00,130.327,130.533,130.292,130.411,2012.8
2026-01-22 02:30:00+00:00,130.411,130.411,130.004,130.108,3694.9
2026-01-22 02:35:00+00:00,130.108,130.149,129.935,130.12,3702.1
2026-01-22 02:40:00+00:00,130.12,130.348,130.051,130.258,1333.2
2026-01-22 02:45:00+00:00,130.258,130.258,130.066,130.101,2076.3
2026-01-22 02:50:00+00:00,130.101,130.122,129.678,129.749,9354.2
2026-01-22 02:55:00+00:00,129.749,129.762,129.648,129.725,4362.7
2026-01-22 03:00:00+00:00,129.725,129.989,129.725,129.989,3023.9
2026-01-22 03:05:00+00:00,129.989,130.187,129.924,130.117,2976.8
2026-01-22 03:10:00+00:00,130.117,130.23,130.087,130.117,2870.2
2026-01-22 03:15:00+00:00,130.117,130.117,129.689,129.825,4843.0
2026-01-22 03:20:00+00:00,129.825,129.998,129.825,129.965,1981.3
2026-01-22 03:25:00+00:00,129.965,129.965,129.78,129.836,2363.1
2026-01-22 03:30:00+00:00,129.836,129.837,129.532,129.569,3961.1
2026-01-22 03:35:00+00:00,129.569,129.737,129.465,129.7,4590.4
2026-01-22 03:40:00+00:00,129.7,129.815,129.675,129.764,4510.2
2026-01-22 03:45:00+00:00,129.764,129.887,129.699,129.829,1457.7
2026-01-22 03:50:00+00:00,129.829,129.829,129.708,129.727,838.5
2026-01-22 03:55:00+00:00,129.727,129.797,129.724,129.785,1212.3
2026-01-22 04:00:00+00:00,129.785,129.822,129.727,129.807,1061.2
2026-01-22 04:05:00+00:00,129.807,130.056,129.697,130.03,3403.5
2026-01-22 04:10:00+00:00,130.03,130.072,129.91,129.921,1172.6
2026-01-22 04:15:00+00:00,129.921,130.078,129.844,130.039,2079.7
2026-01-22 04:20:00+00:00,130.039,130.184,129.904,130.184,3133.6
2026-01-22 04:25:00+00:00,130.184,130.214,130.126,130.175,1958.3
2026-01-22 04:30:00+00:00,130.175,130.254,130.082,130.201,3931.1
2026-01-22 04:35:00+00:00,130.201,130.356,130.078,130.078,2705.4
2026-01-22 04:40:00+00:00,130.078,130.247,130.06,130.247,1455.5
2026-01-22 04:45:00+00:00,130.247,130.343,130.213,130.303,2713.8
2026-01-22 04:50:00+00:00,130.303,130.399,130.28,130.365,2529.7
2026-01-22 04:55:00+00:00,130.365,130.365,130.258,130.272,2435.8
2026-01-22 05:00:00+00:00,130.272,130.347,130.231,130.31,795.8
2026-01-22 05:05:00+00:00,130.31,130.354,130.229,130.241,1298.4
2026-01-22 05:10:00+00:00,130.241,130.269,130.151,130.166,794.9
2026-01-22 05:15:00+00:00,130.166,130.227,130.1,130.1,1403.9
2026-01-22 05:20:00+00:00,130.1,130.196,130.024,130.195,2112.1
2026-01-22 05:25:00+00:00,130.195,130.204,130.071,130.071,1724.2
2026-01-22 05:30:00+00:00,130.071,130.121,130.014,130.091,2730.3
2026-01-22 05:35:00+00:00,130.091,130.177,129.961,130.157,2117.4
2026-01-22 05:40:00+00:00,130.157,130.243,130.116,130.142,2547.8
2026-01-22 05:45:00+00:00,130.142,130.206,130.05,130.134,943.7
2026-01-22 05:50:00+00:00,130.134,130.212,129.919,129.985,1863.8
2026-01-22 05:55:00+00:00,129.985,130.06,129.88,130.059,2484.9
2026-01-22 06:00:00+00:00,130.059,130.328,130.035,130.267,2260.3
2026-01-22 06:05:00+00:00,130.267,130.268,129.843,129.914,2076.2
2026-01-22 06:10:00+00:00,129.914,129.989,129.733,129.968,4838.7
2026-01-22 06:15:00+00:00,129.968,130.059,129.767,129.891,3441.4
2026-01-22 06:20:00+00:00,129.891,130.001,129.776,129.777,2581.7
2026-01-22 06:25:00+00:00,129.777,129.777,129.668,129.703,2095.5
2026-01-22 06:30:00+00:00,129.703,129.906,129.673,129.885,1663.7
2026-01-22 06:35:00+00:00,129.885,130.113,129.841,130.094,1485.1
2026-01-22 06:40:00+00:00,130.094,130.166,130.021,130.14,2981.7
2026-01-22 06:45:00+00:00,130.14,130.256,130.131,130.233,4442.4
2026-01-22 06:50:00+00:00,130.233,130.36,130.146,130.201,4325.2
2026-01-22 06:55:00+00:00,130.201,130.288,130.168,130.268,2356.4
2026-01-22 07:00:00+00:00,130.268,130.35,130.063,130.102,16830.1
2026-01-22 07:05:00+00:00,130.102,130.107,130.0,130.064,1993.5
2026-01-22 07:10:00+00:00,130.064,130.101,129.985,130.041,2793.3
2026-01-22 07:15:00+00:00,130.041,130.067,129.832,129.952,2958.9
2026-01-25 02:00:00+00:00,127.08,127.35,127.07,127.341,4755.4
2026-01-25 02:05:00+00:00,127.341,127.359,127.272,127.272,2122.9
2026-01-25 02:10:00+00:00,127.272,127.289,127.203,127.262,2339.9
2026-01-25 02:15:00+00:00,127.262,127.262,127.047,127.138,1694.8
2026-01-25 02:20:00+00:00,127.138,127.171,127.09,127.17,553.1
2026-01-25 02:25:00+00:00,127.17,127.187,127.083,127.102,1045.7
2026-01-25 02:30:00+00:00,127.102,127.23,127.093,127.227,2390.0
2026-01-25 02:35:00+00:00,127.227,127.26,127.127,127.151,1410.2
2026-01-25 02:40:00+00:00,127.151,127.151,126.969,126.969,2772.7
2026-01-25 02:45:00+00:00,126.969,127.012,126.872,127.007,7481.8
2026-01-25 02:50:00+00:00,127.007,127.061,127.007,127.018,431.6
2026-01-25 02:55:00+00:00,127.018,127.018,126.978,126.981,547.1
2026-01-25 03:00:00+00:00,126.981,127.068,126.978,127.041,1416.5
2026-01-25 03:05:00+00:00,127.041,127.062,126.919,126.936,1562.0
2026-01-25 03:10:00+00:00,126.936,127.024,126.897,126.916,2649.5
2026-01-25 03:15:00+00:00,126.916,126.916,126.703,126.778,10941.8
2026-01-25 03:20:00+00:00,126.778,126.786,126.672,126.776,6534.3
2026-01-25 03:25:00+00:00,126.776,126.796,126.685,126.695,3078.4
2026-01-25 03:30:00+00:00,126.695,126.695,126.286,126.442,29359.7
2026-01-25 03:35:00+00:00,126.442,126.519,126.373,126.503,3890.6
2026-01-25 03:40:00+00:00,126.503,126.572,126.485,126.49,1410.2
2026-01-25 03:45:00+00:00,126.49,126.492,126.366,126.481,3986.4
2026-01-25 03:50:00+00:00,126.481,126.5,126.444,126.485,1276.3
2026-01-25 03:55:00+00:00,126.485,126.623,126.485,126.577,3554.3
2026-01-25 04:00:00+00:00,126.577,126.744,126.524,126.743,2027.4
2026-01-25 04:05:00+00:00,126.743,126.76,126.666,126.687,8571.3
2026-01-25 04:10:00+00:00,126.687,126.687,126.518,126.556,6057.0
2026-01-25 04:15:00+00:00,126.556,126.593,126.45,126.523,12164.9
2026-01-25 04:20:00+00:00,126.523,126.565,126.517,126.565,295.0
2026-01-25 04:25:00+00:00,126.565,126.723,126.565,126.706,3693.4
2026-01-25 04:30:00+00:00,126.706,126.921,126.706,126.838,4324.4
2026-01-25 04:35:00+00:00,126.838,126.924,126.835,126.86,3435.0
2026-01-25 04:40:00+00:00,126.86,126.86,126.804,126.813,509.4
2026-01-25 04:45:00+00:00,126.813,126.813,126.734,126.782,1733.7
2026-01-25 04:50:00+00:00,126.782,126.824,126.772,126.793,588.0
2026-01-25 04:55:00+00:00,126.793,126.812,126.703,126.707,870.8
2026-01-25 05:00:00+00:00,126.707,126.723,126.653,126.715,1427.0
2026-01-25 05:05:00+00:00,126.715,126.732,126.67,126.722,1335.6
2026-01-25 05:10:00+00:00,126.722,126.767,126.683,126.747,1259.5
2026-01-25 05:15:00+00:00,126.747,126.747,126.601,126.61,1179.2
2026-01-25 05:20:00+00:00,126.61,126.633,126.556,126.588,1405.1
2026-01-25 05:25:00+00:00,126.588,126.7,126.588,126.699,567.9
2026-01-25 05:30:00+00:00,126.699,126.7,126.562,126.579,1378.7
2026-01-25 05:35:00+00:00,126.579,126.652,126.567,126.613,2039.5
2026-01-25 05:40:00+00:00,126.613,126.621,126.561,126.59,2142.4
2026-01-25 05:45:00+00:00,126.59,126.771,126.59,126.771,534.5
2026-01-25 05:50:00+00:00,126.771,126.83,126.746,126.82,572.1
2026-01-25 05:55:00+00:00,126.82,126.884,126.812,126.862,686.3
2026-01-25 06:00:00+00:00,126.862,126.863,126.792,126.792,449.5
2026-01-25 06:05:00+00:00,126.792,126.792,126.562,126.59,3162.4
2026-01-25 06:10:00+00:00,126.59,126.646,126.408,126.456,5066.8
2026-01-25 06:15:00+00:00,126.456,126.503,126.351,126.476,2745.6
2026-01-25 06:20:00+00:00,126.476,126.608,126.476,126.569,2101.1
2026-01-25 06:25:00+00:00,126.569,126.594,126.543,126.546,427.5
2026-01-25 06:30:00+00:00,126.546,126.693,126.545,126.606,1709.0
2026-01-25 06:35:00+00:00,126.606,126.653,126.468,126.502,2398.6
2026-01-25 06:40:00+00:00,126.502,126.767,126.502,126.666,4554.9
2026-01-25 06:45:00+00:00,126.666,126.711,126.612,126.666,1776.6
2026-01-25 06:50:00+00:00,126.666,126.678,126.616,126.66,489.1
2026-01-25 06:55:00+00:00,126.66,126.667,126.618,126.643,567.3
2026-01-25 07:00:00+00:00,126.643,126.647,126.534,126.535,2043.8
2026-01-25 07:05:00+00:00,126.535,126.539,126.45,126.492,1313.2
2026-01-25 07:10:00+00:00,126.492,126.556,126.419,126.42,1018.2
2026-01-25 07:15:00+00:00,126.42,126.463,126.3,126.3,2817.1
2026-01-25 07:20:00+00:00,126.3,126.514,126.287,126.475,2228.1
2026-01-25 07:25:00+00:00,126.475,126.52,126.474,126.52,742.8
2026-01-25 07:30:00+00:00,126.52,126.52,126.426,126.45,454.6
2026-01-25 07:35:00+00:00,126.45,126.52,126.45,126.52,555.1
2026-01-25 07:40:00+00:00,126.52,126.57,126.501,126.502,1228.1
2026-01-25 07:45:00+00:00,126.502,126.507,126.406,126.406,246.1
2026-01-25 07:50:00+00:00,126.406,126.473,126.369,126.423,4036.8
2026-01-25 07:55:00+00:00,126.423,126.425,126.354,126.403,2147.5
2026-01-25 08:00:00+00:00,126.403,126.595,126.39,126.52,2529.0
2026-01-25 08:05:00+00:00,126.52,126.643,126.52,126.637,1899.4
2026-01-25 08:10:00+00:00,126.637,126.696,126.613,126.687,3368.8
2026-01-25 08:15:00+00:00,126.687,126.756,126.652,126.652,3438.6
2026-01-25 08:20:00+00:00,126.652,126.72,126.652,126.72,2492.1
2026-01-25 08:25:00+00:00,126.72,126.733,126.597,126.605,4038.8
2026-01-25 08:30:00+00:00,126.605,126.615,126.55,126.567,2208.6
2026-01-25 08:35:00+00:00,126.567,126.607,126.15,126.28,26050.1
2026-01-25 08:40:00+00:00,126.28,126.34,126.024,126.31,30816.2
2026-01-25 08:45:00+00:00,126.31,126.31,125.884,126.145,24782.3
2026-01-25 08:50:00+00:00,126.145,126.301,126.137,126.205,4189.2
2026-01-25 08:55:00+00:00,126.205,126.243,126.162,126.162,2857.7
2026-01-25 09:00:00+00:00,126.162,126.316,126.1,126.141,4976.5
2026-01-25 09:05:00+00:00,126.141,126.254,126.042,126.254,2435.6
2026-01-25 09:10:00+00:00,126.254,126.296,126.24,126.273,2919.7
2026-01-25 09:15:00+00:00,126.273,126.369,126.273,126.319,3719.5
2026-01-25 09:20:00+00:00,126.319,126.441,126.311,126.434,10030.1
2026-01-25 09:25:00+00:00,126.434,126.5,126.383,126.45,17600.6
2026-01-25 09:30:00+00:00,126.45,126.552,126.44,126.501,25487.6
2026-01-25 09:35:00+00:00,126.501,126.814,126.387,126.735,19867.3
2026-01-25 09:40:00+00:00,126.735,126.837,126.716,126.814,7023.5
2026-01-25 09:45:00+00:00,126.814,126.822,126.626,126.712,12445.1
2026-01-25 09:50:00+00:00,126.712,126.725,126.601,126.68,7684.5
2026-01-25 09:55:00+00:00,126.68,126.692,126.632,126.638,2926.7
2026-01-25 10:00:00+00:00,126.638,126.685,126.619,126.653,15213.5
2026-01-25 10:05:00+00:00,126.653,126.675,126.551,126.66,4003.8
2026-01-25 10:10:00+00:00,126.66,126.75,126.644,126.704,3055.0
2026-01-25 10:15:00+00:00,126.704,126.779,126.698,126.709,4601.7
2026-01-25 10:20:00+00:00,126.709,126.964,126.708,126.95,12885.2
2026-01-25 10:25:00+00:00,126.95,127.1,126.871,127.097,11215.3
2026-01-25 10:30:00+00:00,127.097,127.138,126.951,126.988,10002.4
2026-01-25 10:35:00+00:00,126.988,127.002,126.841,126.917,18582.8
2026-01-25 10:40:00+00:00,126.917,127.054,126.917,127.016,3879.1
2026-01-25 10:45:00+00:00,127.016,127.048,126.889,126.896,3639.0
2026-01-25 10:50:00+00:00,126.896,126.921,126.845,126.886,2067.9
2026-01-25 10:55:00+00:00,126.886,126.957,126.879,126.892,4513.7
2026-01-25 11:00:00+00:00,126.892,126.892,126.69,126.739,6128.1
2026-01-25 11:05:00+00:00,126.739,126.781,126.633,126.723,3565.2
2026-01-25 11:10:00+00:00,126.723,126.724,126.659,126.666,1357.4
2026-01-25 11:15:00+00:00,126.666,126.804,126.666,126.762,9279.7
2026-01-25 11:20:00+00:00,126.762,126.919,126.761,126.789,2503.0
2026-01-25 11:25:00+00:00,126.789,126.868,126.78,126.868,426.1
2026-01-25 11:30:00+00:00,126.868,126.881,126.808,126.881,533.3
2026-01-25 11:35:00+00:00,126.881,126.906,126.651,126.651,1567.0
2026-01-25 11:40:00+00:00,126.651,126.745,126.619,126.652,3641.5
2026-01-25 11:45:00+00:00,126.652,126.752,126.62,126.713,2339.6
2026-01-25 11:50:00+00:00,126.713,126.713,126.505,126.51,2469.6
2026-01-25 11:55:00+00:00,126.51,126.713,126.498,126.71,5252.3
2026-01-25 12:00:00+00:00,126.71,126.746,126.553,126.623,7956.4
2026-01-25 12:05:00+00:00,126.623,126.779,126.623,126.664,2170.5
2026-01-25 12:10:00+00:00,126.664,126.789,126.642,126.781,2628.0
2026-01-25 12:15:00+00:00,126.781,126.837,126.565,126.565,7177.9
2026-01-25 12:20:00+00:00,126.565,126.8,126.518,126.788,36509.9
2026-01-25 12:25:00+00:00,126.788,126.903,126.688,126.688,32075.5
2026-01-25 12:30:00+00:00,126.688,126.723,126.642,126.682,1629.2
2026-01-25 12:35:00+00:00,126.682,126.793,126.682,126.792,1467.1
2026-01-25 12:40:00+00:00,126.792,126.902,126.75,126.886,477.8
2026-01-25 12:45:00+00:00,126.886,126.952,126.852,126.899,8826.4
2026-01-25 12:50:00+00:00,126.899,126.999,126.809,126.905,3439.2
2026-01-25 12:55:00+00:00,126.905,127.0,126.905,126.985,2291.9
2026-01-25 13:00:00+00:00,126.985,127.078,126.921,126.991,16579.3
2026-01-25 13:05:00+00:00,126.991,127.046,126.792,126.861,7707.6
2026-01-25 13:10:00+00:00,126.861,126.928,126.759,126.779,1570.0
2026-01-25 13:15:00+00:00,126.779,126.878,126.75,126.867,1673.3
2026-01-25 13:20:00+00:00,126.867,126.919,126.78,126.78,1807.0
2026-01-25 13:25:00+00:00,126.78,126.817,126.518,126.532,4617.5
2026-01-25 13:30:00+00:00,126.532,126.594,126.43,126.594,3955.7
2026-01-25 13:35:00+00:00,126.594,126.687,126.559,126.602,1373.7
2026-01-25 13:40:00+00:00,126.602,126.734,126.602,126.723,891.4
2026-01-25 13:45:00+00:00,126.723,126.899,126.723,126.883,4098.3
2026-01-25 13:50:00+00:00,126.883,126.991,126.873,126.958,6052.0
2026-01-25 13:55:00+00:00,126.958,126.958,126.881,126.919,2308.7
2026-01-25 14:00:00+00:00,126.919,126.947,126.591,126.679,8414.5
2026-01-25 14:05:00+00:00,126.679,126.724,126.524,126.524,2520.4
2026-01-25 14:10:00+00:00,126.524,126.584,126.472,126.53,4109.2
2026-01-25 14:15:00+00:00,126.53,126.632,126.265,126.325,52342.3
2026-01-25 14:20:00+00:00,126.325,126.363,126.055,126.115,23099.1
2026-01-25 14:25:00+00:00,126.115,126.195,125.604,125.853,47964.5
2026-01-25 14:30:00+00:00,125.853,125.924,125.642,125.883,13643.6
2026-01-25 14:35:00+00:00,125.883,126.024,125.874,126.008,9636.0
2026-01-25 14:40:00+00:00,126.008,126.008,125.868,125.896,4093.0
2026-01-25 14:45:00+00:00,125.896,125.896,125.719,125.865,5515.3
2026-01-25 14:50:00+00:00,125.865,126.037,125.848,126.037,2639.8
2026-01-25 14:55:00+00:00,126.037,126.1,125.996,126.044,4519.4
2026-01-25 15:00:00+00:00,126.044,126.063,125.886,126.059,2512.9
2026-01-25 15:05:00+00:00,126.059,126.104,125.978,126.065,3147.9
2026-01-25 15:10:00+00:00,126.065,126.17,125.969,125.981,5632.4
2026-01-25 15:15:00+00:00,125.981,126.152,125.867,125.875,6973.9
2026-01-25 15:20:00+00:00,125.875,125.954,125.804,125.897,6333.8
2026-01-25 15:25:00+00:00,125.897,126.256,125.897,126.203,6521.6
2026-01-25 15:30:00+00:00,126.203,126.203,125.977,125.977,2196.0
2026-01-25 15:35:00+00:00,125.977,126.057,125.836,125.844,2528.5
2026-01-25 15:40:00+00:00,125.844,125.95,125.81,125.836,3698.1
2026-01-25 15:45:00+00:00,125.836,125.84,125.681,125.711,4222.1
2026-01-25 15:50:00+00:00,125.711,125.822,125.395,125.546,31789.8
2026-01-25 15:55:00+00:00,125.546,125.671,125.392,125.531,24798.0
2026-01-25 16:00:00+00:00,125.531,125.531,122.556,123.837,422532.3
2026-01-25 16:05:00+00:00,123.837,123.844,122.713,122.95,118171.4
2026-01-25 16:10:00+00:00,122.95,123.095,122.344,122.635,99106.3
2026-01-25 16:15:00+00:00,122.635,123.076,122.111,122.585,74418.4
2026-01-25 16:20:00+00:00,122.585,122.779,122.211,122.779,48414.9
2026-01-25 16:25:00+00:00,122.779,122.984,122.474,122.852,35076.0
2026-01-25 16:30:00+00:00,122.852,123.111,122.342,122.405,33524.6
2026-01-25 16:35:00+00:00,122.405,122.835,122.357,122.75,18998.0
2026-01-25 16:40:00+00:00,122.75,122.89,122.661,122.709,12562.6
2026-01-25 16:45:00+00:00,122.709,122.714,122.402,122.402,18385.5
2026-01-25 16:50:00+00:00,122.402,122.675,122.386,122.571,12064.7
2026-01-25 16:55:00+00:00,122.571,122.82,122.544,122.727,16935.0
2026-01-25 17:00:00+00:00,122.727,122.925,122.401,122.418,20962.3
2026-01-25 17:05:00+00:00,122.418,122.452,121.68,122.075,79116.1
2026-01-25 17:10:00+00:00,122.075,122.075,121.512,121.573,31885.8
2026-01-25 17:15:00+00:00,121.573,121.932,121.533,121.903,34657.8
2026-01-25 17:20:00+00:00,121.903,122.087,121.859,121.879,13508.0
2026-01-25 17:25:00+00:00,121.879,122.071,121.741,122.001,7504.4
2026-01-25 17:30:00+00:00,122.001,122.257,121.979,122.106,9373.1
2026-01-25 17:35:00+00:00,122.106,122.287,122.083,122.256,8527.2
2026-01-25 17:40:00+00:00,122.256,122.471,122.238,122.47,5506.1
2026-01-25 17:45:00+00:00,122.47,122.507,122.223,122.324,4575.8
2026-01-25 17:50:00+00:00,122.324,122.4,122.248,122.312,2372.6
2026-01-25 17:55:00+00:00,122.312,122.312,122.1,122.164,17415.9
2026-01-25 18:00:00+00:00,122.164,122.164,121.808,122.001,14696.2
2026-01-25 18:05:00+00:00,122.001,122.252,121.951,122.06,7609.8
2026-01-25 18:10:00+00:00,122.06,122.06,120.833,121.85,159687.5
2026-01-25 18:15:00+00:00,121.85,122.161,121.566,121.819,29614.0
2026-01-25 18:20:00+00:00,121.819,122.031,121.74,121.772,10162.3
2026-01-25 18:25:00+00:00,121.772,121.78,121.27,121.432,28786.7
2026-01-25 18:30:00+00:00,121.432,121.625,121.041,121.055,26548.0
2026-01-25 18:35:00+00:00,121.055,121.476,121.039,121.123,14731.5
2026-01-28 13:20:00+00:00,126.969,127.11,126.8,127.034,8011.4
2026-01-28 13:25:00+00:00,127.034,127.268,126.991,127.268,7083.2
2026-01-28 13:30:00+00:00,127.268,127.5,127.233,127.397,10837.2
2026-01-28 13:35:00+00:00,127.397,127.783,127.145,127.158,43433.5
2026-01-28 13:40:00+00:00,127.158,127.697,127.067,127.588,15842.6
2026-01-28 13:45:00+00:00,127.588,127.726,127.308,127.335,12340.7
2026-01-28 13:50:00+00:00,127.335,127.503,127.335,127.426,2295.6
2026-01-28 13:55:00+00:00,127.426,127.426,127.141,127.275,2547.8
2026-01-28 14:00:00+00:00,127.275,127.276,127.071,127.2,4411.4
2026-01-28 14:05:00+00:00,127.2,127.2,126.936,127.04,14247.4
2026-01-28 14:10:00+00:00,127.04,127.088,126.875,126.896,2949.5
2026-01-28 14:15:00+00:00,126.896,126.936,126.548,126.671,10871.1
2026-01-28 14:20:00+00:00,126.671,126.792,126.474,126.7,9619.8
2026-01-28 14:25:00+00:00,126.7,126.85,126.546,126.771,9031.0
2026-01-28 14:30:00+00:00,126.771,127.187,126.726,127.114,22255.6
2026-01-28 14:35:00+00:00,127.114,127.261,126.605,126.662,26544.6
2026-01-28 14:40:00+00:00,126.662,126.842,126.48,126.693,13503.7
2026-01-28 14:45:00+00:00,126.693,126.858,126.367,126.715,40657.0
2026-01-28 14:50:00+00:00,126.715,126.889,126.455,126.801,8156.2
2026-01-28 14:55:00+00:00,126.801,126.88,126.67,126.798,5412.0
2026-01-28 15:00:00+00:00,126.798,127.081,126.744,126.835,6889.8
2026-01-28 15:05:00+00:00,126.835,126.946,126.35,126.358,24252.6
2026-01-28 15:10:00+00:00,126.358,126.434,125.73,125.762,69017.0
2026-01-28 15:15:00+00:00,125.762,126.051,125.444,125.936,53613.9
2026-01-28 15:20:00+00:00,125.936,126.241,125.903,125.945,11955.1
2026-01-28 15:25:00+00:00,125.945,126.204,125.82,126.001,6963.6
2026-01-28 15:30:00+00:00,126.001,126.152,125.704,125.704,12404.0
2026-01-28 15:35:00+00:00,125.704,126.183,125.704,126.013,7570.2
2026-01-28 15:40:00+00:00,126.013,126.229,125.957,126.162,7643.5
2026-01-28 15:45:00+00:00,126.162,126.337,125.748,125.848,17293.6
2026-01-28 15:50:00+00:00,125.848,126.137,125.848,126.136,4111.6
2026-01-28 15:55:00+00:00,126.136,126.222,125.907,126.011,5315.3
2026-01-28 16:00:00+00:00,126.011,126.064,125.639,125.89,16603.6
2026-01-28 16:05:00+00:00,125.89,125.932,125.655,125.828,4934.5
2026-01-28 16:10:00+00:00,125.828,125.944,125.602,125.639,8646.0
2026-01-28 16:15:00+00:00,125.639,125.854,125.602,125.744,4805.1
2026-01-28 16:20:00+00:00,125.744,125.995,125.744,125.992,4886.1
2026-01-28 16:25:00+00:00,125.992,126.496,125.992,126.467,22144.7
2026-01-28 16:30:00+00:00,126.467,126.608,126.171,126.171,13183.3
2026-01-28 16:35:00+00:00,126.171,126.299,126.056,126.15,9558.9
2026-01-28 16:40:00+00:00,126.15,126.15,125.52,125.746,18189.6
2026-01-28 16:45:00+00:00,125.746,126.089,125.742,126.026,9429.3
2026-01-28 16:50:00+00:00,126.026,126.222,125.82,126.222,4468.0
2026-01-28 16:55:00+00:00,126.222,126.312,125.974,126.011,9267.7
2026-01-28 17:00:00+00:00,126.011,126.355,126.011,126.191,4165.4
2026-01-28 17:05:00+00:00,126.191,126.288,125.95,126.035,5751.4
2026-01-28 17:10:00+00:00,126.035,126.287,126.001,126.122,2930.4
2026-01-28 17:15:00+00:00,126.122,126.126,125.932,126.093,2988.5
2026-01-28 17:20:00+00:00,126.093,126.196,125.786,125.821,4453.4
2026-01-28 17:25:00+00:00,125.821,125.923,125.766,125.882,2989.7
2026-01-28 17:30:00+00:00,125.882,125.882,125.207,125.595,37239.5
2026-01-28 17:35:00+00:00,125.595,126.252,125.595,126.196,38026.6
2026-01-28 17:40:00+00:00,126.196,126.526,126.091,126.301,26076.6
2026-01-28 17:45:00+00:00,126.301,126.426,126.158,126.282,8124.5
2026-01-28 17:50:00+00:00,126.282,126.991,126.279,126.836,62110.6
2026-01-28 17:55:00+00:00,126.836,126.871,126.411,126.477,22575.6
2026-01-28 18:00:00+00:00,126.477,126.492,125.835,126.192,65099.6
2026-01-28 18:05:00+00:00,126.192,126.217,125.984,126.116,9415.4
2026-01-28 18:10:00+00:00,126.116,126.319,126.013,126.262,7511.2
2026-01-28 18:15:00+00:00,126.262,126.31,125.964,125.99,6904.8
2026-01-28 18:20:00+00:00,125.99,126.338,125.99,126.334,5148.0
2026-01-28 18:25:00+00:00,126.334,126.334,125.747,125.835,4289.0
2026-01-28 18:30:00+00:00,125.835,125.99,125.714,125.826,5717.5
2026-01-28 18:35:00+00:00,125.826,125.893,125.688,125.816,3475.1
2026-01-28 18:40:00+00:00,125.816,125.945,125.72,125.892,8503.9
2026-01-28 18:45:00+00:00,125.892,125.974,125.799,125.89,4613.2
2026-01-28 18:50:00+00:00,125.89,125.99,125.617,125.868,6709.4
2026-01-28 18:55:00+00:00,125.868,126.079,125.748,126.033,4396.2
2026-01-28 19:00:00+00:00,126.033,126.647,125.733,126.419,83817.2
2026-01-28 19:05:00+00:00,126.419,126.529,125.938,126.114,16474.4
2026-01-28 19:10:00+00:00,126.114,126.352,125.802,125.914,13643.8
2026-01-28 19:15:00+00:00,125.914,126.042,125.671,125.892,8598.2
2026-01-28 19:20:00+00:00,125.892,126.199,125.782,126.034,4952.8
2026-01-28 19:25:00+00:00,126.034,126.28,125.881,125.881,5184.1
2026-01-28 19:30:00+00:00,125.881,126.187,125.506,125.755,63299.1
2026-01-28 19:35:00+00:00,125.755,126.0,125.606,125.705,35490.3
2026-01-28 19:40:00+00:00,125.705,125.826,125.241,125.407,24079.1
2026-01-28 19:45:00+00:00,125.407,126.255,125.407,126.12,18124.6
2026-01-28 19:50:00+00:00,126.12,126.365,125.914,126.209,6710.7
2026-01-28 19:55:00+00:00,126.209,126.276,125.937,125.937,6902.2
2026-01-28 20:00:00+00:00,125.937,126.306,125.8,126.09,7296.5
2026-01-28 20:05:00+00:00,126.09,126.202,125.998,126.135,5447.0
2026-01-28 20:10:00+00:00,126.135,126.149,125.938,126.08,5164.5
2026-01-28 20:15:00+00:00,126.08,126.212,125.728,126.076,9640.8
2026-01-28 20:20:00+00:00,126.076,126.234,125.997,126.168,5049.8
2026-01-28 20:25:00+00:00,126.168,126.614,126.004,126.367,47974.1
2026-01-28 20:30:00+00:00,126.367,126.387,125.851,126.012,8989.3
2026-01-28 20:35:00+00:00,126.012,126.012,125.642,125.85,16992.0
2026-01-28 20:40:00+00:00,125.85,125.911,125.697,125.708,4176.0
2026-01-28 20:45:00+00:00,125.708,125.737,125.436,125.455,11105.6
2026-01-28 20:50:00+00:00,125.455,125.606,125.4,125.586,13390.0
2026-01-28 20:55:00+00:00,125.586,125.705,125.281,125.374,22184.6
2026-01-28 21:00:00+00:00,125.374,125.543,124.7,125.031,67621.5
2026-01-28 21:05:00+00:00,125.031,125.513,124.906,125.482,44235.9
2026-01-28 21:10:00+00:00,125.482,125.502,125.188,125.355,7576.6
2026-01-28 21:15:00+00:00,125.355,125.592,125.242,125.543,5074.9
2026-01-28 21:20:00+00:00,125.543,125.64,125.469,125.509,2469.2
2026-01-28 21:25:00+00:00,125.509,125.566,125.41,125.457,1271.0
2026-01-28 21:30:00+00:00,125.457,125.496,125.137,125.138,4923.7
2026-01-28 21:35:00+00:00,125.138,125.312,124.971,125.244,31160.1
2026-01-28 21:40:00+00:00,125.244,125.568,125.218,125.554,4053.7
2026-01-28 21:45:00+00:00,125.554,125.631,125.384,125.615,5297.8
2026-01-28 21:50:00+00:00,125.615,125.785,125.588,125.764,5179.0
2026-01-28 21:55:00+00:00,125.764,125.764,125.293,125.395,5903.1
2026-01-28 22:00:00+00:00,125.395,125.625,125.395,125.501,5995.7
2026-01-28 22:05:00+00:00,125.501,125.513,125.375,125.45,1950.5
2026-01-28 22:10:00+00:00,125.45,125.482,125.244,125.285,9230.3
2026-01-28 22:15:00+00:00,125.285,125.285,125.152,125.235,2476.9
2026-01-28 22:20:00+00:00,125.235,125.326,125.086,125.267,4901.6
2026-01-28 22:25:00+00:00,125.267,125.508,125.257,125.508,1820.1
2026-01-28 22:30:00+00:00,125.508,125.645,125.498,125.553,4690.6
2026-01-28 22:35:00+00:00,125.553,125.708,125.5,125.685,6395.7
2026-01-28 22:40:00+00:00,125.685,125.746,125.628,125.714,3458.7
2026-01-28 22:45:00+00:00,125.714,125.781,125.621,125.621,7098.5
2026-01-28 22:50:00+00:00,125.621,125.65,125.52,125.586,19404.2
2026-01-28 22:55:00+00:00,125.586,125.661,125.551,125.66,2922.2
2026-01-28 23:00:00+00:00,125.66,125.711,125.471,125.568,12398.2
2026-01-28 23:05:00+00:00,125.568,125.568,125.364,125.398,6152.7
2026-01-28 23:10:00+00:00,125.398,125.59,125.342,125.381,2534.9
2026-01-28 23:15:00+00:00,125.381,125.6,125.333,125.541,3271.2
2026-01-28 23:20:00+00:00,125.541,125.624,125.44,125.546,896.5
2026-01-28 23:25:00+00:00,125.546,125.546,125.208,125.217,2592.3
2026-01-28 23:30:00+00:00,125.217,125.325,125.1,125.146,3989.6
2026-01-28 23:35:00+00:00,125.146,125.174,125.011,125.019,5014.0
2026-01-28 23:40:00+00:00,125.019,125.151,124.99,125.14,27333.5
2026-01-28 23:45:00+00:00,125.14,125.287,125.065,125.106,5218.3
2026-01-28 23:50:00+00:00,125.106,125.261,125.073,125.206,3853.5
2026-01-28 23:55:00+00:00,125.206,125.312,125.162,125.278,6024.6
2026-01-29 00:00:00+00:00,125.278,125.441,125.005,125.061,5450.0
2026-01-29 00:05:00+00:00,125.061,125.177,125.001,125.127,3910.1
2026-01-29 00:10:00+00:00,125.127,125.273,125.097,125.113,2525.0
2026-01-29 00:15:00+00:00,125.113,125.113,124.911,124.913,4593.2
2026-01-29 00:20:00+00:00,124.913,125.098,124.848,125.047,6021.6
2026-01-29 00:25:00+00:00,125.047,125.058,124.821,124.897,3245.3
2026-01-29 00:30:00+00:00,124.897,125.006,124.839,124.965,2826.7
2026-01-29 00:35:00+00:00,124.965,124.982,124.6,124.852,15012.6
2026-01-29 00:40:00+00:00,124.852,124.88,124.563,124.612,4687.2
2026-01-29 00:45:00+00:00,124.612,124.989,124.476,124.919,8734.4
2026-01-29 00:50:00+00:00,124.919,124.956,124.801,124.889,3143.0
2026-01-29 00:55:00+00:00,124.889,125.071,124.775,125.056,2206.9
2026-01-29 01:00:00+00:00,125.056,125.175,124.977,125.094,7653.3
2026-01-29 01:05:00+00:00,125.094,125.128,124.868,124.895,4141.4
2026-01-29 01:10:00+00:00,124.895,125.05,124.841,124.891,3838.2
2026-01-29 01:15:00+00:00,124.891,124.911,124.712,124.72,2469.6
2026-01-29 01:20:00+00:00,124.72,124.831,124.571,124.571,3879.6
2026-01-29 01:25:00+00:00,124.571,124.656,124.036,124.559,22670.6
2026-01-29 01:30:00+00:00,124.559,124.691,124.428,124.473,11357.8
2026-01-29 01:35:00+00:00,124.473,124.702,124.431,124.64,19785.5
2026-01-29 01:40:00+00:00,124.64,124.652,124.454,124.626,7516.9
2026-01-29 01:45:00+00:00,124.626,124.737,124.385,124.422,7765.3
2026-01-29 01:50:00+00:00,124.422,124.431,124.101,124.135,7728.3
2026-01-29 01:55:00+00:00,124.135,124.327,124.13,124.253,8913.6
2026-01-29 02:00:00+00:00,124.253,124.481,124.081,124.439,6337.4
2026-01-29 02:05:00+00:00,124.439,124.58,124.316,124.425,2649.3
2026-01-29 02:10:00+00:00,124.425,124.688,124.318,124.434,11062.9
2026-01-29 02:15:00+00:00,124.434,124.435,124.096,124.32,6438.6
2026-01-29 02:20:00+00:00,124.32,124.488,124.215,124.47,2953.2
2026-01-29 02:25:00+00:00,124.47,124.503,124.375,124.392,2339.4
2026-01-29 02:30:00+00:00,124.392,124.392,123.135,123.735,156972.2
2026-01-29 02:35:00+00:00,123.735,123.921,123.521,123.899,10290.0
2026-01-29 02:40:00+00:00,123.899,123.899,123.582,123.623,10260.0
2026-01-29 02:45:00+00:00,123.623,123.662,123.105,123.158,32987.1
2026-01-29 02:50:00+00:00,123.158,123.315,123.052,123.211,10541.4
2026-01-29 02:55:00+00:00,123.211,123.496,123.107,123.459,11929.5
2026-01-29 03:00:00+00:00,123.459,123.537,123.151,123.533,14757.7
2026-01-29 03:05:00+00:00,123.533,123.69,123.411,123.428,7757.7
2026-01-29 03:10:00+00:00,123.428,123.646,123.314,123.402,14472.0
2026-01-29 03:15:00+00:00,123.402,123.474,122.69,122.932,36960.1
2026-01-29 03:20:00+00:00,122.932,123.33,122.932,123.111,13142.6
2026-01-29 03:25:00+00:00,123.111,123.123,122.797,122.797,16155.8
2026-01-29 03:30:00+00:00,122.797,122.819,122.616,122.717,27605.2
2026-01-29 03:35:00+00:00,122.717,122.857,122.675,122.846,5913.9
2026-01-29 03:40:00+00:00,122.846,123.138,122.846,123.138,3429.8
2026-01-29 03:45:00+00:00,123.138,123.215,122.914,123.099,16585.0
2026-01-29 03:50:00+00:00,123.099,123.215,122.991,123.085,16277.4
2026-01-29 03:55:00+00:00,123.085,123.119,122.974,122.99,2541.5
2026-01-29 04:00:00+00:00,122.99,123.092,122.8,122.917,6630.6
2026-01-29 04:05:00+00:00,122.917,122.993,122.85,122.911,2977.8
2026-01-29 04:10:00+00:00,122.911,122.911,122.546,122.626,14406.0
2026-01-29 04:15:00+00:00,122.626,122.909,122.615,122.703,3785.3
2026-01-29 04:20:00+00:00,122.703,122.817,122.429,122.696,16986.0
2026-01-29 04:25:00+00:00,122.696,122.865,122.603,122.859,2523.5
2026-01-29 04:30:00+00:00,122.859,123.055,122.859,123.053,8115.8
2026-01-29 04:35:00+00:00,123.053,123.158,123.02,123.133,9019.3
2026-01-29 04:40:00+00:00,123.133,123.21,123.077,123.2,7546.6
2026-01-29 04:45:00+00:00,123.2,123.395,123.2,123.393,7066.9
2026-01-29 04:50:00+00:00,123.393,123.456,123.376,123.416,2937.9
2026-01-29 04:55:00+00:00,123.416,123.418,123.293,123.362,3401.1
2026-01-29 05:00:00+00:00,123.362,123.772,123.309,123.659,23929.4
2026-01-29 05:05:00+00:00,123.659,123.659,123.382,123.452,7676.6
2026-01-29 05:10:00+00:00,123.452,123.513,123.413,123.499,6203.1
2026-01-29 05:15:00+00:00,123.499,123.599,123.467,123.577,5072.3
2026-01-29 05:20:00+00:00,123.577,123.616,123.474,123.551,4521.8
2026-01-29 05:25:00+00:00,123.551,123.725,123.55,123.618,7184.3
2026-01-29 05:30:00+00:00,123.618,123.695,123.525,123.657,6020.2
2026-01-29 05:35:00+00:00,123.657,123.769,123.624,123.631,5948.6
2026-01-29 05:40:00+00:00,123.631,123.683,123.518,123.529,14176.8
2026-01-29 05:45:00+00:00,123.529,123.538,123.336,123.362,11290.1
2026-01-29 05:50:00+00:00,123.362,123.394,123.17,123.182,6951.7
2026-01-29 05:55:00+00:00,123.182,123.2,123.087,123.185,7266.6
2026-01-29 06:05:00+00:00,123.266,123.304,123.175,123.202,2466.7
2026-01-29 06:10:00+00:00,123.202,123.222,123.033,123.156,2686.3
2026-01-29 06:15:00+00:00,123.156,123.373,123.156,123.291,5658.4
2026-01-29 06:20:00+00:00,123.291,123.291,123.166,123.226,3087.5
2026-01-29 06:25:00+00:00,123.226,123.411,123.175,123.411,2848.3
2026-01-29 06:30:00+00:00,123.411,123.633,123.411,123.619,4910.3
2026-01-29 06:35:00+00:00,123.619,123.661,123.42,123.561,7543.7
2026-01-29 06:40:00+00:00,123.561,123.624,123.514,123.61,2616.1
2026-01-29 06:45:00+00:00,123.61,123.613,123.33,123.495,5691.1
2026-01-29 06:50:00+00:00,123.495,123.506,123.338,123.403,2887.3
2026-01-29 06:55:00+00:00,123.403,123.644,123.389,123.643,4576.1
2026-01-29 07:00:00+00:00,123.643,123.766,123.633,123.732,4537.2
2026-01-29 07:05:00+00:00,123.732,123.86,123.707,123.798,11372.2
2026-01-29 07:10:00+00:00,123.798,123.824,123.671,123.714,5935.1
2026-01-29 07:15:00+00:00,123.714,123.714,123.591,123.699,3933.9
2026-01-29 07:20:00+00:00,123.699,123.854,123.694,123.854,1401.4
2026-01-29 07:25:00+00:00,123.854,123.892,123.653,123.682,6560.0
2026-01-29 07:30:00+00:00,123.682,123.77,123.633,123.77,3141.2
2026-01-29 07:35:00+00:00,123.77,123.905,123.77,123.788,3070.6
2026-01-29 07:40:00+00:00,123.788,123.873,123.706,123.873,2107.2
2026-01-29 07:45:00+00:00,123.873,123.925,123.788,123.894,3543.3
2026-01-29 07:50:00+00:00,123.894,123.912,123.786,123.904,3852.5
2026-01-29 07:55:00+00:00,123.904,123.924,123.616,123.72,5552.9
2026-01-29 08:00:00+00:00,123.72,123.74,123.501,123.501,5204.3
2026-01-29 08:05:00+00:00,123.501,123.501,123.3,123.317,7613.1
2026-01-29 08:10:00+00:00,123.317,123.492,123.255,123.262,6236.3
2026-01-29 08:15:00+00:00,123.262,123.332,123.159,123.309,4569.4
2026-01-29 08:20:00+00:00,123.309,123.411,123.309,123.41,3663.1
2026-01-29 08:25:00+00:00,123.41,123.87,123.385,123.785,7431.1
2026-01-29 08:30:00+00:00,123.785,123.789,123.536,123.542,8267.7
2026-01-29 08:35:00+00:00,123.542,123.555,123.438,123.45,1773.7
2026-01-29 08:40:00+00:00,123.45,123.479,123.22,123.316,2802.0
2026-01-29 08:45:00+00:00,123.316,123.441,123.279,123.279,4479.6
2026-01-29 08:50:00+00:00,123.279,123.284,123.133,123.134,4644.5
2026-01-29 08:55:00+00:00,123.134,123.288,123.112,123.239,5521.8
2026-01-29 09:00:00+00:00,123.239,123.314,123.132,123.299,3100.2
2026-01-29 09:05:00+00:00,123.299,123.317,123.12,123.157,2706.4
2026-01-29 09:10:00+00:00,123.157,123.157,123.003,123.042,3408.5
2026-01-29 09:15:00+00:00,123.042,123.09,122.9,123.05,8128.6
2026-01-29 09:20:00+00:00,123.05,123.117,123.002,123.117,6348.5
2026-01-29 09:25:00+00:00,123.117,123.119,123.045,123.053,2117.8
2026-01-29 09:30:00+00:00,123.053,123.105,123.0,123.092,4886.6
2026-01-29 09:35:00+00:00,123.092,123.3,123.081,123.299,7980.7
2026-01-29 09:40:00+00:00,123.299,123.299,123.109,123.162,1769.9
2026-01-29 09:45:00+00:00,123.162,123.182,123.08,123.083,2082.9
2026-01-29 09:50:00+00:00,123.083,123.158,123.025,123.03,1191.9
2026-01-29 09:55:00+00:00,123.03,123.063,122.959,122.975,2391.6
2026-01-29 10:00:00+00:00,122.975,122.986,122.832,122.967,4450.3
2026-01-29 10:05:00+00:00,122.967,123.143,122.961,123.127,4195.3
2026-01-29 10:10:00+00:00,123.127,123.184,123.044,123.074,2604.1
2026-01-29 10:15:00+00:00,123.074,123.221,123.043,123.101,4191.7
2026-01-29 10:20:00+00:00,123.101,123.324,123.09,123.196,39137.4
2026-01-29 10:25:00+00:00,123.196,123.227,123.128,123.204,1208.3
2026-01-29 10:30:00+00:00,123.204,123.204,123.047,123.121,3251.2
2026-01-29 10:35:00+00:00,123.121,123.215,123.115,123.194,1804.3
2026-01-29 10:40:00+00:00,123.194,123.194,123.045,123.095,8771.0
2026-01-29 10:45:00+00:00,123.095,123.097,122.975,123.021,3618.5
2026-01-29 10:50:00+00:00,123.021,123.3,123.021,123.188,4552.9
2026-01-29 10:55:00+00:00,123.188,123.193,123.162,123.17,2992.2
2026-01-29 11:00:00+00:00,123.17,123.17,122.705,123.032,19873.4
2026-01-29 11:05:00+00:00,123.032,123.197,122.973,123.197,14002.7
2026-01-29 11:10:00+00:00,123.197,123.243,123.012,123.042,4186.9
2026-01-29 11:15:00+00:00,123.042,123.047,122.8,122.968,40396.0
2026-01-29 11:20:00+00:00,122.968,123.044,122.819,122.855,9861.8
2026-01-29 11:25:00+00:00,122.855,122.869,122.693,122.743,8352.6
2026-01-29 11:30:00+00:00,122.743,122.981,122.701,122.878,9222.3
2026-01-29 11:35:00+00:00,122.878,122.954,122.735,122.829,8358.2
2026-01-29 11:40:00+00:00,122.829,122.833,122.674,122.77,6089.5
2026-01-29 11:45:00+00:00,122.77,122.77,122.639,122.662,10476.0
2026-01-29 11:50:00+00:00,122.662,122.874,122.662,122.766,5999.4
2026-01-29 11:55:00+00:00,122.766,122.897,122.701,122.701,5986.2
2026-01-29 12:00:00+00:00,122.701,122.98,122.701,122.865,5519.8
2026-01-29 12:05:00+00:00,122.865,122.987,122.794,122.972,16537.4
2026-01-29 12:10:00+00:00,122.972,122.975,122.876,122.9,5517.9
2026-01-29 12:15:00+00:00,122.9,122.978,122.837,122.856,4282.9
2026-01-29 12:20:00+00:00,122.856,122.857,122.729,122.802,1106.7
2026-01-29 12:25:00+00:00,122.802,122.847,122.767,122.813,5863.5
2026-01-29 12:30:00+00:00,122.813,123.083,122.812,123.061,5879.7
2026-01-29 12:35:00+00:00,123.061,123.15,122.41,122.461,34016.3
2026-01-29 12:40:00+00:00,122.461,122.715,122.393,122.63,12273.5
2026-01-29 12:45:00+00:00,122.63,122.72,122.54,122.582,3526.9
2026-01-29 12:50:00+00:00,122.582,122.675,122.575,122.65,10474.8
2026-01-29 12:55:00+00:00,122.65,122.831,122.634,122.801,9964.3
2026-01-29 13:00:00+00:00,122.801,123.111,122.769,123.097,9342.9
2026-01-29 13:05:00+00:00,123.097,123.102,122.842,122.868,4348.3
2026-01-29 13:10:00+00:00,122.868,122.933,122.837,122.933,2311.1
2026-01-29 13:15:00+00:00,122.933,122.933,122.834,122.857,1739.8
2026-01-29 13:20:00+00:00,122.857,123.004,122.825,122.833,2072.1
2026-01-29 13:25:00+00:00,122.833,123.06,122.833,123.059,16194.5
2026-01-29 13:30:00+00:00,123.059,123.059,122.812,122.942,2799.2
2026-01-29 13:35:00+00:00,122.942,122.943,122.845,122.851,2550.0
2026-01-29 13:40:00+00:00,122.851,122.938,122.794,122.842,2900.0
2026-01-29 13:45:00+00:00,122.842,122.875,122.796,122.852,1579.6
2026-01-29 13:50:00+00:00,122.852,122.852,122.66,122.704,5014.5
2026-01-29 13:55:00+00:00,122.704,122.867,122.629,122.867,8664.9
2026-01-29 14:00:00+00:00,122.867,122.96,122.778,122.789,5342.8
2026-01-29 14:05:00+00:00,122.789,123.04,122.765,123.022,3380.3
2026-01-29 14:10:00+00:00,123.022,123.022,122.749,122.749,16348.6
2026-01-29 14:15:00+00:00,122.749,122.89,122.736,122.827,4662.5
2026-01-29 14:20:00+00:00,122.827,122.981,122.818,122.872,1651.1
2026-01-29 14:25:00+00:00,122.872,122.874,122.406,122.416,14818.1
2026-01-29 14:30:00+00:00,122.416,122.754,121.386,121.511,180387.2
2026-01-29 14:35:00+00:00,121.511,121.85,121.334,121.542,44938.6
2026-01-29 14:40:00+00:00,121.542,121.627,120.953,121.206,73049.7
2026-01-29 14:45:00+00:00,121.206,121.618,121.071,121.45,25216.4
2026-01-29 14:50:00+00:00,121.45,121.458,120.834,121.12,67356.2
2026-01-29 14:55:00+00:00,121.12,121.221,120.262,120.282,87336.2
2026-01-29 15:00:00+00:00,120.282,120.393,119.109,119.569,207105.5
2026-01-29 15:05:00+00:00,119.569,119.657,118.36,118.427,148543.8
2026-01-29 15:10:00+00:00,118.427,118.618,117.3,117.66,293535.6
2026-01-29 15:15:00+00:00,117.66,118.325,117.376,117.94,86592.2
2026-01-29 15:20:00+00:00,117.94,118.611,117.596,118.561,73572.9
2026-01-29 15:25:00+00:00,118.561,118.765,118.1,118.479,93312.2
2026-01-29 15:30:00+00:00,118.479,118.781,117.928,118.309,61703.2
2026-01-29 15:35:00+00:00,118.309,118.493,117.523,117.526,51887.4
2026-01-29 15:40:00+00:00,117.526,117.545,116.03,116.524,204975.1
2026-01-29 15:45:00+00:00,116.524,116.904,116.337,116.779,50451.7
2026-01-29 15:50:00+00:00,116.779,117.605,116.634,117.5,46737.6
2026-01-29 15:55:00+00:00,117.5,117.944,117.364,117.623,44602.1
2026-01-29 16:00:00+00:00,117.623,117.636,117.084,117.313,40702.9
2026-01-29 16:05:00+00:00,117.313,117.425,116.651,116.952,72094.4
2026-01-29 16:10:00+00:00,116.952,117.892,116.82,117.891,48603.7
2026-01-29 16:15:00+00:00,117.891,118.336,117.617,117.734,63226.8
2026-01-29 16:20:00+00:00,117.734,118.028,117.517,117.52,23703.6
2026-01-29 16:25:00+00:00,117.52,117.728,117.25,117.323,22493.0
2026-01-29 16:30:00+00:00,117.323,117.948,117.294,117.832,37384.6
2026-01-29 16:35:00+00:00,117.832,117.981,117.526,117.894,21274.9
2026-01-29 16:40:00+00:00,117.894,118.222,117.846,117.942,27194.5
2026-01-29 16:45:00+00:00,117.942,118.326,117.861,118.125,22603.8
2026-01-29 16:50:00+00:00,118.125,118.247,118.001,118.212,8658.3
2026-01-29 16:55:00+00:00,118.212,118.967,118.211,118.888,87802.0
2026-01-29 17:00:00+00:00,118.888,119.106,118.599,118.713,34371.3
2026-01-29 17:05:00+00:00,118.713,118.881,118.517,118.757,37034.0
2026-01-29 17:10:00+00:00,118.757,119.327,118.757,119.083,34892.7
2026-01-29 17:15:00+00:00,119.083,119.875,118.93,119.756,64427.6
2026-01-29 17:20:00+00:00,119.756,119.894,119.241,119.304,54278.5
2026-01-29 17:25:00+00:00,119.304,119.373,118.873,119.006,37527.9
2026-01-29 17:30:00+00:00,119.006,119.096,118.83,119.026,7902.4
2026-01-29 17:35:00+00:00,119.026,119.034,118.387,118.387,21958.2
2026-01-29 17:40:00+00:00,118.387,118.525,118.242,118.43,30458.7
2026-01-29 17:45:00+00:00,118.43,118.446,118.092,118.154,30099.5
2026-01-29 17:50:00+00:00,118.154,118.295,117.826,117.881,53565.5
2026-01-29 17:55:00+00:00,117.881,118.052,117.607,117.826,93743.0
2026-01-29 18:00:00+00:00,117.826,118.123,117.637,117.988,38296.3
2026-01-29 18:05:00+00:00,117.988,118.106,117.775,117.908,12127.5
2026-01-29 18:10:00+00:00,117.908,118.095,117.77,117.966,8905.5
2026-01-29 18:15:00+00:00,117.966,118.066,116.865,117.292,196445.8
2026-01-29 18:20:00+00:00,117.292,117.405,116.908,116.994,74570.2
2026-01-29 18:25:00+00:00,116.994,117.125,116.706,116.94,49214.6
2026-01-29 18:30:00+00:00,116.94,116.996,116.295,116.635,127452.9
2026-01-29 18:35:00+00:00,116.635,117.082,116.579,116.626,41134.4
2026-01-29 18:40:00+00:00,116.626,117.128,116.551,116.87,55081.0
2026-01-29 18:45:00+00:00,116.87,116.87,116.183,116.288,23734.4
2026-01-29 18:50:00+00:00,116.288,116.434,115.323,115.79,352987.9
2026-01-29 18:55:00+00:00,115.79,116.009,115.63,115.689,33454.8
2026-01-29 19:00:00+00:00,115.689,116.143,115.59,116.12,28504.3
2026-01-29 19:05:00+00:00,116.12,116.313,115.982,116.072,23744.2
2026-01-29 19:10:00+00:00,116.072,116.072,115.74,115.996,13724.7
2026-01-29 19:15:00+00:00,115.996,116.243,115.694,115.727,31165.5
2026-01-29 19:20:00+00:00,115.727,115.743,115.338,115.436,25750.5
2026-01-29 19:25:00+00:00,115.436,115.823,115.436,115.818,12459.8
2026-01-29 19:30:00+00:00,115.818,116.638,115.784,116.338,159616.8
2026-01-29 19:35:00+00:00,116.338,116.483,116.218,116.288,8939.8
2026-01-29 19:40:00+00:00,116.288,116.517,116.257,116.51,10468.4
2026-01-29 19:45:00+00:00,116.51,116.76,116.47,116.511,12123.3
2026-01-29 19:50:00+00:00,116.511,117.052,116.461,116.935,12098.4
2026-01-29 19:55:00+00:00,116.935,117.137,116.729,116.741,7961.0
2026-01-29 20:00:00+00:00,116.741,116.87,116.569,116.825,32027.2
2026-01-29 20:05:00+00:00,116.825,117.066,116.562,116.775,8528.3
2026-01-29 20:10:00+00:00,116.775,116.837,116.472,116.545,9912.2
2026-01-29 20:15:00+00:00,116.545,117.049,116.545,117.025,10836.1
2026-01-29 20:20:00+00:00,117.025,117.228,116.963,117.222,4011.5
2026-01-29 20:25:00+00:00,117.222,117.402,116.946,116.948,21960.9
2026-01-29 20:30:00+00:00,116.948,116.968,116.83,116.858,5530.5
2026-01-29 20:35:00+00:00,116.858,116.872,116.566,116.656,38036.7
2026-01-29 20:40:00+00:00,116.656,117.033,116.624,117.033,10422.1
2026-01-29 20:45:00+00:00,117.033,117.142,116.857,116.974,8848.0
2026-01-29 20:50:00+00:00,116.974,117.406,116.85,116.939,19765.6
2026-01-29 20:55:00+00:00,116.939,117.22,116.88,116.897,41077.4
2026-01-29 21:00:00+00:00,116.897,117.42,116.855,117.191,22654.8
2026-01-29 21:05:00+00:00,117.191,117.305,116.992,117.271,7979.6
2026-01-29 21:10:00+00:00,117.271,117.367,117.137,117.25,5631.2
2026-01-29 21:15:00+00:00,117.25,117.261,117.112,117.22,3392.6
2026-01-29 21:20:00+00:00,117.22,117.234,116.976,117.038,5491.0
2026-01-29 21:25:00+00:00,117.038,117.169,116.955,117.069,8834.4
2026-01-29 21:30:00+00:00,117.069,117.264,116.904,117.013,31075.3
2026-01-29 21:35:00+00:00,117.013,117.234,116.973,117.169,10665.2
2026-01-29 21:40:00+00:00,117.169,117.3,117.161,117.204,8949.0
2026-01-29 21:45:00+00:00,117.204,117.675,117.204,117.598,20279.7
2026-01-29 21:50:00+00:00,117.598,117.598,117.315,117.425,6805.2
2026-01-29 21:55:00+00:00,117.425,117.46,117.333,117.388,4800.3
2026-01-29 22:00:00+00:00,117.388,117.679,117.388,117.679,11447.9
2026-01-29 22:05:00+00:00,117.679,117.742,117.551,117.571,5150.7
2026-01-29 22:10:00+00:00,117.571,117.608,117.26,117.318,7892.3
2026-01-29 22:15:00+00:00,117.318,117.559,117.318,117.559,8382.6
2026-01-29 22:20:00+00:00,117.559,117.559,117.401,117.458,2369.9
2026-01-29 22:25:00+00:00,117.458,117.524,117.418,117.523,5190.5
2026-01-29 22:30:00+00:00,117.523,117.637,117.523,117.57,2965.1
2026-01-29 22:35:00+00:00,117.57,117.625,117.461,117.526,5393.5
2026-01-29 22:40:00+00:00,117.526,117.661,117.526,117.626,3330.4
2026-01-29 22:45:00+00:00,117.626,117.656,117.444,117.656,5279.8
2026-01-29 22:50:00+00:00,117.656,117.718,117.6,117.713,1720.8
2026-01-29 22:55:00+00:00,117.713,117.726,117.53,117.531,3248.7
2026-01-29 23:00:00+00:00,117.531,117.672,117.28,117.35,4909.2
2026-01-29 23:05:00+00:00,117.35,117.475,117.319,117.319,2663.1
2026-01-29 23:10:00+00:00,117.319,117.374,117.226,117.335,4842.6
2026-01-29 23:15:00+00:00,117.335,117.477,117.269,117.39,9474.7
2026-01-29 23:20:00+00:00,117.39,117.52,117.363,117.491,1537.3
2026-01-29 23:25:00+00:00,117.491,117.727,117.37,117.492,12872.1
2026-01-29 23:30:00+00:00,117.492,117.681,117.492,117.675,5374.5
2026-01-29 23:35:00+00:00,117.675,117.742,117.638,117.695,3146.3
2026-01-29 23:40:00+00:00,117.695,117.717,117.55,117.716,3423.8
2026-01-29 23:45:00+00:00,117.716,117.838,117.68,117.818,3581.4
2026-01-29 23:50:00+00:00,117.818,117.857,117.701,117.74,9826.6
2026-01-29 23:55:00+00:00,117.74,117.791,117.702,117.753,1628.0
2026-01-30 00:00:00+00:00,117.753,118.0,117.752,117.968,6229.9
2026-01-30 00:05:00+00:00,117.968,118.039,117.904,118.039,4317.1
2026-01-30 00:10:00+00:00,118.039,118.078,117.801,117.864,8493.5
2026-01-30 00:15:00+00:00,117.864,117.929,117.637,117.679,7556.4
2026-01-30 00:20:00+00:00,117.679,117.716,117.572,117.629,10514.0
2026-01-30 00:25:00+00:00,117.629,117.69,117.536,117.588,15148.3
2026-01-30 00:30:00+00:00,117.588,117.736,117.421,117.584,6205.1
2026-01-30 00:35:00+00:00,117.584,117.649,117.509,117.554,3734.7
2026-01-30 00:40:00+00:00,117.554,117.789,117.554,117.672,6421.6
2026-01-30 00:45:00+00:00,117.672,117.902,117.667,117.85,6961.6
2026-01-30 00:50:00+00:00,117.85,117.857,117.504,117.667,5463.7
2026-01-30 00:55:00+00:00,117.667,117.749,117.553,117.566,4913.9
2026-01-30 01:00:00+00:00,117.566,117.635,117.31,117.356,8155.5
2026-01-30 01:05:00+00:00,117.356,117.676,117.34,117.598,5704.8
2026-01-30 01:10:00+00:00,117.598,117.693,117.475,117.475,3175.5
2026-01-30 01:15:00+00:00,117.475,117.839,117.45,117.556,36292.6
2026-01-30 01:20:00+00:00,117.556,117.66,117.013,117.396,48779.9
2026-01-30 01:25:00+00:00,117.396,117.533,117.169,117.184,13458.0
2026-01-30 01:30:00+00:00,117.184,117.43,116.834,117.202,24262.7
2026-01-30 01:35:00+00:00,117.202,117.228,115.829,116.401,100819.1
2026-01-30 01:40:00+00:00,116.401,116.578,112.0,113.736,817172.8
2026-01-30 01:45:00+00:00,113.736,114.295,113.345,114.072,187551.6
2026-01-30 01:50:00+00:00,114.072,114.894,114.072,114.765,82570.3
2026-01-30 01:55:00+00:00,114.765,115.341,114.65,115.134,27641.1
2026-01-30 02:00:00+00:00,115.134,115.303,114.684,114.729,55901.0
2026-01-30 02:05:00+00:00,114.729,114.9,114.355,114.371,26219.5
2026-01-30 02:10:00+00:00,114.371,114.589,114.196,114.206,38790.3
2026-01-30 02:15:00+00:00,114.206,114.476,113.475,113.507,77173.3
2026-01-30 02:20:00+00:00,113.507,113.651,113.099,113.159,56942.9
2026-01-30 02:25:00+00:00,113.159,113.44,112.705,113.318,62488.3
2026-01-30 02:30:00+00:00,113.318,113.412,112.922,113.268,57181.6
2026-01-30 02:35:00+00:00,113.268,113.788,113.201,113.632,62557.8
2026-01-30 02:40:00+00:00,113.632,114.271,113.628,114.017,31223.1
2026-01-30 02:45:00+00:00,114.017,114.325,113.728,113.74,20808.7
2026-01-30 02:50:00+00:00,113.74,113.91,113.445,113.84,22475.1
2026-01-30 02:55:00+00:00,113.84,114.044,113.775,114.044,29193.9
2026-01-30 03:00:00+00:00,114.044,114.114,113.468,113.873,26116.7
2026-01-30 03:05:00+00:00,113.873,114.144,113.6,114.04,15718.6
2026-01-30 03:10:00+00:00,114.04,114.299,113.948,114.225,13702.2
2026-01-30 03:15:00+00:00,114.225,114.389,113.944,114.31,10941.8
2026-01-30 03:20:00+00:00,114.31,114.404,114.123,114.313,8754.4
2026-01-30 03:25:00+00:00,114.313,114.389,114.12,114.226,9810.2
2026-01-30 03:30:00+00:00,114.226,114.314,114.048,114.245,5686.8
2026-01-30 03:35:00+00:00,114.245,114.44,114.171,114.432,9408.5
2026-01-30 03:40:00+00:00,114.432,114.432,114.144,114.225,4158.3
2026-01-30 03:45:00+00:00,114.225,114.356,114.12,114.264,4836.5
2026-01-30 03:50:00+00:00,114.264,114.572,114.197,114.571,24724.5
2026-01-30 03:55:00+00:00,114.571,114.6,114.345,114.345,5810.8
2026-01-30 04:00:00+00:00,114.345,114.55,114.211,114.456,12101.9
2026-01-30 04:05:00+00:00,114.456,114.709,114.386,114.709,12506.6
2026-01-30 04:10:00+00:00,114.709,114.964,114.64,114.88,17348.2
2026-01-30 04:15:00+00:00,114.88,115.147,114.82,115.119,16675.6
2026-01-30 04:20:00+00:00,115.119,115.689,115.071,115.546,52639.7
2026-01-30 04:25:00+00:00,115.546,115.595,115.315,115.405,17792.7
2026-01-30 04:30:00+00:00,115.405,115.661,115.285,115.615,8610.7
2026-01-30 04:35:00+00:00,115.615,115.761,115.318,115.35,18075.7
2026-01-30 04:40:00+00:00,115.35,115.561,115.344,115.506,4982.2
2026-01-30 04:45:00+00:00,115.506,115.648,115.505,115.605,5214.6
2026-01-30 04:50:00+00:00,115.605,115.699,115.48,115.689,3229.9
2026-01-30 04:55:00+00:00,115.689,115.689,115.374,115.494,6773.4
2026-01-30 05:00:00+00:00,115.494,115.639,115.417,115.56,3796.8
2026-01-30 05:05:00+00:00,115.56,115.68,115.382,115.6,5784.3
2026-01-30 05:10:00+00:00,115.6,115.609,115.361,115.457,6131.7
2026-01-30 05:15:00+00:00,115.457,115.573,115.39,115.451,6811.9
2026-01-30 05:20:00+00:00,115.451,115.623,115.431,115.486,5758.2
2026-01-30 05:25:00+00:00,115.486,115.94,115.476,115.824,12968.4
2026-01-30 05:30:00+00:00,115.824,116.033,115.794,115.847,7662.5
2026-01-30 05:35:00+00:00,115.847,115.854,115.696,115.7,4717.8
2026-01-30 05:40:00+00:00,115.7,115.716,115.579,115.596,9044.3
2026-01-30 05:45:00+00:00,115.596,115.628,115.476,115.511,4198.0
2026-01-30 05:50:00+00:00,115.511,115.68,115.451,115.555,2990.4
2026-01-30 05:55:00+00:00,115.555,115.577,115.378,115.382,4863.2
2026-01-30 06:00:00+00:00,115.382,115.389,115.114,115.204,9590.9
2026-01-30 06:05:00+00:00,115.204,115.204,114.948,115.132,19491.4
2026-01-30 06:10:00+00:00,115.132,115.144,114.927,114.994,6023.8
2026-01-30 06:15:00+00:00,114.994,114.999,114.631,114.631,14795.6
2026-01-30 06:20:00+00:00,114.631,114.768,114.504,114.521,16298.1
2026-01-30 06:25:00+00:00,114.521,114.642,113.684,113.98,68115.9
2026-01-30 06:30:00+00:00,113.98,114.132,113.812,114.008,27271.0
2026-01-30 06:35:00+00:00,114.008,114.008,113.666,113.859,9709.0
2026-01-30 06:40:00+00:00,113.859,113.861,113.293,113.328,22444.3
2026-01-30 06:45:00+00:00,113.328,113.595,112.906,113.591,48891.8
2026-01-30 06:50:00+00:00,113.591,113.978,113.585,113.919,26816.8
2026-01-30 06:55:00+00:00,113.919,114.01,113.643,113.807,11158.7
2026-01-30 07:00:00+00:00,113.807,114.231,113.807,114.142,22866.7
2026-01-30 07:05:00+00:00,114.142,114.69,114.044,114.685,14643.7
2026-01-30 07:10:00+00:00,114.685,115.885,114.641,115.73,78345.8
2026-01-30 07:15:00+00:00,115.73,115.939,115.291,115.792,27600.7
2026-01-30 07:20:00+00:00,115.792,115.792,115.487,115.518,11294.7
2026-01-30 07:25:00+00:00,115.518,115.569,115.397,115.468,7298.6
2026-01-30 07:30:00+00:00,115.468,115.657,115.2,115.601,13457.7
2026-01-30 07:35:00+00:00,115.601,115.7,115.268,115.422,16769.2
2026-01-30 07:40:00+00:00,115.422,115.584,115.268,115.524,6419.0
2026-01-30 07:45:00+00:00,115.524,115.789,115.405,115.731,4182.1
2026-01-30 07:50:00+00:00,115.731,115.973,115.722,115.932,11365.5
2026-01-30 07:55:00+00:00,115.932,116.074,115.714,115.72,14620.7
2026-01-30 08:00:00+00:00,115.72,115.745,115.341,115.745,10893.9
2026-01-30 08:05:00+00:00,115.745,115.845,115.558,115.845,3284.9
2026-01-30 08:10:00+00:00,115.845,116.015,115.775,115.964,4601.1
2026-01-30 08:15:00+00:00,115.964,116.033,115.689,115.953,16352.1
2026-01-30 08:20:00+00:00,115.953,116.125,115.816,115.893,7410.4
2026-01-30 08:25:00+00:00,115.893,116.003,115.782,115.789,3386.3
2026-01-30 08:30:00+00:00,115.789,115.789,115.379,115.478,17411.4
2026-01-30 08:35:00+00:00,115.478,115.543,115.241,115.272,20871.3
2026-01-30 08:40:00+00:00,115.272,115.347,115.096,115.347,13921.3
2026-01-30 08:45:00+00:00,115.347,115.585,115.257,115.546,7071.1
2026-01-30 08:50:00+00:00,115.546,115.546,115.149,115.523,18867.5
2026-01-30 08:55:00+00:00,115.523,115.545,115.237,115.331,7135.4
2026-01-30 09:00:00+00:00,115.331,115.588,115.237,115.482,7637.2
2026-01-30 09:05:00+00:00,115.482,115.544,115.296,115.343,2312.5
2026-01-30 09:10:00+00:00,115.343,115.472,115.135,115.22,8205.4
2026-01-30 09:15:00+00:00,115.22,115.307,114.807,114.969,13588.3
2026-01-30 09:20:00+00:00,114.969,115.1,114.849,114.905,11598.3
2026-01-30 09:25:00+00:00,114.905,115.085,114.607,114.819,39672.0
2026-01-30 09:30:00+00:00,114.819,115.467,114.819,115.467,25060.2
2026-01-30 09:35:00+00:00,115.467,115.822,115.426,115.709,18075.9
2026-01-30 09:40:00+00:00,115.709,115.98,115.694,115.929,19556.7
2026-01-30 09:45:00+00:00,115.929,115.929,115.385,115.385,17104.6
2026-01-30 09:50:00+00:00,115.385,115.544,115.067,115.279,48859.3
2026-01-30 09:55:00+00:00,115.279,115.427,115.051,115.312,8849.1
2026-01-30 10:00:00+00:00,115.312,115.518,115.14,115.15,6647.5
2026-01-30 10:05:00+00:00,115.15,115.338,115.027,115.207,4889.1
2026-01-30 10:10:00+00:00,115.207,115.39,115.076,115.316,5565.6
2026-01-30 10:15:00+00:00,115.316,115.549,115.054,115.536,23264.6
2026-01-30 10:20:00+00:00,115.536,115.835,115.483,115.653,9846.5
2026-01-30 10:25:00+00:00,115.653,115.731,115.352,115.422,6996.1
2026-01-30 10:30:00+00:00,115.422,115.656,115.382,115.614,5196.2
2026-01-30 10:35:00+00:00,115.614,115.691,115.475,115.521,4369.6
2026-01-30 10:40:00+00:00,115.521,115.599,115.431,115.552,3177.2
2026-01-30 10:45:00+00:00,115.552,115.803,115.552,115.753,4898.6
2026-01-30 10:50:00+00:00,115.753,115.927,115.656,115.774,8851.0
2026-01-30 10:55:00+00:00,115.774,115.866,115.699,115.86,4916.7
2026-01-30 11:00:00+00:00,115.86,115.98,115.756,115.953,22103.9
2026-01-30 11:05:00+00:00,115.953,116.05,115.788,115.886,16076.7
2026-01-30 11:10:00+00:00,115.886,116.053,115.886,116.027,3047.7
2026-01-30 11:15:00+00:00,116.027,116.088,115.927,115.938,4071.3
2026-01-30 11:20:00+00:00,115.938,116.066,115.787,116.066,3444.2
2026-01-30 11:25:00+00:00,116.066,116.066,115.754,115.885,3980.0
2026-01-30 11:30:00+00:00,115.885,116.09,115.819,115.969,7563.6
2026-01-30 11:35:00+00:00,115.969,116.023,115.825,115.95,5737.5
2026-01-30 11:40:00+00:00,115.95,116.269,115.917,115.981,8821.0
2026-01-30 11:45:00+00:00,115.981,116.025,115.7,115.716,6073.4
2026-01-30 11:50:00+00:00,115.716,117.159,115.716,117.066,57154.9
2026-01-30 11:55:00+00:00,117.066,117.223,116.712,117.015,62404.3
2026-01-30 12:00:00+00:00,117.015,117.24,116.694,116.748,116961.5
2026-01-30 12:05:00+00:00,116.748,116.8,116.457,116.458,29515.0
2026-01-30 12:10:00+00:00,116.458,116.625,116.427,116.431,7780.9
2026-01-30 12:15:00+00:00,116.431,116.622,116.403,116.507,4840.5
2026-01-30 12:20:00+00:00,116.507,116.518,116.244,116.279,10823.6
2026-01-30 12:25:00+00:00,116.279,116.394,116.071,116.225,24858.9
2026-01-30 12:30:00+00:00,116.225,116.414,116.148,116.248,5478.6
2026-01-30 12:35:00+00:00,116.248,116.415,116.199,116.346,3194.7
2026-01-30 12:40:00+00:00,116.346,116.358,116.13,116.13,5447.7
2026-01-30 12:45:00+00:00,116.13,116.328,116.022,116.293,13778.3
2026-01-30 12:50:00+00:00,116.293,116.403,115.856,115.946,9037.4
2026-01-30 12:55:00+00:00,115.946,116.279,115.941,116.198,3992.0
2026-01-30 13:00:00+00:00,116.198,116.304,115.838,115.889,13468.0
2026-01-30 13:05:00+00:00,115.889,115.927,115.456,115.668,18718.1
2026-01-30 13:10:00+00:00,115.668,116.008,115.628,115.906,22825.9
2026-01-30 13:15:00+00:00,115.906,116.004,115.764,115.893,4892.8
2026-01-30 13:20:00+00:00,115.893,115.893,115.69,115.695,5232.6
2026-01-30 13:25:00+00:00,115.695,115.952,115.573,115.952,12585.2
2026-01-30 13:30:00+00:00,115.952,116.051,115.113,115.903,227513.9
2026-01-30 13:35:00+00:00,115.903,116.333,115.635,115.753,22094.2
2026-01-30 13:40:00+00:00,115.753,115.949,115.662,115.889,4920.2
2026-01-30 13:45:00+00:00,115.889,115.901,115.592,115.631,6664.5
2026-01-30 13:50:00+00:00,115.631,115.718,115.474,115.591,14682.2
2026-01-30 13:55:00+00:00,115.591,115.752,115.542,115.726,5757.0
2026-01-30 14:00:00+00:00,115.726,116.068,115.726,116.06,9884.9
2026-01-30 14:05:00+00:00,116.06,116.427,116.06,116.347,24994.3
2026-01-30 14:10:00+00:00,116.347,116.867,116.346,116.466,33186.2
2026-01-30 14:15:00+00:00,116.466,116.524,116.274,116.366,9855.9
2026-01-30 14:20:00+00:00,116.366,116.534,116.265,116.417,12814.8
2026-01-30 14:25:00+00:00,116.417,116.451,116.14,116.326,8602.3
2026-01-30 14:30:00+00:00,116.326,116.879,115.927,116.377,40717.4
2026-01-30 14:35:00+00:00,116.377,116.999,116.26,116.946,19986.4
2026-01-30 14:40:00+00:00,116.946,117.484,116.565,117.321,76381.4
2026-01-30 14:45:00+00:00,117.321,117.596,116.645,116.895,51649.3
2026-01-30 14:50:00+00:00,116.895,116.987,115.875,116.233,32014.0
2026-01-30 14:55:00+00:00,116.233,116.37,115.877,116.3,24973.8
2026-01-30 15:00:00+00:00,116.3,116.593,116.086,116.413,20290.5
2026-01-30 15:05:00+00:00,116.413,117.102,116.413,116.846,16584.8
2026-01-30 15:10:00+00:00,116.846,117.032,116.158,116.41,14066.9
2026-01-30 15:15:00+00:00,116.41,116.678,115.962,116.026,20966.7
2026-01-30 15:20:00+00:00,116.026,116.026,115.511,115.755,33115.1
2026-01-30 15:25:00+00:00,115.755,115.776,114.876,114.99,64318.2
2026-01-30 15:30:00+00:00,114.99,115.839,114.479,115.825,76549.3
2026-01-30 15:35:00+00:00,115.825,116.72,115.771,116.44,38692.6
2026-01-30 15:40:00+00:00,116.44,116.99,116.44,116.83,56033.0
2026-01-30 15:45:00+00:00,116.83,116.891,116.447,116.495,14866.0
2026-01-30 15:50:00+00:00,116.495,116.865,116.486,116.801,14067.4
2026-01-30 15:55:00+00:00,116.801,116.885,116.418,116.727,8959.7
2026-01-30 16:00:00+00:00,116.727,116.932,116.302,116.464,19508.8
2026-01-30 16:05:00+00:00,116.464,117.228,116.434,117.118,19843.7
2026-01-30 16:10:00+00:00,117.118,117.266,116.801,117.101,11948.4
2026-01-30 16:15:00+00:00,117.101,117.11,116.703,116.983,7617.5
2026-01-30 16:20:00+00:00,116.983,117.047,116.223,116.314,28618.5
2026-01-30 16:25:00+00:00,116.314,117.745,116.14,117.302,95499.5
2026-01-30 16:30:00+00:00,117.302,117.617,116.966,116.993,42410.8
2026-01-30 16:35:00+00:00,116.993,117.915,116.904,117.501,106180.5
2026-01-30 16:40:00+00:00,117.501,117.915,117.451,117.712,13869.4
2026-01-30 16:45:00+00:00,117.712,117.712,117.009,117.071,25094.7
2026-01-30 16:50:00+00:00,117.071,117.169,116.814,116.987,14331.3
2026-01-30 16:55:00+00:00,116.987,117.104,116.828,117.07,4016.0
2026-01-30 17:00:00+00:00,117.07,117.105,116.549,116.633,48418.5
2026-01-30 17:05:00+00:00,116.633,116.776,116.503,116.696,11601.7
2026-01-30 17:10:00+00:00,116.696,116.933,116.596,116.624,8317.3
2026-01-30 17:15:00+00:00,116.624,117.058,116.566,117.058,14938.6
2026-01-30 17:20:00+00:00,117.058,117.695,117.058,117.46,15466.8
2026-01-30 17:25:00+00:00,117.46,117.694,117.396,117.456,21174.0
2026-01-30 17:30:00+00:00,117.456,117.474,116.875,116.961,15352.7
2026-01-30 17:35:00+00:00,116.961,117.161,116.698,116.818,10694.6
2026-01-30 17:40:00+00:00,116.818,116.946,116.589,116.904,20954.4
2026-01-30 17:45:00+00:00,116.904,117.066,116.818,117.044,4217.1
2026-01-30 17:50:00+00:00,117.044,117.044,116.649,116.649,13521.1
2026-01-30 17:55:00+00:00,116.649,116.845,116.47,116.568,25046.0
2026-01-30 18:00:00+00:00,116.568,116.864,116.471,116.715,7085.7
2026-01-30 18:05:00+00:00,116.715,116.81,115.933,116.069,39044.0
2026-01-30 18:10:00+00:00,116.069,116.069,115.7,115.952,20262.1
2026-01-30 18:15:00+00:00,115.952,115.997,114.949,115.041,65703.8
2026-01-30 18:20:00+00:00,115.041,115.11,114.268,114.486,51940.4
2026-01-30 18:25:00+00:00,114.486,115.65,114.409,115.558,60318.9
2026-01-30 18:30:00+00:00,115.558,116.026,115.148,115.354,31439.0
2026-01-30 18:35:00+00:00,115.354,115.771,115.34,115.585,11193.6
2026-01-30 18:40:00+00:00,115.585,117.118,115.456,117.117,45235.4
2026-01-30 18:45:00+00:00,117.117,117.577,116.769,117.211,113572.3
2026-01-30 18:50:00+00:00,117.211,117.881,116.731,117.858,43485.3
2026-01-30 18:55:00+00:00,117.858,118.557,117.637,118.031,76000.1
2026-01-30 19:00:00+00:00,118.031,118.758,118.031,118.525,91190.0
2026-01-30 19:05:00+00:00,118.525,119.032,118.303,118.395,64362.7
2026-01-30 19:10:00+00:00,118.395,118.652,118.135,118.554,13643.7
2026-01-30 19:15:00+00:00,118.554,118.854,118.393,118.796,19203.3
2026-01-30 19:20:00+00:00,118.796,119.085,118.489,118.707,41012.8
2026-01-30 19:25:00+00:00,118.707,118.896,118.509,118.566,20373.2
2026-01-30 19:30:00+00:00,118.566,118.711,118.159,118.635,18355.1
2026-01-30 19:35:00+00:00,118.635,118.797,118.332,118.782,19061.1
2026-01-30 19:40:00+00:00,118.782,119.047,118.514,118.591,23307.3
2026-01-30 19:45:00+00:00,118.591,118.727,118.308,118.593,10127.5
2026-01-30 19:50:00+00:00,118.593,118.988,118.452,118.593,9352.1
2026-01-30 19:55:00+00:00,118.593,118.903,118.201,118.232,17204.6
2026-01-30 20:00:00+00:00,118.232,118.385,117.873,118.222,39761.9
2026-01-30 20:05:00+00:00,118.222,118.222,117.568,117.995,50404.7
2026-01-30 20:10:00+00:00,117.995,118.016,117.678,117.871,19082.9
2026-01-30 20:15:00+00:00,117.871,118.104,117.691,117.968,4860.2
2026-01-30 20:20:00+00:00,117.968,117.968,117.008,117.618,45423.5
2026-01-30 20:25:00+00:00,117.618,118.024,117.185,117.522,84946.2
2026-01-30 20:30:00+00:00,117.522,117.808,117.372,117.475,17792.5
2026-01-30 20:35:00+00:00,117.475,117.794,116.448,116.85,145662.7
2026-01-30 20:40:00+00:00,116.85,117.292,116.808,117.097,29224.6
2026-01-30 20:45:00+00:00,117.097,117.36,117.087,117.128,9944.8
2026-01-30 20:50:00+00:00,117.128,117.244,116.659,117.021,16439.3
2026-01-30 20:55:00+00:00,117.021,117.085,116.758,116.926,23403.0
2026-01-30 21:00:00+00:00,116.926,117.143,116.893,116.968,22029.8
2026-01-30 21:05:00+00:00,116.968,117.381,116.962,117.025,11343.2
2026-01-30 21:10:00+00:00,117.025,117.485,116.952,117.375,32242.1
2026-01-30 21:15:00+00:00,117.375,117.928,117.366,117.558,68981.8
2026-01-30 21:20:00+00:00,117.558,117.847,117.489,117.492,11828.2
2026-01-30 21:25:00+00:00,117.492,117.632,117.339,117.355,11178.5
2026-01-30 21:30:00+00:00,117.355,117.683,117.209,117.577,7257.9
2026-01-30 21:35:00+00:00,117.577,117.675,116.862,116.927,6325.0
2026-01-30 21:40:00+00:00,116.927,117.036,116.798,116.979,3246.2
2026-01-30 21:45:00+00:00,116.979,117.486,116.979,117.384,30547.2
2026-01-30 21:50:00+00:00,117.384,117.557,117.2,117.45,29007.4
2026-01-30 21:55:00+00:00,117.45,117.62,117.304,117.304,12357.3
2026-01-30 22:00:00+00:00,117.304,117.499,117.126,117.144,6734.0
2026-01-30 22:05:00+00:00,117.144,117.28,116.973,117.233,2777.5
2026-01-30 22:10:00+00:00,117.233,117.395,116.9,116.9,3008.6
2026-01-30 22:15:00+00:00,116.9,117.007,116.562,116.605,10870.5
2026-01-30 22:20:00+00:00,116.605,116.807,116.605,116.688,2387.2
2026-01-30 22:25:00+00:00,116.688,116.719,116.504,116.59,10632.6
2026-01-30 22:30:00+00:00,116.59,117.028,116.59,116.992,13748.0
2026-01-30 22:35:00+00:00,116.992,117.19,116.946,116.946,8081.3
2026-01-30 22:40:00+00:00,116.946,117.169,116.912,116.999,9251.6
2026-01-30 22:45:00+00:00,116.999,117.322,116.994,117.318,4365.0
2026-01-30 22:50:00+00:00,117.318,117.318,117.061,117.24,1143.3
2026-01-30 22:55:00+00:00,117.24,117.323,117.173,117.322,3097.0
2026-01-30 23:00:00+00:00,117.322,117.322,116.954,117.081,10812.5
2026-01-30 23:05:00+00:00,117.081,117.283,116.959,116.987,14948.5
2026-01-30 23:10:00+00:00,116.987,117.116,116.88,117.013,4082.9
2026-01-30 23:15:00+00:00,117.013,117.225,117.013,117.185,2695.2
2026-01-30 23:20:00+00:00,117.185,117.27,117.08,117.103,1185.8
2026-01-30 23:25:00+00:00,117.103,117.185,116.815,117.018,3242.4
2026-01-30 23:30:00+00:00,117.018,117.09,116.93,117.042,2515.6
2026-01-30 23:35:00+00:00,117.042,117.119,116.994,117.119,862.3
2026-01-30 23:40:00+00:00,117.119,117.42,117.103,117.313,4333.9
2026-01-30 23:45:00+00:00,117.313,117.539,117.313,117.538,3048.1
2026-01-30 23:50:00+00:00,117.538,117.566,117.443,117.48,2324.1
2026-01-30 23:55:00+00:00,117.48,117.52,117.415,117.515,4755.8
2026-01-31 00:00:00+00:00,117.515,117.552,117.307,117.415,5133.9
2026-01-31 00:05:00+00:00,117.415,117.666,117.415,117.546,4006.8
2026-01-31 00:10:00+00:00,117.546,117.679,117.51,117.65,2381.5
2026-01-31 00:15:00+00:00,117.65,117.684,117.502,117.684,3058.7
2026-01-31 00:20:00+00:00,117.684,117.77,117.49,117.596,10847.6
2026-01-31 00:25:00+00:00,117.596,117.793,117.596,117.748,2313.0
2026-01-31 00:30:00+00:00,117.748,117.752,117.558,117.678,3169.9
2026-01-31 00:35:00+00:00,117.678,117.841,117.629,117.84,6676.9
2026-01-31 00:40:00+00:00,117.84,117.913,117.738,117.816,6118.2
2026-01-31 00:45:00+00:00,117.816,117.835,117.519,117.707,5091.8
2026-01-31 00:50:00+00:00,117.707,117.738,117.512,117.542,3827.6
2026-01-31 00:55:00+00:00,117.542,117.559,117.373,117.461,3407.5
2026-01-31 01:00:00+00:00,117.461,117.76,117.461,117.76,3456.6
2026-01-31 01:05:00+00:00,117.76,117.962,117.76,117.887,5851.5
2026-01-31 01:10:00+00:00,117.887,118.083,117.798,118.057,4740.8
2026-01-31 01:15:00+00:00,118.057,118.2,117.981,118.056,7243.3
2026-01-31 01:20:00+00:00,118.056,118.266,118.056,118.176,6132.6
2026-01-31 01:25:00+00:00,118.176,118.285,118.049,118.049,4476.1
2026-01-31 01:30:00+00:00,118.049,118.075,117.837,117.979,6518.4
2026-01-31 01:35:00+00:00,117.979,117.993,117.767,117.935,7483.4
2026-01-31 01:40:00+00:00,117.935,118.208,117.85,118.118,7083.4
2026-01-31 01:45:00+00:00,118.118,118.126,117.959,118.016,5097.7
2026-01-31 01:50:00+00:00,118.016,118.15,118.016,118.065,3404.1
2026-01-31 01:55:00+00:00,118.065,118.168,118.01,118.091,2414.2
2026-01-31 02:00:00+00:00,118.091,118.091,117.757,117.818,2764.4
2026-01-31 02:05:00+00:00,117.818,117.947,117.641,117.653,8591.8
2026-01-31 02:10:00+00:00,117.653,117.94,117.653,117.917,4408.6
2026-01-31 02:15:00+00:00,117.917,117.989,117.602,117.745,3998.5
2026-01-31 02:20:00+00:00,117.745,117.853,117.634,117.634,1534.2
2026-01-31 02:25:00+00:00,117.634,117.737,117.53,117.691,24673.0
2026-01-31 02:30:00+00:00,117.691,118.019,117.621,117.983,3483.0
2026-01-31 02:35:00+00:00,117.983,118.199,117.942,118.183,4721.2
2026-01-31 02:40:00+00:00,118.183,118.433,118.183,118.424,7672.8
2026-01-31 02:45:00+00:00,118.424,118.473,118.295,118.337,7021.1
2026-01-31 02:50:00+00:00,118.337,118.389,118.255,118.369,2594.4
2026-01-31 02:55:00+00:00,118.369,118.381,118.207,118.232,1059.6
2026-01-31 03:00:00+00:00,118.232,118.395,118.232,118.316,4032.1
2026-01-31 03:05:00+00:00,118.316,118.378,118.224,118.249,2444.2
2026-01-31 03:10:00+00:00,118.249,118.502,118.161,118.403,4754.8
2026-01-31 03:15:00+00:00,118.403,118.435,118.327,118.41,1296.2
2026-01-31 03:20:00+00:00,118.41,118.555,118.358,118.537,2701.9
2026-01-31 03:25:00+00:00,118.537,118.537,118.2,118.2,3060.0
2026-01-31 03:30:00+00:00,118.2,118.257,118.107,118.192,4125.1
2026-01-31 03:35:00+00:00,118.192,118.356,118.147,118.254,2248.4
2026-01-31 03:40:00+00:00,118.254,118.359,118.223,118.276,1132.6
2026-01-31 03:45:00+00:00,118.276,118.331,118.193,118.249,1102.0
2026-01-31 03:50:00+00:00,118.249,118.316,118.099,118.1,2073.3
2026-01-31 03:55:00+00:00,118.1,118.316,118.1,118.301,1635.1
2026-01-31 04:00:00+00:00,118.301,118.595,118.236,118.577,4483.2
2026-01-31 04:05:00+00:00,118.577,118.693,118.447,118.683,6519.9
2026-01-31 04:10:00+00:00,118.683,118.687,118.599,118.674,3913.2
2026-01-31 04:15:00+00:00,118.674,118.687,118.494,118.503,5531.1
2026-01-31 04:20:00+00:00,118.503,118.764,118.451,118.764,4658.2
2026-01-31 04:25:00+00:00,118.764,118.766,118.587,118.601,8717.8
2026-01-31 04:30:00+00:00,118.601,118.645,118.464,118.542,3042.4
2026-01-31 04:35:00+00:00,118.542,118.579,118.482,118.494,2736.5
2026-01-31 04:40:00+00:00,118.494,118.556,118.384,118.414,4503.0
2026-01-31 04:45:00+00:00,118.414,118.45,118.295,118.32,6539.4
2026-01-31 04:50:00+00:00,118.32,118.387,118.189,118.257,2957.9
2026-01-31 04:55:00+00:00,118.257,118.398,118.237,118.353,3302.2
2026-01-31 05:00:00+00:00,118.353,118.401,117.972,118.099,7069.5
2026-01-31 05:05:00+00:00,118.099,118.1,117.924,118.008,5003.5
2026-01-31 05:10:00+00:00,118.008,118.218,117.988,118.199,5745.3
2026-01-31 05:15:00+00:00,118.199,118.199,118.068,118.16,4102.6
2026-01-31 05:20:00+00:00,118.16,118.225,117.977,118.133,11041.2
2026-01-31 05:25:00+00:00,118.133,118.207,118.053,118.2,3524.0
2026-01-31 05:30:00+00:00,118.2,118.439,118.194,118.4,11414.0
2026-01-31 05:35:00+00:00,118.4,118.703,118.325,118.584,9404.5
2026-01-31 05:40:00+00:00,118.584,118.667,118.417,118.464,5702.5
2026-01-31 05:45:00+00:00,118.464,118.595,118.387,118.595,3428.6
2026-01-31 05:50:00+00:00,118.595,118.635,118.489,118.527,3060.1
2026-01-31 05:55:00+00:00,118.527,118.572,118.426,118.551,4502.2
2026-01-31 06:00:00+00:00,118.551,118.649,118.431,118.436,2726.3
2026-01-31 06:05:00+00:00,118.436,118.625,118.346,118.624,4589.5
2026-01-31 06:10:00+00:00,118.624,118.711,118.603,118.64,5666.9
2026-01-31 06:15:00+00:00,118.64,118.704,118.621,118.668,2520.2
2026-01-31 06:20:00+00:00,118.668,118.712,118.461,118.469,5406.9
2026-01-31 06:25:00+00:00,118.469,118.469,117.821,117.872,66030.6
2026-01-31 06:30:00+00:00,117.872,118.13,117.856,118.117,10512.7
2026-01-31 06:35:00+00:00,118.117,118.192,118.01,118.013,6251.4
2026-01-31 06:40:00+00:00,118.013,118.198,117.982,118.197,5770.0
2026-01-31 06:45:00+00:00,118.197,118.328,118.084,118.117,6933.3
2026-01-31 06:50:00+00:00,118.117,118.43,118.097,118.403,3543.3
2026-01-31 06:55:00+00:00,118.403,118.5,118.364,118.472,6393.2
2026-01-31 07:00:00+00:00,118.472,118.534,118.356,118.397,2370.0
2026-01-31 07:05:00+00:00,118.397,118.484,118.07,118.122,5884.5
2026-01-31 07:10:00+00:00,118.122,118.246,118.107,118.188,1999.1
2026-01-31 07:15:00+00:00,118.188,118.196,118.017,118.017,7861.0
2026-01-31 07:20:00+00:00,118.017,118.109,117.913,118.055,2821.3
2026-01-31 07:25:00+00:00,118.055,118.179,118.003,118.036,8130.2
2026-01-31 07:30:00+00:00,118.036,118.063,117.467,117.543,24389.3
2026-01-31 07:35:00+00:00,117.543,117.654,117.112,117.294,34790.4
2026-01-31 07:40:00+00:00,117.294,117.367,117.229,117.258,10716.5
2026-01-31 07:45:00+00:00,117.258,117.426,117.21,117.242,9455.0
2026-01-31 07:50:00+00:00,117.242,117.349,117.221,117.289,3583.6
2026-01-31 07:55:00+00:00,117.289,117.356,117.19,117.299,6176.3
2026-01-31 08:00:00+00:00,117.299,117.463,117.25,117.268,5859.8
2026-01-31 08:05:00+00:00,117.268,117.371,117.11,117.129,5119.6
2026-01-31 08:10:00+00:00,117.129,117.129,116.719,116.896,42201.6
2026-01-31 08:15:00+00:00,116.896,116.896,114.201,115.992,325730.5
2026-01-31 08:20:00+00:00,115.992,116.082,115.682,115.788,35836.3
2026-01-31 08:25:00+00:00,115.788,115.91,115.601,115.623,14912.5
2026-01-31 08:30:00+00:00,115.623,115.653,115.0,115.192,31950.2
2026-01-31 08:35:00+00:00,115.192,115.23,114.619,114.97,71772.3
2026-01-31 08:40:00+00:00,114.97,115.068,114.203,114.639,124904.3
2026-01-31 08:45:00+00:00,114.639,115.012,114.359,114.887,34941.3
2026-01-31 08:50:00+00:00,114.887,115.667,114.878,115.363,43334.3
2026-01-31 08:55:00+00:00,115.363,115.876,115.363,115.527,47110.6
2026-01-31 09:00:00+00:00,115.527,115.936,115.527,115.718,13752.9
2026-01-31 09:05:00+00:00,115.718,115.941,115.578,115.793,11020.8
2026-01-31 09:10:00+00:00,115.793,115.876,115.716,115.745,5019.0
2026-01-31 09:15:00+00:00,115.745,115.888,115.6,115.764,6240.4
2026-01-31 09:20:00+00:00,115.764,115.883,115.416,115.417,17111.0
2026-01-31 09:25:00+00:00,115.417,115.639,115.313,115.593,9975.3
2026-01-31 09:30:00+00:00,115.593,116.765,115.593,116.542,21629.9
2026-01-31 09:35:00+00:00,116.542,116.634,116.232,116.341,29365.3
2026-01-31 09:40:00+00:00,116.341,116.498,116.322,116.329,6143.1
2026-01-31 09:45:00+00:00,116.329,116.339,116.107,116.157,10286.2
2026-01-31 09:50:00+00:00,116.157,116.378,116.128,116.273,9635.6
2026-01-31 09:55:00+00:00,116.273,116.457,116.235,116.288,6667.2
2026-01-31 10:00:00+00:00,116.288,116.418,116.07,116.18,5556.6
2026-01-31 10:05:00+00:00,116.18,116.392,116.041,116.051,7697.8
2026-01-31 10:10:00+00:00,116.051,116.174,116.012,116.081,7185.5
2026-01-31 10:15:00+00:00,116.081,116.197,115.955,116.064,5994.5
2026-01-31 10:20:00+00:00,116.064,116.368,116.064,116.213,5399.8
2026-01-31 10:25:00+00:00,116.213,116.474,116.213,116.431,4769.9
2026-01-31 10:30:00+00:00,116.431,116.82,116.358,116.558,18204.2
2026-01-31 10:35:00+00:00,116.558,116.7,116.537,116.689,2760.6
2026-01-31 10:40:00+00:00,116.689,116.841,116.661,116.801,86188.0
2026-01-31 10:45:00+00:00,116.801,116.815,116.699,116.766,5342.6
2026-01-31 10:50:00+00:00,116.766,116.805,116.621,116.694,3146.2
2026-01-31 10:55:00+00:00,116.694,116.812,116.643,116.71,3177.7
2026-01-31 11:00:00+00:00,116.71,116.712,116.42,116.498,5577.7
2026-01-31 11:05:00+00:00,116.498,116.582,116.418,116.424,3038.0
2026-01-31 11:10:00+00:00,116.424,116.427,116.247,116.313,6456.2
2026-01-31 11:15:00+00:00,116.313,116.43,116.212,116.374,5662.3
2026-01-31 11:20:00+00:00,116.374,116.5,116.37,116.444,3430.8
2026-01-31 11:25:00+00:00,116.444,116.533,116.42,116.459,2349.3
2026-01-31 11:30:00+00:00,116.459,116.542,116.315,116.323,1665.0
2026-01-31 11:35:00+00:00,116.323,116.473,116.257,116.342,2181.1
2026-01-31 11:40:00+00:00,116.342,116.418,116.127,116.181,4632.4
2026-01-31 11:45:00+00:00,116.181,116.242,115.931,116.081,23556.0
2026-01-31 11:50:00+00:00,116.081,116.152,115.91,116.08,25854.1
2026-01-31 11:55:00+00:00,116.08,116.134,115.883,115.969,6625.1
2026-01-31 12:00:00+00:00,115.969,116.04,115.842,116.013,9597.3
2026-01-31 12:05:00+00:00,116.013,116.115,115.942,115.986,6346.2
2026-01-31 12:10:00+00:00,115.986,115.986,115.382,115.479,24642.6
2026-01-31 12:15:00+00:00,115.479,115.827,115.377,115.808,27087.8
2026-01-31 12:20:00+00:00,115.808,115.904,115.483,115.66,8056.9
2026-01-31 12:25:00+00:00,115.66,115.684,115.556,115.674,4400.9
2026-01-31 12:30:00+00:00,115.674,115.795,115.502,115.551,10364.8
2026-01-31 12:35:00+00:00,115.551,115.606,115.222,115.485,28401.9
2026-01-31 12:40:00+00:00,115.485,115.62,115.461,115.486,4701.9
2026-01-31 12:45:00+00:00,115.486,115.527,115.061,115.174,13611.5
2026-01-31 12:50:00+00:00,115.174,115.254,114.964,115.254,16834.9
2026-01-31 12:55:00+00:00,115.254,115.299,114.954,115.135,29075.2
2026-01-31 13:00:00+00:00,115.135,115.169,114.94,115.028,20105.7
2026-01-31 13:05:00+00:00,115.028,115.144,115.006,115.116,7877.2
2026-01-31 13:10:00+00:00,115.116,115.116,114.746,114.877,20727.4
2026-01-31 13:15:00+00:00,114.877,114.955,114.6,114.685,9708.2
2026-01-31 13:20:00+00:00,114.685,114.823,114.676,114.727,8158.7
2026-01-31 13:25:00+00:00,114.727,114.838,114.552,114.745,11338.5
2026-01-31 13:30:00+00:00,114.745,114.835,114.06,114.157,64994.5
2026-01-31 13:35:00+00:00,114.157,114.428,113.56,113.809,85171.0
2026-01-31 13:40:00+00:00,113.809,114.035,113.63,113.937,17707.8
2026-01-31 13:45:00+00:00,113.937,114.137,113.803,113.926,17194.7
2026-01-31 13:50:00+00:00,113.926,113.982,113.707,113.848,13256.7
2026-01-31 13:55:00+00:00,113.848,114.15,113.801,114.101,14239.6
2026-01-31 14:00:00+00:00,114.101,114.274,113.821,114.274,25111.8
2026-01-31 14:05:00+00:00,114.274,114.385,113.417,113.58,31985.5
2026-01-31 14:10:00+00:00,113.58,113.736,113.057,113.395,85807.0
2026-01-31 14:15:00+00:00,113.395,113.475,112.168,112.329,148236.2
2026-01-31 14:20:00+00:00,112.329,112.555,110.848,110.987,276228.7
2026-01-31 14:25:00+00:00,110.987,111.396,108.961,110.261,542839.8
2026-01-31 14:30:00+00:00,110.261,110.496,108.893,110.114,283262.2
2026-01-31 14:35:00+00:00,110.114,110.2,108.333,109.311,220839.3
2026-01-31 14:40:00+00:00,109.311,109.354,108.336,108.582,121449.9
2026-01-31 14:45:00+00:00,108.582,109.497,108.151,108.691,71601.9
2026-01-31 14:50:00+00:00,108.691,109.55,108.374,109.49,52953.0
2026-01-31 14:55:00+00:00,109.49,109.624,108.926,109.08,52412.8
2026-01-31 15:00:00+00:00,109.08,109.362,108.667,108.857,50012.5
2026-01-31 15:05:00+00:00,108.857,110.154,108.857,109.443,111450.0
2026-01-31 15:10:00+00:00,109.443,109.648,109.224,109.619,45464.8
2026-01-31 15:15:00+00:00,109.619,109.74,109.022,109.444,26108.5
2026-01-31 15:20:00+00:00,109.444,109.529,108.825,108.888,24453.6
2026-01-31 15:25:00+00:00,108.888,109.399,108.838,109.303,38905.9
2026-01-31 15:30:00+00:00,109.303,109.699,109.137,109.475,38373.3
2026-01-31 15:35:00+00:00,109.475,109.475,108.912,109.043,27050.7
2026-01-31 15:40:00+00:00,109.043,109.253,108.941,109.141,25749.3
2026-01-31 15:45:00+00:00,109.141,109.39,108.957,109.225,18140.8
2026-01-31 15:50:00+00:00,109.225,109.284,108.677,108.85,47913.7
2026-01-31 15:55:00+00:00,108.85,109.022,108.316,108.59,67420.6
2026-01-31 16:00:00+00:00,108.59,108.817,108.16,108.579,70943.6
2026-01-31 16:05:00+00:00,108.579,108.599,107.233,107.335,149943.3
2026-01-31 16:10:00+00:00,107.335,108.561,107.307,108.287,61712.4
2026-01-31 16:15:00+00:00,108.287,109.318,107.353,109.017,201541.2
2026-01-31 16:20:00+00:00,109.017,109.734,108.625,109.136,77558.9
2026-01-31 16:25:00+00:00,109.136,109.289,108.269,108.4,56755.1
2026-01-31 16:30:00+00:00,108.4,108.589,108.109,108.153,22686.4
2026-01-31 16:35:00+00:00,108.153,108.158,107.708,107.862,75832.5
2026-01-31 16:40:00+00:00,107.862,107.906,107.477,107.56,35014.1
2026-01-31 16:45:00+00:00,107.56,107.653,105.711,106.447,313878.1
2026-01-31 16:50:00+00:00,106.447,106.538,106.036,106.279,63510.6
2026-01-31 16:55:00+00:00,106.279,106.463,105.545,106.211,125387.6
2026-01-31 17:00:00+00:00,106.211,106.64,106.156,106.341,33642.0
2026-01-31 17:05:00+00:00,106.341,106.38,105.043,105.132,140255.1
2026-01-31 17:10:00+00:00,105.132,105.35,100.157,102.772,1079999.7
2026-01-31 17:15:00+00:00,102.772,104.361,102.765,103.905,121943.3
2026-01-31 17:20:00+00:00,103.905,104.199,103.199,103.767,101009.0
2026-01-31 17:25:00+00:00,103.767,104.118,103.612,103.913,36640.0
2026-01-31 17:30:00+00:00,103.913,104.269,102.94,102.96,79922.3
2026-01-31 17:35:00+00:00,102.96,104.435,102.744,103.515,72689.6
2026-01-31 17:40:00+00:00,103.515,103.681,103.032,103.364,51489.6
2026-01-31 17:45:00+00:00,103.364,103.795,102.356,102.432,78489.0
2026-01-31 17:50:00+00:00,102.432,103.291,102.363,103.048,74202.4
2026-01-31 17:55:00+00:00,103.048,103.557,102.939,103.256,40832.3
2026-01-31 18:00:00+00:00,103.256,103.82,102.873,103.039,50027.9
2026-01-31 18:05:00+00:00,103.039,103.499,102.889,103.469,27251.0
2026-01-31 18:10:00+00:00,103.469,103.787,103.077,103.118,21490.9
2026-01-31 18:15:00+00:00,103.118,103.159,102.387,102.649,75052.6
2026-01-31 18:20:00+00:00,102.649,103.294,102.299,102.849,64099.3
2026-01-31 18:25:00+00:00,102.849,103.519,102.849,103.418,19402.7
2026-01-31 18:30:00+00:00,103.418,103.694,102.811,102.875,19632.7
2026-01-31 18:35:00+00:00,102.875,102.893,101.824,102.051,125683.4
2026-01-31 18:40:00+00:00,102.051,102.189,96.309,100.23,868844.0
2026-01-31 18:45:00+00:00,100.23,102.357,99.386,101.838,412757.1
2026-01-31 18:50:00+00:00,101.838,102.456,101.283,101.43,209552.9
2026-01-31 18:55:00+00:00,101.43,101.989,101.044,101.859,75905.6
2026-01-31 19:00:00+00:00,101.859,102.532,101.775,102.128,57605.9
2026-01-31 19:05:00+00:00,102.128,103.069,102.0,103.035,136544.9
2026-01-31 19:10:00+00:00,103.035,103.347,102.621,102.942,90353.5
2026-01-31 19:15:00+00:00,102.942,103.354,102.703,103.056,68094.4
2026-01-31 19:20:00+00:00,103.056,103.225,102.225,102.351,35053.8
2026-01-31 19:25:00+00:00,102.351,102.829,102.245,102.56,32775.8
2026-01-31 19:30:00+00:00,102.56,102.819,101.763,101.978,65258.2
2026-01-31 19:35:00+00:00,101.978,102.067,101.501,101.611,29566.3
2026-01-31 19:40:00+00:00,101.611,102.103,101.375,101.814,41890.5
2026-01-31 19:45:00+00:00,101.814,102.406,101.601,102.3,79885.3
2026-01-31 19:50:00+00:00,102.3,102.39,101.831,101.975,29326.5
2026-01-31 19:55:00+00:00,101.975,102.166,101.575,101.657,35495.9
2026-01-31 20:00:00+00:00,101.657,101.884,101.124,101.367,38402.5
2026-01-31 20:05:00+00:00,101.367,101.707,101.158,101.219,18570.6
2026-01-31 20:10:00+00:00,101.219,101.266,100.769,100.839,21250.7
2026-01-31 20:15:00+00:00,100.839,101.042,100.677,101.042,26189.2
2026-01-31 20:20:00+00:00,101.042,102.442,100.86,101.218,76926.5
2026-01-31 20:25:00+00:00,101.218,101.325,100.72,100.763,25011.0
2026-01-31 20:30:00+00:00,100.763,100.815,100.256,100.553,60204.8
2026-01-31 20:35:00+00:00,100.553,100.866,100.293,100.732,42554.7
2026-01-31 20:40:00+00:00,100.732,101.686,100.606,101.618,62840.8
2026-01-31 20:45:00+00:00,101.618,101.771,101.154,101.223,36757.4
2026-01-31 20:50:00+00:00,101.223,101.474,101.1,101.425,17350.2
2026-01-31 20:55:00+00:00,101.425,102.135,101.383,101.856,47985.9
2026-01-31 21:00:00+00:00,101.856,102.49,101.323,101.402,56785.7
2026-01-31 21:05:00+00:00,101.402,102.066,101.402,102.057,20904.5
2026-01-31 21:10:00+00:00,102.057,102.057,101.502,101.576,19642.5
2026-01-31 21:15:00+00:00,101.576,102.171,101.53,101.925,56572.4
2026-01-31 21:20:00+00:00,101.925,101.953,101.19,101.705,61989.4
2026-01-31 21:25:00+00:00,101.705,103.037,101.692,102.554,115777.7
2026-01-31 21:30:00+00:00,102.554,102.675,102.242,102.628,24199.4
2026-01-31 21:35:00+00:00,102.628,103.331,102.579,103.084,102735.1
2026-01-31 21:40:00+00:00,103.084,103.393,102.975,103.088,74730.5
2026-01-31 21:45:00+00:00,103.088,103.333,102.91,103.201,20955.2
2026-01-31 21:50:00+00:00,103.201,103.651,103.165,103.427,21500.6
2026-01-31 21:55:00+00:00,103.427,103.481,103.091,103.33,15383.2
2026-01-31 22:00:00+00:00,103.33,103.724,103.221,103.639,17180.5
2026-01-31 22:05:00+00:00,103.639,103.688,103.322,103.545,19245.8
2026-01-31 22:10:00+00:00,103.545,103.7,103.37,103.442,25618.4
2026-01-31 22:15:00+00:00,103.442,103.724,103.382,103.483,19397.6
2026-01-31 22:20:00+00:00,103.483,103.747,103.323,103.547,24486.2
2026-01-31 22:25:00+00:00,103.547,103.932,103.489,103.88,13817.0
2026-01-31 22:30:00+00:00,103.88,104.131,103.661,104.005,53747.8
2026-01-31 22:35:00+00:00,104.005,104.038,103.504,103.739,31931.7
2026-01-31 22:40:00+00:00,103.739,103.768,103.335,103.449,14260.6
2026-01-31 22:45:00+00:00,103.449,103.624,103.173,103.543,16054.1
2026-01-31 22:50:00+00:00,103.543,103.927,103.526,103.927,33625.5
2026-01-31 22:55:00+00:00,103.927,104.247,103.833,103.998,18222.9
2026-01-31 23:00:00+00:00,103.998,104.125,103.707,103.99,9141.1
2026-01-31 23:05:00+00:00,103.99,104.394,103.921,104.336,56394.9
2026-01-31 23:10:00+00:00,104.336,104.358,104.009,104.246,21930.6
2026-01-31 23:15:00+00:00,104.246,105.004,104.132,105.004,33430.4
2026-01-31 23:20:00+00:00,105.004,106.402,104.725,106.289,182966.3
2026-01-31 23:25:00+00:00,106.289,106.29,105.363,105.545,80780.4
2026-01-31 23:30:00+00:00,105.545,105.8,105.112,105.79,40357.8
2026-01-31 23:35:00+00:00,105.79,105.877,105.227,105.373,20584.6
2026-01-31 23:40:00+00:00,105.373,105.612,105.082,105.271,16888.5
2026-01-31 23:45:00+00:00,105.271,105.338,104.728,105.154,36730.5
2026-01-31 23:50:00+00:00,105.154,105.576,105.154,105.424,17565.4
2026-01-31 23:55:00+00:00,105.424,105.522,105.277,105.436,18919.2
2026-02-01 00:00:00+00:00,105.436,105.624,105.171,105.516,20304.2
2026-02-01 00:05:00+00:00,105.516,105.834,105.421,105.834,31098.7
2026-02-01 00:10:00+00:00,105.834,105.945,105.525,105.919,28691.0
2026-02-01 00:15:00+00:00,105.919,106.296,105.851,106.139,18609.5
2026-02-01 00:20:00+00:00,106.139,106.139,105.601,105.711,43737.3
2026-02-01 00:25:00+00:00,105.711,106.177,105.711,105.886,10251.0
2026-02-01 00:30:00+00:00,105.886,106.112,105.611,105.667,11420.6
2026-02-01 00:35:00+00:00,105.667,105.784,105.287,105.357,18667.3
2026-02-01 00:40:00+00:00,105.357,105.522,105.211,105.226,19259.5
2026-02-01 00:45:00+00:00,105.226,105.611,105.213,105.554,9694.2
2026-02-01 00:50:00+00:00,105.554,105.71,105.456,105.604,13095.8
2026-02-01 00:55:00+00:00,105.604,105.759,105.491,105.559,3460.0
2026-02-01 01:00:00+00:00,105.559,105.701,105.102,105.178,13770.3
2026-02-01 01:05:00+00:00,105.178,105.195,104.718,104.909,20025.3
2026-02-01 01:10:00+00:00,104.909,105.013,104.727,104.987,12469.3
2026-02-01 01:15:00+00:00,104.987,104.991,104.417,104.421,26363.3
2026-02-01 01:20:00+00:00,104.421,104.672,104.37,104.624,8285.4
2026-02-01 01:25:00+00:00,104.624,104.936,104.465,104.868,10596.2
2026-02-01 01:30:00+00:00,104.868,104.898,104.371,104.451,9894.3
2026-02-01 01:35:00+00:00,104.451,104.58,104.122,104.122,8148.2
2026-02-01 01:40:00+00:00,104.122,104.395,104.122,104.302,9278.1
2026-02-01 01:45:00+00:00,104.302,104.791,104.183,104.768,11182.5
2026-02-01 01:50:00+00:00,104.768,105.054,104.649,104.967,6738.1
2026-02-01 01:55:00+00:00,104.967,105.08,104.82,104.883,10502.5
2026-02-01 02:00:00+00:00,104.883,105.113,104.665,104.813,6871.2
2026-02-01 02:05:00+00:00,104.813,105.38,104.793,105.38,7684.9
2026-02-01 02:10:00+00:00,105.38,105.746,105.363,105.605,10656.0
2026-02-01 02:15:00+00:00,105.605,105.798,105.401,105.52,7293.4
2026-02-01 02:20:00+00:00,105.52,105.531,104.867,104.886,10902.1
2026-02-01 02:25:00+00:00,104.886,105.0,104.808,105.0,10910.5
2026-02-01 02:30:00+00:00,105.0,105.233,104.939,105.184,13139.6
2026-02-01 02:35:00+00:00,105.184,105.461,105.167,105.365,5900.0
2026-02-01 02:40:00+00:00,105.365,105.513,105.31,105.462,3552.6
2026-02-01 02:45:00+00:00,105.462,105.644,105.389,105.553,7977.0
2026-02-01 02:50:00+00:00,105.553,105.826,105.314,105.819,4993.0
2026-02-01 02:55:00+00:00,105.819,105.882,105.423,105.469,7461.7
2026-02-01 03:00:00+00:00,105.469,105.599,105.286,105.325,4025.9
2026-02-01 03:05:00+00:00,105.325,105.325,105.127,105.256,4816.4
2026-02-01 03:10:00+00:00,105.256,105.332,105.13,105.231,2624.6
2026-02-01 03:15:00+00:00,105.231,105.303,104.966,104.979,5129.2
2026-02-01 03:20:00+00:00,104.979,105.048,104.818,104.899,3871.5
2026-02-01 03:25:00+00:00,104.899,104.944,104.821,104.852,2979.6
2026-02-01 03:30:00+00:00,104.852,104.943,104.61,104.73,6669.3
2026-02-01 03:35:00+00:00,104.73,104.752,104.591,104.67,2373.2
2026-02-01 03:40:00+00:00,104.67,104.917,104.436,104.557,10082.5
2026-02-01 03:45:00+00:00,104.557,104.877,104.524,104.877,12016.5
2026-02-01 03:50:00+00:00,104.877,104.984,104.749,104.782,7147.7
2026-02-01 03:55:00+00:00,104.782,104.909,104.707,104.887,2933.5
2026-02-01 04:00:00+00:00,104.887,104.92,104.736,104.748,2974.2
2026-02-01 04:05:00+00:00,104.748,104.879,104.701,104.819,4624.3
2026-02-01 04:10:00+00:00,104.819,105.275,104.819,105.182,7770.7
2026-02-01 04:15:00+00:00,105.182,105.4,105.074,105.381,10760.1
2026-02-01 04:20:00+00:00,105.381,105.428,105.171,105.201,6808.0
2026-02-01 04:25:00+00:00,105.201,105.201,104.92,105.0,6946.0
2026-02-01 04:30:00+00:00,105.0,105.186,104.945,105.046,8964.5
2026-02-01 04:35:00+00:00,105.046,105.351,104.981,105.263,4124.1
2026-02-01 04:40:00+00:00,105.263,105.348,105.145,105.31,4366.0
2026-02-01 04:45:00+00:00,105.31,105.394,105.139,105.229,4441.0
2026-02-01 04:50:00+00:00,105.229,105.337,105.14,105.255,2556.8
2026-02-01 04:55:00+00:00,105.255,105.297,105.089,105.099,1924.5
2026-02-01 05:00:00+00:00,105.099,105.331,104.808,104.979,10509.0
2026-02-01 05:05:00+00:00,104.979,105.169,104.763,104.785,10386.6
2026-02-01 05:10:00+00:00,104.785,105.132,104.785,105.102,34964.2
2026-02-01 05:15:00+00:00,105.102,105.333,105.056,105.227,9606.7
2026-02-01 05:20:00+00:00,105.227,105.622,104.91,105.497,24312.1
2026-02-01 05:25:00+00:00,105.497,105.593,105.338,105.491,6931.5
2026-02-01 05:30:00+00:00,105.491,105.522,105.237,105.368,3748.1
2026-02-01 05:35:00+00:00,105.368,105.387,104.936,104.986,9736.3
2026-02-01 05:40:00+00:00,104.986,105.149,104.446,104.531,22327.8
2026-02-01 05:45:00+00:00,104.531,104.697,104.387,104.447,14237.7
2026-02-01 05:50:00+00:00,104.447,104.735,104.447,104.571,6207.7
2026-02-01 05:55:00+00:00,104.571,104.654,104.541,104.611,2213.9
2026-02-01 06:00:00+00:00,104.611,104.8,104.611,104.718,3922.5
2026-02-01 06:05:00+00:00,104.718,105.1,104.718,105.051,5445.0
2026-02-01 06:10:00+00:00,105.051,105.182,105.004,105.081,4841.5
2026-02-01 06:15:00+00:00,105.081,105.13,105.015,105.067,1778.5
2026-02-01 06:20:00+00:00,105.067,105.299,105.067,105.164,11198.7
2026-02-01 06:25:00+00:00,105.164,105.292,105.028,105.057,5541.7
2026-02-01 06:30:00+00:00,105.057,105.37,105.052,105.063,14170.5
2026-02-01 06:35:00+00:00,105.063,105.113,104.452,104.764,33879.6
2026-02-01 06:40:00+00:00,104.764,105.137,104.764,104.984,8826.5
2026-02-01 06:45:00+00:00,104.984,105.063,104.726,104.94,44000.2
2026-02-01 06:50:00+00:00,104.94,105.193,104.918,105.128,4625.9
2026-02-01 06:55:00+00:00,105.128,105.242,104.945,105.014,5966.3
2026-02-01 07:00:00+00:00,105.014,105.163,104.829,104.868,16753.5
2026-02-01 07:05:00+00:00,104.868,104.982,104.45,104.784,18069.4
2026-02-01 07:10:00+00:00,104.784,104.989,104.268,104.315,22672.7
2026-02-01 07:15:00+00:00,104.315,104.472,103.868,103.966,33411.0
2026-02-01 07:20:00+00:00,103.966,104.212,103.884,104.208,13160.6
2026-02-01 07:25:00+00:00,104.208,104.32,104.082,104.257,4788.3
2026-02-01 07:30:00+00:00,104.257,104.38,104.137,104.258,6495.0
2026-02-01 07:35:00+00:00,104.258,104.866,104.258,104.845,16758.2
2026-02-01 07:40:00+00:00,104.845,105.963,104.845,105.815,54638.8
2026-02-01 07:45:00+00:00,105.815,105.815,105.42,105.501,18567.0
2026-02-01 07:50:00+00:00,105.501,105.777,105.34,105.34,10387.9
2026-02-01 07:55:00+00:00,105.34,105.451,105.016,105.152,11585.1
2026-02-01 08:00:00+00:00,105.152,105.292,104.94,105.058,10781.0
2026-02-01 08:05:00+00:00,105.058,105.313,104.998,105.299,8888.3
2026-02-01 08:10:00+00:00,105.299,105.395,105.039,105.039,6252.8
2026-02-01 08:15:00+00:00,105.039,105.132,104.725,104.951,18460.2
2026-02-01 08:20:00+00:00,104.951,105.216,104.805,105.095,8717.0
2026-02-01 08:25:00+00:00,105.095,105.234,104.865,105.183,18727.1
2026-02-01 08:30:00+00:00,105.183,105.271,105.127,105.248,6333.9
2026-02-01 08:35:00+00:00,105.248,105.999,105.197,105.839,17009.5
2026-02-01 08:40:00+00:00,105.839,105.98,105.813,105.897,6690.8
2026-02-01 08:45:00+00:00,105.897,105.897,105.468,105.497,33969.5
2026-02-01 08:50:00+00:00,105.497,105.643,105.41,105.498,7180.4
2026-02-01 08:55:00+00:00,105.498,105.523,105.416,105.459,4513.0
2026-02-01 09:00:00+00:00,105.459,105.596,105.175,105.546,7325.1
2026-02-01 09:05:00+00:00,105.546,105.74,105.387,105.495,8300.8
2026-02-01 09:10:00+00:00,105.495,105.574,105.254,105.279,4461.3
2026-02-01 09:15:00+00:00,105.279,105.297,104.961,105.071,8063.7
2026-02-01 09:20:00+00:00,105.071,105.22,104.9,105.17,13051.0
2026-02-01 09:25:00+00:00,105.17,105.198,104.917,105.005,10789.3
2026-02-01 09:30:00+00:00,105.005,105.329,104.929,105.252,9612.2
2026-02-01 09:35:00+00:00,105.252,105.432,105.226,105.335,4225.6
2026-02-01 09:40:00+00:00,105.335,105.569,105.264,105.506,3235.8
2026-02-01 09:45:00+00:00,105.506,105.571,105.264,105.358,5559.7
2026-02-01 09:50:00+00:00,105.358,105.57,105.341,105.533,3125.0
2026-02-01 09:55:00+00:00,105.533,105.879,105.438,105.739,31647.2
2026-02-01 10:00:00+00:00,105.739,105.741,105.432,105.487,9580.2
2026-02-01 10:05:00+00:00,105.487,105.637,105.401,105.534,5823.0
2026-02-01 10:10:00+00:00,105.534,105.797,105.492,105.706,5942.9
2026-02-01 10:15:00+00:00,105.706,105.717,105.409,105.429,4105.7
2026-02-01 10:20:00+00:00,105.429,105.599,105.374,105.575,2875.6
2026-02-01 10:25:00+00:00,105.575,105.621,105.48,105.567,1776.6
2026-02-01 10:30:00+00:00,105.567,105.666,104.902,105.081,47945.2
2026-02-01 10:35:00+00:00,105.081,105.146,104.528,104.611,30547.4
2026-02-01 10:40:00+00:00,104.611,104.625,104.246,104.26,21152.6
2026-02-01 10:45:00+00:00,104.26,104.465,104.179,104.425,37840.2
2026-02-01 10:50:00+00:00,104.425,104.461,104.237,104.259,11672.3
2026-02-01 10:55:00+00:00,104.259,104.328,103.505,103.699,110607.8
2026-02-01 11:00:00+00:00,103.699,103.942,103.694,103.911,23866.9
2026-02-01 11:05:00+00:00,103.911,104.141,103.761,104.104,11286.7
2026-02-01 11:10:00+00:00,104.104,104.21,104.026,104.196,8110.2
2026-02-01 11:15:00+00:00,104.196,104.196,103.754,103.966,8491.8
2026-02-01 11:20:00+00:00,103.966,104.018,103.877,103.895,4341.1
2026-02-01 11:25:00+00:00,103.895,104.062,103.895,103.976,4684.0
2026-02-01 11:30:00+00:00,103.976,104.368,103.975,104.351,8568.1
2026-02-01 11:35:00+00:00,104.351,105.06,104.346,105.021,48306.9
2026-02-01 11:40:00+00:00,105.021,105.352,104.945,105.23,32502.2
2026-02-01 11:45:00+00:00,105.23,105.334,104.896,104.915,52080.6
2026-02-01 11:50:00+00:00,104.915,105.024,104.907,104.976,7915.1
2026-02-01 11:55:00+00:00,104.976,105.035,104.925,104.987,6368.5
2026-02-01 12:00:00+00:00,104.987,104.998,104.632,104.673,11911.8
2026-02-01 12:05:00+00:00,104.673,104.837,104.625,104.665,9685.3
2026-02-01 12:10:00+00:00,104.665,104.836,104.625,104.692,6815.9
2026-02-01 12:15:00+00:00,104.692,104.692,104.362,104.665,33930.0
2026-02-01 12:20:00+00:00,104.665,104.679,104.06,104.223,60058.4
2026-02-01 12:25:00+00:00,104.223,104.414,104.085,104.393,15498.5
2026-02-01 12:30:00+00:00,104.393,104.635,104.384,104.575,10488.4
2026-02-01 12:35:00+00:00,104.575,105.065,104.575,104.712,36374.3
2026-02-01 12:40:00+00:00,104.712,104.784,104.467,104.509,32239.4
2026-02-01 12:45:00+00:00,104.509,104.762,104.509,104.722,31275.9
2026-02-01 12:50:00+00:00,104.722,104.751,104.599,104.599,9723.7
2026-02-01 12:55:00+00:00,104.599,105.125,104.599,104.995,18554.0
2026-02-01 13:00:00+00:00,104.995,105.977,104.94,105.567,55101.1
2026-02-01 13:05:00+00:00,105.567,105.805,105.512,105.541,10940.1
2026-02-01 13:10:00+00:00,105.541,106.664,105.5,106.204,65514.0
2026-02-01 13:15:00+00:00,106.204,106.215,105.846,105.963,17766.3
2026-02-01 13:20:00+00:00,105.963,105.976,105.552,105.558,10928.8
2026-02-01 13:25:00+00:00,105.558,105.643,105.18,105.444,22516.6
2026-02-01 13:30:00+00:00,105.444,105.475,105.303,105.375,16447.7
2026-02-01 13:35:00+00:00,105.375,105.413,104.927,104.927,14106.8
2026-02-01 13:40:00+00:00,104.927,105.082,104.792,105.017,15209.4
2026-02-01 13:45:00+00:00,105.017,105.184,104.625,104.701,30059.8
2026-02-01 13:50:00+00:00,104.701,104.755,104.163,104.357,37298.1
2026-02-01 13:55:00+00:00,104.357,104.468,104.006,104.411,26288.7
2026-02-01 14:00:00+00:00,104.411,104.447,104.037,104.331,24411.1
2026-02-01 14:05:00+00:00,104.331,104.753,104.313,104.481,19873.6
2026-02-01 14:10:00+00:00,104.481,104.481,104.046,104.198,25751.5
2026-02-01 14:15:00+00:00,104.198,104.309,103.697,103.88,55996.0
2026-02-01 14:20:00+00:00,103.88,103.949,103.622,103.803,49837.3
2026-02-01 14:25:00+00:00,103.803,103.896,103.016,103.147,103499.6
2026-02-01 14:30:00+00:00,103.147,103.415,102.425,102.463,206337.4
2026-02-01 14:35:00+00:00,102.463,102.563,101.673,101.833,294423.2
2026-02-01 14:40:00+00:00,101.833,102.906,101.737,102.352,232377.3
2026-02-01 14:45:00+00:00,102.352,102.726,101.871,102.539,53229.9
2026-02-01 14:50:00+00:00,102.539,103.541,102.53,102.849,74794.9
2026-02-01 14:55:00+00:00,102.849,103.272,102.71,102.882,28702.3
2026-02-01 15:00:00+00:00,102.882,102.893,102.209,102.281,63172.0
2026-02-01 15:05:00+00:00,102.281,102.478,102.102,102.172,25731.5
2026-02-01 15:10:00+00:00,102.172,102.227,101.57,101.664,39116.0
2026-02-01 15:15:00+00:00,101.664,101.82,101.002,101.297,81578.1
2026-02-01 15:20:00+00:00,101.297,101.536,101.009,101.296,54054.4
2026-02-01 15:25:00+00:00,101.296,101.392,100.574,100.683,63590.4
2026-02-01 15:30:00+00:00,100.683,101.28,100.527,100.954,127480.5
2026-02-01 15:35:00+00:00,100.954,101.478,100.121,101.284,105352.7
2026-02-01 15:40:00+00:00,101.284,101.428,100.828,100.907,51696.5
2026-02-01 15:45:00+00:00,100.907,101.821,100.76,101.418,45254.4
2026-02-01 15:50:00+00:00,101.418,101.674,101.258,101.319,30943.6
2026-02-01 15:55:00+00:00,101.319,102.332,101.307,101.588,86779.3
2026-02-01 16:00:00+00:00,101.588,101.679,101.161,101.535,80743.0
2026-02-01 16:05:00+00:00,101.535,102.471,101.376,101.762,91537.8
2026-02-01 16:10:00+00:00,101.762,102.185,101.455,102.072,65488.9
2026-02-01 16:15:00+00:00,102.072,102.078,101.051,101.171,50357.0
2026-02-01 16:20:00+00:00,101.171,102.199,100.847,102.157,49214.9
2026-02-01 16:25:00+00:00,102.157,102.846,102.022,102.258,64762.5
2026-02-01 16:30:00+00:00,102.258,102.531,101.947,102.38,36283.4
2026-02-01 16:35:00+00:00,102.38,102.474,101.776,101.893,27438.5
2026-02-01 16:40:00+00:00,101.893,102.031,101.38,101.548,48974.7
2026-02-01 16:45:00+00:00,101.548,101.945,101.548,101.567,12239.1
2026-02-01 16:50:00+00:00,101.567,101.759,101.224,101.714,23840.0
2026-02-01 16:55:00+00:00,101.714,102.027,101.591,101.644,15714.7
2026-02-01 17:00:00+00:00,101.644,101.971,101.525,101.954,17034.8
2026-02-01 17:05:00+00:00,101.954,102.135,101.83,101.99,11663.1
2026-02-01 17:10:00+00:00,101.99,102.049,101.775,101.937,12316.9
2026-02-01 17:15:00+00:00,101.937,102.127,101.768,102.058,9826.8
2026-02-01 17:20:00+00:00,102.058,102.07,101.037,101.243,19722.2
2026-02-01 17:30:00+00:00,101.634,101.886,101.296,101.353,23141.1
2026-02-01 17:35:00+00:00,101.353,101.389,101.088,101.296,37497.7
2026-02-01 17:40:00+00:00,101.296,101.694,101.205,101.518,15983.9
2026-02-01 17:45:00+00:00,101.518,101.712,101.318,101.406,14627.0
2026-02-01 17:50:00+00:00,101.406,102.168,101.333,102.056,16291.1
2026-02-01 17:55:00+00:00,102.056,102.429,101.815,102.366,13079.0
2026-02-01 18:00:00+00:00,102.366,103.717,102.341,103.374,136897.4
2026-02-01 18:05:00+00:00,103.374,103.982,103.0,103.604,86700.2
2026-02-01 18:10:00+00:00,103.604,103.85,103.258,103.716,24161.0
2026-02-01 18:15:00+00:00,103.716,103.762,103.354,103.629,31105.3
2026-02-01 18:20:00+00:00,103.629,104.17,103.197,103.265,113135.1
2026-02-01 18:25:00+00:00,103.265,103.893,103.029,103.827,35913.4
2026-02-01 18:30:00+00:00,103.827,103.827,103.44,103.663,18055.5
2026-02-01 18:35:00+00:00,103.663,103.663,103.369,103.547,16220.9
2026-02-01 18:40:00+00:00,103.547,103.683,103.102,103.204,18748.6
2026-02-01 18:45:00+00:00,103.204,103.414,102.887,103.048,62098.9
2026-02-01 18:50:00+00:00,103.048,103.189,102.905,103.178,18910.5
2026-02-01 18:55:00+00:00,103.178,103.399,103.069,103.382,11761.5
2026-02-01 19:00:00+00:00,103.382,103.696,103.021,103.045,32770.2
2026-02-01 19:05:00+00:00,103.045,103.054,102.773,102.957,12970.1
2026-02-01 19:10:00+00:00,102.957,103.114,102.85,102.897,10636.5
2026-02-01 19:15:00+00:00,102.897,102.897,102.415,102.781,27323.8
2026-02-01 19:20:00+00:00,102.781,102.923,102.568,102.885,11376.4
2026-02-01 19:25:00+00:00,102.885,103.041,102.722,102.769,12096.7
2026-02-01 19:30:00+00:00,102.769,102.976,102.615,102.81,8081.2
2026-02-01 19:35:00+00:00,102.81,102.835,102.392,102.518,21229.3
2026-02-01 19:40:00+00:00,102.518,102.542,102.326,102.378,4730.4
2026-02-01 19:45:00+00:00,102.378,102.378,101.582,101.802,118789.1
2026-02-01 19:50:00+00:00,101.802,102.014,101.739,101.78,25075.4
2026-02-01 19:55:00+00:00,101.78,101.89,101.456,101.862,24875.3
2026-02-01 20:00:00+00:00,101.862,101.88,101.409,101.66,21270.3
2026-02-01 20:05:00+00:00,101.66,101.737,101.339,101.698,16253.6
2026-02-01 20:10:00+00:00,101.698,101.937,101.158,101.229,74698.5
2026-02-01 20:15:00+00:00,101.229,101.545,101.062,101.314,31385.2
2026-02-01 20:20:00+00:00,101.314,101.448,101.124,101.124,20784.7
2026-02-01 20:25:00+00:00,101.124,101.249,100.109,100.202,104054.9
2026-02-01 20:30:00+00:00,100.202,101.082,100.202,101.03,45697.2
2026-02-01 20:35:00+00:00,101.03,102.374,100.989,102.279,65265.8
2026-02-01 20:40:00+00:00,102.279,102.787,102.033,102.238,62472.9
2026-02-01 20:45:00+00:00,102.238,102.32,101.87,101.938,16674.9
2026-02-01 20:50:00+00:00,101.938,102.066,101.319,101.345,20157.5
2026-02-01 20:55:00+00:00,101.345,101.6,101.345,101.505,7450.3
2026-02-01 21:00:00+00:00,101.505,101.546,101.037,101.037,21424.9
2026-02-01 21:05:00+00:00,101.037,101.211,100.3,100.455,46070.5
2026-02-01 21:10:00+00:00,100.455,101.057,100.451,100.771,48649.4
2026-02-01 21:15:00+00:00,100.771,100.799,100.029,100.198,50659.7
2026-02-01 21:20:00+00:00,100.198,100.636,100.063,100.412,58021.5
2026-02-01 21:25:00+00:00,100.412,100.902,100.361,100.718,15628.0
2026-02-01 21:30:00+00:00,100.718,101.046,100.384,100.743,26089.7
2026-02-01 21:35:00+00:00,100.743,101.52,100.743,101.445,34595.8
2026-02-01 21:40:00+00:00,101.445,101.631,101.191,101.242,15622.6
2026-02-01 21:45:00+00:00,101.242,101.477,100.639,101.394,60412.3
2026-02-01 21:50:00+00:00,101.394,101.412,100.789,100.87,31607.3
2026-02-01 21:55:00+00:00,100.87,100.959,100.321,100.782,72452.0
2026-02-01 22:00:00+00:00,100.782,101.571,100.727,101.489,53140.7
2026-02-01 22:05:00+00:00,101.489,101.798,101.229,101.734,24397.0
2026-02-01 22:10:00+00:00,101.734,102.807,101.651,102.322,100947.9
2026-02-01 22:15:00+00:00,102.322,102.355,101.918,101.974,30254.5
2026-02-01 22:20:00+00:00,101.974,101.974,101.068,101.068,29785.8
2026-02-01 22:25:00+00:00,101.068,101.84,101.068,101.804,27156.5
2026-02-01 22:30:00+00:00,101.804,102.166,101.705,101.983,26779.1
2026-02-01 22:35:00+00:00,101.983,102.399,101.708,102.278,35698.5
2026-02-01 22:40:00+00:00,102.278,102.278,101.84,102.094,20070.4
2026-02-01 22:45:00+00:00,102.094,102.206,101.714,101.801,18838.7
2026-02-01 22:50:00+00:00,101.801,102.082,101.584,101.797,33624.5
2026-02-01 22:55:00+00:00,101.797,102.137,101.708,101.731,11861.2
2026-02-01 23:00:00+00:00,101.731,101.798,100.672,100.877,60525.2
2026-02-01 23:05:00+00:00,100.877,100.882,98.206,98.714,381080.6
2026-02-01 23:10:00+00:00,98.714,100.484,97.926,99.932,250045.6
2026-02-01 23:15:00+00:00,99.932,100.665,99.106,99.306,122909.1
2026-02-01 23:20:00+00:00,99.306,100.272,98.71,99.782,164203.2
2026-02-01 23:25:00+00:00,99.782,100.788,99.782,100.494,93780.6
2026-02-01 23:30:00+00:00,100.494,101.382,100.151,101.382,65333.2
2026-02-01 23:35:00+00:00,101.382,102.055,101.174,101.599,99996.3
2026-02-01 23:40:00+00:00,101.599,101.699,101.386,101.561,28760.4
2026-02-01 23:45:00+00:00,101.561,101.587,100.756,100.812,56184.2
2026-02-01 23:50:00+00:00,100.812,101.151,100.573,100.613,32358.2
2026-02-01 23:55:00+00:00,100.613,101.071,100.588,100.722,43383.0
2026-02-02 00:00:00+00:00,100.722,101.029,99.58,100.248,67441.3
2026-02-02 00:05:00+00:00,100.248,101.246,100.064,101.172,49668.3
2026-02-02 00:10:00+00:00,101.172,101.682,101.072,101.082,30005.9
2026-02-02 00:15:00+00:00,101.082,102.167,101.002,101.829,59348.2
2026-02-02 00:20:00+00:00,101.829,102.489,101.804,102.271,37001.2
2026-02-02 00:25:00+00:00,102.271,102.462,101.909,102.119,42678.2
2026-02-02 00:30:00+00:00,102.119,102.462,101.556,101.887,36016.0
2026-02-02 00:35:00+00:00,101.887,102.856,101.821,102.28,42389.1
2026-02-02 00:40:00+00:00,102.28,102.601,102.241,102.468,18195.5
2026-02-02 00:45:00+00:00,102.468,102.808,102.334,102.382,27162.8
2026-02-02 00:50:00+00:00,102.382,102.697,102.124,102.241,17060.3
2026-02-02 00:55:00+00:00,102.241,102.285,101.94,102.219,22616.8
2026-02-02 01:00:00+00:00,102.219,102.831,102.051,102.588,19157.3
2026-02-02 01:05:00+00:00,102.588,102.588,101.392,101.45,24022.1
2026-02-02 01:10:00+00:00,101.45,101.493,100.6,100.656,31196.2
2026-02-02 01:15:00+00:00,100.656,101.89,100.35,101.572,84082.2
2026-02-02 01:20:00+00:00,101.572,102.427,101.245,102.385,39867.3
2026-02-02 01:25:00+00:00,102.385,103.099,102.283,102.812,38057.7
2026-02-02 01:30:00+00:00,102.812,102.84,102.165,102.299,19960.9
2026-02-02 01:35:00+00:00,102.299,102.759,102.136,102.579,13843.9
2026-02-02 01:40:00+00:00,102.579,102.615,102.2,102.239,7645.8
2026-02-02 01:45:00+00:00,102.239,102.297,101.546,101.97,18826.0
2026-02-02 01:50:00+00:00,101.97,102.555,101.97,102.204,8526.3
2026-02-02 01:55:00+00:00,102.204,102.339,101.987,102.018,5121.8
2026-02-02 02:00:00+00:00,102.018,102.451,101.802,102.15,14369.3
2026-02-02 02:05:00+00:00,102.15,102.333,101.863,102.075,25807.6
2026-02-02 02:10:00+00:00,102.075,102.075,101.521,101.76,16363.9
2026-02-02 02:15:00+00:00,101.76,102.666,101.76,102.139,32004.7
2026-02-02 02:20:00+00:00,102.139,102.185,101.79,101.986,3578.1
2026-02-02 02:25:00+00:00,101.986,102.387,101.976,102.065,9333.1
2026-02-02 02:30:00+00:00,102.065,102.196,101.645,101.697,8659.7
2026-02-02 02:35:00+00:00,101.697,101.697,101.128,101.56,56587.4
2026-02-02 02:40:00+00:00,101.56,101.727,101.165,101.182,9298.9
2026-02-02 02:45:00+00:00,101.182,101.305,100.836,101.255,15954.6
2026-02-02 02:50:00+00:00,101.255,101.276,100.713,100.799,23210.9
2026-02-02 02:55:00+00:00,100.799,100.909,100.501,100.67,21949.5
2026-02-02 03:00:00+00:00,100.67,100.826,100.297,100.363,17005.0
2026-02-02 03:05:00+00:00,100.363,100.489,100.012,100.254,30082.8
2026-02-02 03:10:00+00:00,100.254,100.309,98.902,99.005,71220.4
2026-02-02 03:15:00+00:00,99.005,99.151,98.28,98.67,75348.7
2026-02-02 03:20:00+00:00,98.67,98.755,96.747,97.372,253974.2
2026-02-02 03:25:00+00:00,97.372,97.694,96.73,96.926,102822.1
2026-02-02 03:30:00+00:00,96.926,97.49,96.239,96.527,134308.2
2026-02-02 03:35:00+00:00,96.527,96.737,95.843,96.401,67050.4
2026-02-02 03:40:00+00:00,96.401,97.28,96.361,97.049,58137.7
2026-02-02 03:45:00+00:00,97.049,99.692,96.94,99.545,141672.6
2026-02-02 03:50:00+00:00,99.545,100.061,98.837,99.507,69065.2
2026-02-02 03:55:00+00:00,99.507,100.384,99.507,100.0,72163.2
2026-02-02 04:00:00+00:00,100.0,100.094,99.099,99.118,30310.2
2026-02-02 04:05:00+00:00,99.118,99.57,98.746,99.56,29607.6
2026-02-02 04:10:00+00:00,99.56,99.613,98.557,98.858,26180.3
2026-02-02 04:15:00+00:00,98.858,100.222,98.788,100.103,32121.0
2026-02-02 04:20:00+00:00,100.103,100.863,99.74,100.826,44874.5
2026-02-02 04:25:00+00:00,100.826,101.291,100.623,101.238,56863.2
2026-02-02 04:30:00+00:00,101.238,101.751,100.834,101.262,73563.7
2026-02-02 04:35:00+00:00,101.262,101.461,100.991,101.2,13775.0
2026-02-02 04:40:00+00:00,101.2,101.248,100.844,100.871,7019.2
2026-02-02 04:45:00+00:00,100.871,100.892,100.422,100.439,13853.4
2026-02-02 04:50:00+00:00,100.439,100.791,100.301,100.431,10762.5
2026-02-02 04:55:00+00:00,100.431,100.561,100.119,100.258,34511.3
2026-02-02 05:00:00+00:00,100.258,100.398,99.816,100.316,20556.8
2026-02-02 05:05:00+00:00,100.316,100.362,99.364,99.628,27034.3
2026-02-02 05:10:00+00:00,99.628,99.739,99.38,99.559,20401.1
2026-02-02 05:15:00+00:00,99.559,99.657,98.814,99.163,44622.4
2026-02-02 05:20:00+00:00,99.163,99.29,98.78,99.092,19153.3
2026-02-02 05:25:00+00:00,99.092,99.199,98.046,98.46,75527.7
2026-02-02 05:30:00+00:00,98.46,98.871,98.143,98.195,28574.5
2026-02-02 05:35:00+00:00,98.195,98.389,97.605,97.829,34222.2
2026-02-02 05:40:00+00:00,97.829,98.343,97.756,98.015,25798.6
2026-02-02 05:45:00+00:00,98.015,98.32,97.749,98.135,32691.1
2026-02-02 05:50:00+00:00,98.135,98.878,97.806,98.133,57859.1
2026-02-02 05:55:00+00:00,98.133,98.596,98.109,98.221,30346.9
2026-02-02 06:00:00+00:00,98.221,98.329,97.02,98.094,174644.4
2026-02-02 06:05:00+00:00,98.094,98.636,97.868,98.635,49864.7
2026-02-02 06:10:00+00:00,98.635,98.729,98.214,98.573,21926.5
2026-02-02 06:15:00+00:00,98.573,99.77,98.354,99.75,53037.0
2026-02-02 06:20:00+00:00,99.75,99.937,99.43,99.47,31958.9
2026-02-02 06:25:00+00:00,99.47,99.476,98.578,99.07,30624.2
2026-02-02 06:30:00+00:00,99.07,99.525,98.425,98.52,63883.2
2026-02-02 06:35:00+00:00,98.52,98.54,97.458,97.639,128611.4
2026-02-02 06:40:00+00:00,97.639,101.318,97.639,100.623,322025.2
2026-02-02 06:45:00+00:00,100.623,101.316,99.67,99.84,100234.7
2026-02-02 06:50:00+00:00,99.84,100.574,99.594,100.44,40058.1
2026-02-02 06:55:00+00:00,100.44,101.022,100.14,100.673,20614.9
2026-02-02 07:00:00+00:00,100.673,101.081,100.395,100.979,27698.1
2026-02-02 07:05:00+00:00,100.979,101.555,100.426,101.248,40504.1
2026-02-02 07:10:00+00:00,101.248,101.28,100.631,100.772,15484.0
2026-02-02 07:15:00+00:00,100.772,101.335,100.546,101.26,15531.2
2026-02-02 07:20:00+00:00,101.26,101.528,100.745,100.994,34189.3
2026-02-02 07:25:00+00:00,100.994,101.249,100.901,101.22,19943.8
2026-02-02 07:30:00+00:00,101.22,101.624,101.184,101.404,27391.6
2026-02-02 07:35:00+00:00,101.404,102.0,101.276,101.701,59943.4
2026-02-02 07:40:00+00:00,101.701,102.0,101.549,101.686,23939.8
2026-02-02 07:45:00+00:00,101.686,102.376,101.593,101.841,103061.9
2026-02-02 07:50:00+00:00,101.841,101.882,101.286,101.644,20311.8
2026-02-02 07:55:00+00:00,101.644,101.867,101.309,101.385,11212.3
2026-02-02 08:00:00+00:00,101.385,101.988,101.321,101.851,32659.2
2026-02-02 08:05:00+00:00,101.851,102.051,101.602,101.894,32898.7
2026-02-02 08:10:00+00:00,101.894,102.269,101.891,101.906,39736.8
2026-02-02 08:15:00+00:00,101.906,102.42,101.705,102.402,45585.7
2026-02-02 08:20:00+00:00,102.402,102.402,101.573,101.799,24175.5
2026-02-02 08:25:00+00:00,101.799,101.871,101.427,101.525,12141.9
2026-02-02 08:30:00+00:00,101.525,101.962,101.525,101.899,9158.9
2026-02-02 08:35:00+00:00,101.899,102.228,101.648,102.055,17344.7
2026-02-02 08:40:00+00:00,102.055,102.055,101.766,101.846,6383.0
2026-02-02 08:45:00+00:00,101.846,102.029,101.612,101.915,7525.1
2026-02-02 08:50:00+00:00,101.915,102.039,101.806,101.942,6956.8
2026-02-02 08:55:00+00:00,101.942,101.949,101.627,101.63,11335.7
2026-02-02 09:00:00+00:00,101.63,101.972,101.344,101.933,17889.4
2026-02-02 09:05:00+00:00,101.933,101.933,101.616,101.747,11289.9
2026-02-02 09:10:00+00:00,101.747,101.898,101.603,101.838,15769.5
2026-02-02 09:15:00+00:00,101.838,102.121,101.693,102.059,10634.4
2026-02-02 09:20:00+00:00,102.059,102.36,101.789,102.184,15057.4
2026-02-02 09:25:00+00:00,102.184,102.6,102.011,102.53,63779.4
2026-02-02 09:30:00+00:00,102.53,102.668,102.175,102.235,39615.5
2026-02-02 09:35:00+00:00,102.235,103.077,102.235,102.607,102707.8
2026-02-02 09:40:00+00:00,102.607,102.663,102.254,102.371,19598.2
2026-02-02 09:45:00+00:00,102.371,103.15,102.371,103.07,52038.7
2026-02-02 09:50:00+00:00,103.07,103.077,102.693,102.825,46004.8
2026-02-02 09:55:00+00:00,102.825,102.92,102.555,102.739,69557.5
2026-02-02 10:00:00+00:00,102.739,102.989,102.689,102.829,16420.8
2026-02-02 10:05:00+00:00,102.829,103.329,102.752,103.127,24733.1
2026-02-02 10:10:00+00:00,103.127,103.395,103.08,103.177,13999.2
2026-02-02 10:15:00+00:00,103.177,103.23,102.754,102.93,18520.4
2026-02-02 10:20:00+00:00,102.93,103.067,102.841,102.928,18475.7
2026-02-02 10:25:00+00:00,102.928,103.096,102.921,103.071,12563.2
2026-02-02 10:30:00+00:00,103.071,103.307,102.97,103.087,8739.0
2026-02-02 10:35:00+00:00,103.087,103.098,102.578,102.58,23601.0
2026-02-02 10:40:00+00:00,102.58,102.736,102.575,102.699,8804.4
2026-02-02 10:45:00+00:00,102.699,102.762,102.561,102.642,5735.8
2026-02-02 10:50:00+00:00,102.642,102.967,102.636,102.902,5125.4
2026-02-02 10:55:00+00:00,102.902,102.902,102.736,102.841,4158.1
2026-02-02 11:00:00+00:00,102.841,103.024,102.777,102.843,5805.7
2026-02-02 11:05:00+00:00,102.843,103.205,102.826,102.917,7486.8
2026-02-02 11:10:00+00:00,102.917,103.181,102.694,103.099,5086.0
2026-02-02 11:15:00+00:00,103.099,103.114,102.833,103.067,5355.0
2026-02-02 11:20:00+00:00,103.067,103.072,102.872,102.967,4754.9
2026-02-02 11:25:00+00:00,102.967,103.15,102.935,103.15,6557.9
2026-02-02 11:30:00+00:00,103.15,103.375,103.056,103.258,17793.8
2026-02-02 11:35:00+00:00,103.258,103.29,103.122,103.231,11993.9
2026-02-02 11:40:00+00:00,103.231,103.231,102.85,103.011,10599.3
2026-02-02 11:45:00+00:00,103.011,103.056,102.851,103.026,10565.5
2026-02-02 11:50:00+00:00,103.026,103.208,102.936,103.101,9440.9
2026-02-02 11:55:00+00:00,103.101,103.101,102.594,102.731,45569.3
2026-02-02 12:00:00+00:00,102.731,103.078,102.729,103.068,7442.1
2026-02-02 12:05:00+00:00,103.068,103.213,102.95,103.2,7335.3
2026-02-02 12:10:00+00:00,103.2,103.2,103.021,103.091,6064.4
2026-02-02 12:15:00+00:00,103.091,103.288,103.0,103.061,38279.1
2026-02-02 12:20:00+00:00,103.061,103.378,103.014,103.366,18077.3
2026-02-02 12:25:00+00:00,103.366,103.718,103.171,103.241,61799.8
2026-02-02 12:30:00+00:00,103.241,103.299,103.022,103.022,10443.8
2026-02-02 12:35:00+00:00,103.022,103.134,102.934,103.05,33074.1
2026-02-02 12:40:00+00:00,103.05,103.256,102.889,102.984,8454.0
2026-02-02 12:45:00+00:00,102.984,103.199,102.939,103.055,3129.6
2026-02-02 12:50:00+00:00,103.055,103.337,103.001,103.332,5494.8
2026-02-02 12:55:00+00:00,103.332,103.422,103.17,103.238,16780.5
2026-02-02 13:00:00+00:00,103.238,103.241,102.885,102.985,15740.9
2026-02-02 13:05:00+00:00,102.985,102.985,102.77,102.795,5342.6
2026-02-02 13:10:00+00:00,102.795,103.025,102.795,103.015,17850.3
2026-02-02 13:15:00+00:00,103.015,103.015,102.775,102.886,5006.0
2026-02-02 13:20:00+00:00,102.886,103.319,102.84,103.124,25453.6
2026-02-02 13:25:00+00:00,103.124,103.227,102.929,102.996,10529.6
2026-02-02 13:30:00+00:00,102.996,103.403,102.956,103.335,16417.2
2026-02-02 13:35:00+00:00,103.335,103.63,103.296,103.329,20782.7
2026-02-02 13:40:00+00:00,103.329,103.399,103.108,103.182,12920.2
2026-02-02 13:45:00+00:00,103.182,103.233,103.022,103.185,5741.3
2026-02-02 13:50:00+00:00,103.185,103.28,102.937,103.209,10098.9
2026-02-02 13:55:00+00:00,103.209,103.576,103.137,103.259,17270.0
2026-02-02 14:00:00+00:00,103.259,103.335,103.053,103.085,8695.9
2026-02-02 14:05:00+00:00,103.085,103.175,102.964,103.004,22304.2
2026-02-02 14:10:00+00:00,103.004,103.041,102.304,102.811,127746.1
2026-02-02 14:15:00+00:00,102.811,102.989,102.591,102.739,60085.0
2026-02-02 14:20:00+00:00,102.739,103.547,102.722,103.509,73000.0
2026-02-02 14:25:00+00:00,103.509,103.509,102.975,103.332,53456.9
2026-02-02 14:30:00+00:00,103.332,104.095,103.256,103.859,104048.3
2026-02-02 14:35:00+00:00,103.859,104.541,103.791,104.329,141698.8
2026-02-02 14:40:00+00:00,104.329,105.107,104.08,104.323,124130.0
2026-02-02 14:45:00+00:00,104.323,104.726,103.863,103.952,29716.9
2026-02-02 14:50:00+00:00,103.952,104.387,103.86,104.335,20602.4
2026-02-02 14:55:00+00:00,104.335,104.474,103.766,103.909,38142.6
2026-02-02 15:00:00+00:00,103.909,104.202,103.502,104.13,44442.8
2026-02-02 15:05:00+00:00,104.13,104.526,103.79,104.481,25494.4
2026-02-02 15:10:00+00:00,104.481,104.991,104.251,104.692,21440.8
2026-02-02 15:15:00+00:00,104.692,105.341,104.44,104.986,59204.8
2026-02-02 15:20:00+00:00,104.986,105.65,104.938,105.429,43682.1
2026-02-02 15:25:00+00:00,105.429,105.825,105.058,105.081,40221.2
2026-02-02 15:30:00+00:00,105.081,105.443,104.849,105.085,20875.7
2026-02-02 15:35:00+00:00,105.085,105.89,104.944,105.783,63674.9
2026-02-02 15:40:00+00:00,105.783,106.069,105.351,105.534,53537.9
2026-02-02 15:45:00+00:00,105.534,105.653,105.102,105.251,20784.7
2026-02-02 15:50:00+00:00,105.251,105.294,104.61,104.717,29402.2
2026-02-02 15:55:00+00:00,104.717,104.749,104.3,104.63,40153.4
2026-02-02 16:00:00+00:00,104.63,104.64,104.376,104.409,17314.8
2026-02-02 16:05:00+00:00,104.409,104.941,104.201,104.88,24350.5
2026-02-02 16:10:00+00:00,104.88,105.051,104.738,104.94,11916.5
2026-02-02 16:15:00+00:00,104.94,105.42,104.858,105.294,19947.0
2026-02-02 16:20:00+00:00,105.294,105.43,105.008,105.15,15964.1
2026-02-02 16:25:00+00:00,105.15,105.28,104.791,105.271,26224.8
2026-02-02 16:30:00+00:00,105.271,105.686,104.956,105.613,20534.3
2026-02-02 16:35:00+00:00,105.613,105.66,105.183,105.263,23936.7
2026-02-02 16:40:00+00:00,105.263,105.508,105.098,105.416,9997.6
2026-02-02 16:45:00+00:00,105.416,105.434,104.91,104.939,31027.9
2026-02-02 16:50:00+00:00,104.939,105.101,104.678,105.056,17924.7
2026-02-02 16:55:00+00:00,105.056,105.066,104.845,104.922,7944.2
2026-02-02 17:00:00+00:00,104.922,105.441,104.795,105.268,15625.6
2026-02-02 17:05:00+00:00,105.268,105.474,105.126,105.274,6631.1
2026-02-02 17:10:00+00:00,105.274,105.399,105.052,105.307,15185.6
2026-02-02 17:15:00+00:00,105.307,105.424,105.168,105.358,6377.2
2026-02-02 17:20:00+00:00,105.358,105.51,105.253,105.331,6841.1
2026-02-02 17:25:00+00:00,105.331,105.36,104.937,105.072,8300.5
2026-02-02 17:30:00+00:00,105.072,105.316,104.988,105.117,4807.8
2026-02-02 17:35:00+00:00,105.117,105.351,104.825,104.89,8563.7
2026-02-02 17:40:00+00:00,104.89,104.915,104.41,104.527,61232.8
2026-02-02 17:45:00+00:00,104.527,104.92,104.499,104.756,8945.5
2026-02-02 17:50:00+00:00,104.756,104.884,104.379,104.809,24608.5
2026-02-02 17:55:00+00:00,104.809,104.84,104.61,104.741,4447.7
2026-02-02 18:00:00+00:00,104.741,104.776,104.539,104.549,13115.8
2026-02-02 18:05:00+00:00,104.549,104.555,104.185,104.356,9836.7
2026-02-02 18:10:00+00:00,104.356,104.356,104.086,104.147,13069.8
2026-02-02 18:15:00+00:00,104.147,104.29,103.916,104.29,33316.4
2026-02-02 18:20:00+00:00,104.29,104.29,104.009,104.18,12535.5
2026-02-02 18:25:00+00:00,104.18,104.234,103.801,103.976,15536.0
2026-02-02 18:30:00+00:00,103.976,104.978,103.968,104.841,35523.2
2026-02-02 18:35:00+00:00,104.841,104.841,104.445,104.639,13640.0
2026-02-02 18:40:00+00:00,104.639,104.729,104.246,104.246,13832.0
2026-02-02 18:45:00+00:00,104.246,104.561,104.246,104.35,8706.7
2026-02-02 18:50:00+00:00,104.35,104.74,104.299,104.727,8359.3
2026-02-02 18:55:00+00:00,104.727,104.821,104.603,104.642,6846.0
2026-02-02 19:00:00+00:00,104.642,104.772,104.4,104.406,7719.4
2026-02-02 19:05:00+00:00,104.406,104.44,104.159,104.233,6631.0
2026-02-02 19:10:00+00:00,104.233,104.588,104.212,104.407,8865.9
2026-02-02 19:15:00+00:00,104.407,104.502,104.264,104.272,3770.9
2026-02-02 19:20:00+00:00,104.272,104.312,104.073,104.081,6503.8
2026-02-02 19:25:00+00:00,104.081,104.153,103.941,104.126,6001.9
2026-02-02 19:30:00+00:00,104.126,104.195,103.802,103.839,10462.8
2026-02-02 19:35:00+00:00,103.839,103.962,103.738,103.79,11639.7
2026-02-02 19:40:00+00:00,103.79,103.952,103.757,103.92,3414.3
2026-02-02 19:45:00+00:00,103.92,103.92,103.54,103.65,10855.3
2026-02-02 19:50:00+00:00,103.65,103.779,103.431,103.74,23291.8
2026-02-02 19:55:00+00:00,103.74,104.107,103.711,103.823,27748.0
2026-02-02 20:00:00+00:00,103.823,104.012,103.521,103.993,24117.4
2026-02-02 20:05:00+00:00,103.993,104.187,103.939,103.964,8534.6
2026-02-02 20:10:00+00:00,103.964,104.048,103.724,103.76,10100.4
2026-02-02 20:15:00+00:00,103.76,104.032,103.718,103.721,13859.8
2026-02-02 20:20:00+00:00,103.721,103.864,103.501,103.774,14548.9
2026-02-02 20:25:00+00:00,103.774,103.845,103.554,103.612,7291.9
2026-02-02 20:30:00+00:00,103.612,103.709,103.29,103.355,28604.3
2026-02-02 20:35:00+00:00,103.355,103.496,103.25,103.411,8011.5
2026-02-02 20:40:00+00:00,103.411,103.627,103.407,103.451,3405.2
2026-02-02 20:45:00+00:00,103.451,103.535,103.297,103.453,6508.7
2026-02-02 20:50:00+00:00,103.453,103.732,103.401,103.732,7376.2
2026-02-02 20:55:00+00:00,103.732,104.065,103.658,103.78,35561.3
2026-02-02 21:00:00+00:00,103.78,104.392,103.713,104.378,24395.8
2026-02-02 21:05:00+00:00,104.378,104.612,104.251,104.536,21169.0
2026-02-02 21:10:00+00:00,104.536,104.675,104.49,104.572,7196.3
2026-02-02 21:15:00+00:00,104.572,104.693,104.416,104.514,8743.0
2026-02-02 21:20:00+00:00,104.514,104.568,104.314,104.37,4205.1
2026-02-02 21:25:00+00:00,104.37,104.479,104.334,104.457,4393.9
2026-02-02 21:30:00+00:00,104.457,104.819,104.442,104.739,18332.1
2026-02-02 21:35:00+00:00,104.739,104.945,104.706,104.795,15216.7
2026-02-02 21:40:00+00:00,104.795,104.879,104.646,104.688,6790.1
2026-02-02 21:45:00+00:00,104.688,104.825,104.67,104.726,3677.7
2026-02-02 21:50:00+00:00,104.726,104.886,104.68,104.794,26398.8
2026-02-02 21:55:00+00:00,104.794,104.835,104.699,104.765,9725.3
2026-02-02 22:00:00+00:00,104.765,105.052,104.754,104.998,17446.0
2026-02-02 22:05:00+00:00,104.998,105.097,104.92,105.046,6525.6
2026-02-02 22:10:00+00:00,105.046,105.139,104.856,104.887,7036.0
2026-02-02 22:15:00+00:00,104.887,104.912,104.638,104.76,7924.8
2026-02-02 22:20:00+00:00,104.76,104.93,104.653,104.694,3229.9
2026-02-02 22:25:00+00:00,104.694,104.899,104.518,104.84,39122.2
2026-02-02 22:30:00+00:00,104.84,105.054,104.755,105.031,4713.5
2026-02-02 22:35:00+00:00,105.031,105.031,104.864,104.916,7926.2
2026-02-02 22:40:00+00:00,104.916,105.031,104.841,104.964,5216.7
2026-02-02 22:45:00+00:00,104.964,105.026,104.856,104.968,3999.1
2026-02-02 22:50:00+00:00,104.968,104.968,104.834,104.964,3463.8
2026-02-02 22:55:00+00:00,104.964,104.987,104.728,104.95,10481.5
2026-02-02 23:00:00+00:00,104.95,105.014,104.616,104.699,8683.3
2026-02-02 23:05:00+00:00,104.699,104.829,104.636,104.72,3906.0
2026-02-02 23:10:00+00:00,104.72,104.902,104.713,104.776,7234.6
2026-02-02 23:15:00+00:00,104.776,104.873,104.63,104.712,5148.4
2026-02-02 23:20:00+00:00,104.712,104.714,104.465,104.523,7183.2
2026-02-02 23:25:00+00:00,104.523,104.529,104.339,104.415,6995.7
2026-02-02 23:30:00+00:00,104.415,104.63,104.389,104.63,4452.9
2026-02-02 23:35:00+00:00,104.63,104.772,104.582,104.696,29413.2
2026-02-02 23:40:00+00:00,104.696,104.715,104.601,104.613,2965.8
2026-02-02 23:45:00+00:00,104.613,104.659,104.47,104.508,2024.5
2026-02-02 23:50:00+00:00,104.508,104.646,104.413,104.562,12061.9
2026-02-02 23:55:00+00:00,104.562,104.562,104.358,104.475,7247.0
2026-02-03 00:00:00+00:00,104.475,104.609,104.05,104.086,17008.9
2026-02-03 00:05:00+00:00,104.086,104.116,103.738,103.822,17724.2
2026-02-03 00:10:00+00:00,103.822,103.999,103.606,103.981,13718.0
2026-02-03 00:15:00+00:00,103.981,103.994,103.829,103.965,8513.6
2026-02-03 00:20:00+00:00,103.965,104.25,103.915,103.967,25004.0
2026-02-03 00:25:00+00:00,103.967,104.327,103.869,104.235,5247.3
2026-02-03 00:30:00+00:00,104.235,104.235,103.706,103.773,8857.7
2026-02-03 00:35:00+00:00,103.773,103.938,103.622,103.906,48650.4
2026-02-03 00:40:00+00:00,103.906,104.02,103.843,103.98,6880.0
2026-02-03 00:45:00+00:00,103.98,104.199,103.87,103.87,8794.8
2026-02-03 00:50:00+00:00,103.87,103.905,103.632,103.835,12779.3
2026-02-03 00:55:00+00:00,103.835,104.163,103.833,104.103,5874.9
2026-02-03 01:00:00+00:00,104.103,104.24,103.874,104.032,10411.3
2026-02-03 01:05:00+00:00,104.032,104.075,103.7,103.743,8212.3
2026-02-03 01:10:00+00:00,103.743,103.974,103.741,103.851,4445.0
2026-02-03 01:15:00+00:00,103.851,103.964,103.543,103.553,7121.3
2026-02-03 01:20:00+00:00,103.553,104.092,103.445,103.829,15731.0
2026-02-03 01:25:00+00:00,103.829,104.07,103.772,103.851,4417.1
2026-02-03 01:30:00+00:00,103.851,103.851,103.501,103.665,5117.9
2026-02-03 01:35:00+00:00,103.665,103.741,103.501,103.627,3918.1
2026-02-03 01:40:00+00:00,103.627,103.98,103.627,103.98,5911.3
2026-02-03 01:45:00+00:00,103.98,104.107,103.925,103.993,8946.7
2026-02-03 01:50:00+00:00,103.993,104.271,103.93,104.19,6486.5
2026-02-03 01:55:00+00:00,104.19,104.325,104.119,104.322,8061.9
2026-02-03 02:00:00+00:00,104.322,104.341,103.904,103.914,4245.8
2026-02-03 02:05:00+00:00,103.914,103.934,103.68,103.694,8702.6
2026-02-03 02:10:00+00:00,103.694,103.696,103.093,103.308,36816.7
2026-02-03 02:15:00+00:00,103.308,103.602,103.241,103.497,7963.4
2026-02-03 02:20:00+00:00,103.497,103.694,103.419,103.682,8164.3
2026-02-03 02:25:00+00:00,103.682,103.686,103.276,103.392,6948.8
2026-02-03 02:30:00+00:00,103.392,103.392,102.848,103.21,61030.9
2026-02-03 02:35:00+00:00,103.21,103.434,103.013,103.061,5888.3
2026-02-03 02:40:00+00:00,103.061,103.185,102.873,103.085,8366.5
2026-02-03 02:45:00+00:00,103.085,103.109,102.58,102.667,18553.0
2026-02-03 02:50:00+00:00,102.667,102.726,102.54,102.551,13369.4
2026-02-03 02:55:00+00:00,102.551,102.76,102.262,102.345,26516.0
2026-02-03 03:00:00+00:00,102.345,102.487,102.101,102.152,88852.9
2026-02-03 03:05:00+00:00,102.152,102.781,102.152,102.493,22751.4
2026-02-03 03:10:00+00:00,102.493,102.799,102.493,102.68,10741.3
2026-02-03 03:15:00+00:00,102.68,102.867,102.296,102.316,8678.0
2026-02-03 03:20:00+00:00,102.316,102.743,102.114,102.68,33180.5
2026-02-03 03:25:00+00:00,102.68,102.983,102.585,102.957,14344.0
2026-02-03 03:30:00+00:00,102.957,103.458,102.872,103.257,21848.6
2026-02-03 03:35:00+00:00,103.257,103.691,103.24,103.542,16549.1
2026-02-03 03:40:00+00:00,103.542,103.875,103.517,103.756,16154.0
2026-02-03 03:45:00+00:00,103.756,103.875,103.724,103.761,4714.4
2026-02-03 03:50:00+00:00,103.761,103.962,103.671,103.759,10655.7
2026-02-03 03:55:00+00:00,103.759,104.367,103.719,104.11,39912.3
2026-02-03 04:00:00+00:00,104.11,104.11,103.833,103.878,8283.6
2026-02-03 04:05:00+00:00,103.878,103.999,103.8,103.986,6808.7
2026-02-03 04:10:00+00:00,103.986,104.425,103.973,104.356,11514.0
2026-02-03 04:15:00+00:00,104.356,104.458,104.151,104.251,14735.0
2026-02-03 04:20:00+00:00,104.251,104.33,104.107,104.11,6205.1
2026-02-03 04:25:00+00:00,104.11,104.159,103.976,103.977,6068.7
2026-02-03 04:30:00+00:00,103.977,104.187,103.977,104.148,4264.9
2026-02-03 04:35:00+00:00,104.148,104.371,104.085,104.351,12082.2
2026-02-03 04:40:00+00:00,104.351,104.998,104.351,104.998,25570.8
2026-02-03 04:45:00+00:00,104.998,105.055,104.779,104.794,15313.0
2026-02-03 04:50:00+00:00,104.794,104.876,104.583,104.63,16044.2
2026-02-03 04:55:00+00:00,104.63,104.74,104.544,104.617,4443.5
2026-02-03 05:00:00+00:00,104.617,104.675,104.3,104.322,6300.8
2026-02-03 05:05:00+00:00,104.322,104.5,104.314,104.351,6118.6
2026-02-03 05:10:00+00:00,104.351,104.454,103.849,103.906,22766.3
2026-02-03 05:15:00+00:00,103.906,103.983,103.622,103.687,12733.0
2026-02-03 05:20:00+00:00,103.687,104.053,103.601,103.938,7963.5
2026-02-03 05:25:00+00:00,103.938,103.989,103.818,103.936,2421.3
2026-02-03 05:30:00+00:00,103.936,104.026,103.85,103.928,4135.6
2026-02-03 05:35:00+00:00,103.928,104.134,103.887,103.961,3237.1
2026-02-03 05:40:00+00:00,103.961,104.029,103.84,103.944,3291.0
2026-02-03 05:45:00+00:00,103.944,104.138,103.878,104.052,10060.1
2026-02-03 05:50:00+00:00,104.052,104.064,103.87,103.908,3256.2
2026-02-03 05:55:00+00:00,103.908,103.944,103.583,103.651,8267.8
2026-02-03 06:00:00+00:00,103.651,103.765,103.585,103.646,10627.0
2026-02-03 06:05:00+00:00,103.646,103.666,102.901,103.102,77997.6
2026-02-03 06:10:00+00:00,103.102,103.141,102.96,103.03,10157.8
2026-02-03 06:15:00+00:00,103.03,103.553,102.981,103.509,8570.6
2026-02-03 06:20:00+00:00,103.509,103.623,103.36,103.458,14885.4
2026-02-03 06:25:00+00:00,103.458,103.999,103.421,103.804,15522.0
2026-02-03 06:30:00+00:00,103.804,103.928,103.673,103.909,5683.6
2026-02-03 06:35:00+00:00,103.909,104.029,103.76,103.76,8853.9
2026-02-03 06:40:00+00:00,103.76,103.906,103.701,103.733,4720.7
2026-02-03 06:45:00+00:00,103.733,103.937,103.627,103.836,3933.6
2026-02-03 06:50:00+00:00,103.836,104.017,103.82,103.938,2660.5
2026-02-03 06:55:00+00:00,103.938,104.01,103.83,103.913,1600.9
2026-02-03 07:00:00+00:00,103.913,104.013,103.685,103.814,11772.8
2026-02-03 07:05:00+00:00,103.814,104.273,103.814,104.232,11288.6
2026-02-03 07:10:00+00:00,104.232,104.468,104.136,104.161,15234.4
2026-02-03 07:15:00+00:00,104.161,104.28,103.948,104.04,8358.7
2026-02-03 07:20:00+00:00,104.04,104.228,104.04,104.088,2192.7
2026-02-03 07:25:00+00:00,104.088,104.258,104.04,104.156,6859.4
2026-02-03 07:30:00+00:00,104.156,104.681,104.092,104.651,10161.7
2026-02-03 07:35:00+00:00,104.651,104.869,104.506,104.675,9233.3
2026-02-03 07:40:00+00:00,104.675,104.763,104.501,104.576,15712.1
2026-02-03 07:45:00+00:00,104.576,104.744,104.564,104.718,4245.7
2026-02-03 07:50:00+00:00,104.718,104.799,104.525,104.595,4712.4
2026-02-03 07:55:00+00:00,104.595,104.699,104.528,104.63,4108.6
2026-02-03 08:00:00+00:00,104.63,104.694,104.415,104.6,6882.4
2026-02-03 08:05:00+00:00,104.6,104.699,104.443,104.53,6674.7
2026-02-03 08:10:00+00:00,104.53,104.53,104.142,104.19,12592.4
2026-02-03 08:15:00+00:00,104.19,104.475,104.072,104.439,8562.3
2026-02-03 08:20:00+00:00,104.439,104.678,104.314,104.646,5722.5
2026-02-03 08:25:00+00:00,104.646,104.961,104.645,104.789,37719.2
2026-02-03 08:30:00+00:00,104.789,104.796,104.501,104.639,5789.3
2026-02-03 08:35:00+00:00,104.639,104.868,104.56,104.727,8681.3
2026-02-03 08:40:00+00:00,104.727,104.8,104.617,104.765,4276.3
2026-02-03 08:45:00+00:00,104.765,104.765,104.347,104.427,7649.8
2026-02-03 08:50:00+00:00,104.427,104.446,104.242,104.246,7940.1
2026-02-03 08:55:00+00:00,104.246,104.255,104.009,104.048,7401.0
2026-02-03 09:00:00+00:00,104.048,104.138,103.905,103.983,7674.6
2026-02-03 09:05:00+00:00,103.983,104.148,103.942,103.959,4311.3
2026-02-03 09:10:00+00:00,103.959,103.959,103.022,103.078,138365.5
2026-02-03 09:15:00+00:00,103.078,103.229,102.633,103.079,151719.4
2026-02-03 09:20:00+00:00,103.079,103.243,102.699,102.718,17783.7
2026-02-03 09:25:00+00:00,102.718,102.768,102.47,102.587,20944.7
2026-02-03 09:30:00+00:00,102.587,102.925,102.501,102.899,34165.7
2026-02-03 09:35:00+00:00,102.899,103.353,102.877,103.119,25254.3
2026-02-03 09:40:00+00:00,103.119,103.363,103.09,103.235,7583.8
2026-02-03 09:45:00+00:00,103.235,103.318,102.998,103.029,10111.8
2026-02-03 09:50:00+00:00,103.029,103.211,102.982,103.083,7632.0
2026-02-03 09:55:00+00:00,103.083,103.207,103.024,103.051,5016.4
2026-02-03 10:00:00+00:00,103.051,103.268,102.899,103.051,9452.1
2026-02-03 10:05:00+00:00,103.051,103.163,102.871,103.049,6387.0
2026-02-03 10:10:00+00:00,103.049,103.053,102.758,102.788,7474.8
2026-02-03 10:15:00+00:00,102.788,102.828,102.564,102.623,9021.9
2026-02-03 10:20:00+00:00,102.623,103.012,102.528,102.929,13089.0
2026-02-03 10:25:00+00:00,102.929,103.093,102.929,102.977,6122.8
2026-02-03 10:30:00+00:00,102.977,102.977,102.601,102.654,5039.7
2026-02-03 10:35:00+00:00,102.654,102.787,102.403,102.767,15386.3
2026-02-03 10:40:00+00:00,102.767,102.782,102.561,102.691,3969.9
2026-02-03 10:45:00+00:00,102.691,102.8,102.657,102.77,3311.2
2026-02-03 10:50:00+00:00,102.77,102.84,102.616,102.801,4470.1
2026-02-03 10:55:00+00:00,102.801,102.863,102.737,102.821,3004.9
2026-02-03 11:00:00+00:00,102.821,102.976,102.765,102.976,3910.6
2026-02-03 11:05:00+00:00,102.976,103.129,102.876,103.04,5234.1
2026-02-03 11:10:00+00:00,103.04,103.084,102.974,103.027,5655.6
2026-02-03 11:15:00+00:00,103.027,103.183,102.9,102.996,6677.5
2026-02-03 11:20:00+00:00,102.996,103.2,102.993,103.004,6932.0
2026-02-03 11:25:00+00:00,103.004,103.093,102.902,102.982,4872.8
2026-02-03 11:30:00+00:00,102.982,103.312,102.852,103.201,6500.6
2026-02-03 11:35:00+00:00,103.201,103.343,102.984,102.984,7136.8
2026-02-03 11:40:00+00:00,102.984,103.246,102.984,103.08,30942.8
2026-02-03 11:45:00+00:00,103.08,103.341,103.069,103.256,29725.1
2026-02-03 11:50:00+00:00,103.256,103.269,103.029,103.092,5798.9
2026-02-03 11:55:00+00:00,103.092,103.196,102.908,102.915,12171.7
2026-02-03 12:00:00+00:00,102.915,103.022,102.465,102.606,14960.5
2026-02-03 12:05:00+00:00,102.606,102.79,102.433,102.745,17960.9
2026-02-03 12:10:00+00:00,102.745,103.153,102.701,102.887,35695.1
2026-02-03 12:15:00+00:00,102.887,102.889,102.731,102.815,7311.0
2026-02-03 12:20:00+00:00,102.815,103.014,102.751,102.859,3258.4
2026-02-03 12:25:00+00:00,102.859,103.199,102.855,103.104,5709.4
2026-02-03 12:30:00+00:00,103.104,103.174,102.854,102.854,5215.1
2026-02-03 12:35:00+00:00,102.854,103.163,102.825,103.163,6507.7
2026-02-03 12:40:00+00:00,103.163,103.201,103.047,103.047,9350.9
2026-02-03 12:45:00+00:00,103.047,103.223,102.972,103.171,11118.6
2026-02-03 12:50:00+00:00,103.171,103.198,103.006,103.197,7296.1
2026-02-03 12:55:00+00:00,103.197,103.294,103.043,103.054,7141.4
2026-02-03 13:00:00+00:00,103.054,103.058,102.825,102.948,3464.1
2026-02-03 13:05:00+00:00,102.948,103.388,102.948,103.156,7011.8
2026-02-03 13:10:00+00:00,103.156,103.211,103.03,103.124,5142.5
2026-02-03 13:15:00+00:00,103.124,103.225,103.011,103.051,4210.9
2026-02-03 13:20:00+00:00,103.051,103.071,102.693,102.764,35090.1
2026-02-03 13:25:00+00:00,102.764,103.117,102.756,103.08,12195.6
2026-02-03 13:30:00+00:00,103.08,103.166,102.895,103.037,5873.8
2026-02-03 13:35:00+00:00,103.037,103.3,102.934,103.162,7288.0
2026-02-03 13:40:00+00:00,103.162,103.224,102.93,102.94,3314.6
2026-02-03 13:45:00+00:00,102.94,103.195,102.877,103.179,5582.9
2026-02-03 13:50:00+00:00,103.179,103.252,103.01,103.162,4688.3
2026-02-03 13:55:00+00:00,103.162,103.526,103.162,103.34,12411.2
2026-02-03 14:00:00+00:00,103.34,103.577,103.246,103.337,10249.7
2026-02-03 14:05:00+00:00,103.337,103.337,103.211,103.266,3409.7
2026-02-03 14:10:00+00:00,103.266,103.31,103.086,103.145,5919.7
2026-02-03 14:15:00+00:00,103.145,103.29,102.729,102.791,29752.5
2026-02-03 14:20:00+00:00,102.791,102.958,102.763,102.887,7167.1
2026-02-03 14:25:00+00:00,102.887,103.285,102.887,103.145,7098.6
2026-02-03 14:30:00+00:00,103.145,103.214,102.51,102.774,23033.4
2026-02-03 14:35:00+00:00,102.774,102.99,101.906,101.942,68589.8
2026-02-03 14:40:00+00:00,101.942,102.496,101.536,101.94,74324.8
2026-02-03 14:45:00+00:00,101.94,102.269,101.6,101.884,39949.0
2026-02-03 14:50:00+00:00,101.884,101.884,101.1,101.218,42676.8
2026-02-03 14:55:00+00:00,101.218,101.285,100.7,100.794,71067.8
2026-02-03 15:00:00+00:00,100.794,101.33,100.491,101.055,93610.1
2026-02-03 15:05:00+00:00,101.055,101.632,100.838,101.47,27838.0
2026-02-03 15:10:00+00:00,101.47,101.57,100.439,100.502,38789.1
2026-02-03 15:15:00+00:00,100.502,101.031,100.335,100.628,44106.6
2026-02-03 15:20:00+00:00,100.628,101.324,100.586,100.718,25795.0
2026-02-03 15:25:00+00:00,100.718,102.738,100.572,102.0,236119.9
2026-02-03 15:30:00+00:00,102.0,102.732,101.63,102.148,51192.8
2026-02-03 15:35:00+00:00,102.148,102.235,101.701,101.9,85205.2
2026-02-03 15:40:00+00:00,101.9,101.992,101.238,101.319,72293.7
2026-02-03 15:45:00+00:00,101.319,102.31,101.189,102.154,90633.1
2026-02-03 15:50:00+00:00,102.154,102.385,101.711,102.15,24556.8
2026-02-03 15:55:00+00:00,102.15,102.665,102.071,102.521,26664.5
2026-02-03 16:00:00+00:00,102.521,102.524,101.942,101.976,20598.7
2026-02-03 16:05:00+00:00,101.976,102.19,101.6,101.724,17717.1
2026-02-03 16:10:00+00:00,101.724,101.744,101.147,101.252,49619.6
2026-02-03 16:15:00+00:00,101.252,101.29,100.723,101.001,100768.5
2026-02-03 16:20:00+00:00,101.001,101.009,100.351,100.372,33329.0
2026-02-03 16:25:00+00:00,100.372,100.775,100.244,100.308,52824.6
2026-02-03 16:30:00+00:00,100.308,100.585,99.884,100.445,138361.2
2026-02-03 16:35:00+00:00,100.445,100.939,100.445,100.929,25681.9
2026-02-03 16:40:00+00:00,100.929,101.254,100.741,101.007,21694.1
2026-02-03 16:45:00+00:00,101.007,101.104,100.424,100.975,55873.7
2026-02-03 16:50:00+00:00,100.975,101.111,100.45,100.536,18362.2
2026-02-03 16:55:00+00:00,100.536,101.01,100.529,100.674,27237.9
2026-02-03 17:00:00+00:00,100.674,100.919,100.614,100.748,18095.9
2026-02-03 17:05:00+00:00,100.748,100.795,100.302,100.321,25340.4
2026-02-03 17:10:00+00:00,100.321,100.539,99.746,99.797,49415.5
2026-02-03 17:15:00+00:00,99.797,100.251,99.769,99.992,23805.6
2026-02-03 17:20:00+00:00,99.992,100.434,99.807,100.314,28154.1
2026-02-03 17:25:00+00:00,100.314,100.471,100.021,100.275,16501.0
2026-02-03 17:30:00+00:00,100.275,100.362,99.924,99.925,11697.3
2026-02-03 17:35:00+00:00,99.925,100.159,99.561,99.652,23299.1
2026-02-03 17:40:00+00:00,99.652,99.657,98.946,98.991,91976.4
2026-02-03 17:45:00+00:00,98.991,99.558,98.963,99.057,28282.4
2026-02-03 17:50:00+00:00,99.057,99.721,99.041,99.234,58570.0
2026-02-03 17:55:00+00:00,99.234,99.356,98.977,99.06,32964.2
2026-02-03 18:00:00+00:00,99.06,99.365,98.731,98.807,103404.6
2026-02-03 18:05:00+00:00,98.807,99.381,98.807,99.094,42740.3
2026-02-03 18:10:00+00:00,99.094,99.25,98.597,98.642,42265.4
2026-02-03 18:15:00+00:00,98.642,98.849,98.186,98.52,102050.9
2026-02-03 18:20:00+00:00,98.52,98.76,97.702,98.097,139066.6
2026-02-03 18:25:00+00:00,98.097,98.122,97.656,97.873,112383.8
2026-02-03 18:30:00+00:00,97.873,98.202,97.568,98.07,54078.2
2026-02-03 18:35:00+00:00,98.07,98.159,97.471,97.856,41735.7
2026-02-03 18:40:00+00:00,97.856,98.089,97.24,97.492,58826.9
2026-02-03 18:45:00+00:00,97.492,97.714,97.051,97.095,68903.8
2026-02-03 18:50:00+00:00,97.095,97.217,96.82,96.974,67116.4
2026-02-03 18:55:00+00:00,96.974,97.417,96.589,96.767,85178.9
2026-02-03 19:00:00+00:00,96.767,97.192,96.612,97.006,51983.6
2026-02-03 19:05:00+00:00,97.006,97.972,96.841,97.85,120327.2
2026-02-03 19:10:00+00:00,97.85,99.281,97.827,99.001,169921.3
2026-02-03 19:15:00+00:00,99.001,99.596,98.598,99.378,94388.1
2026-02-03 19:20:00+00:00,99.378,99.883,98.9,99.023,66781.3
2026-02-03 19:25:00+00:00,99.023,99.439,98.676,99.347,52837.4
2026-02-03 19:30:00+00:00,99.347,100.066,99.165,99.288,104939.8
2026-02-03 19:35:00+00:00,99.288,99.569,99.087,99.26,23497.3
2026-02-03 19:40:00+00:00,99.26,99.479,98.978,99.103,22252.0
2026-02-03 19:45:00+00:00,99.103,99.13,98.458,98.687,36277.0
2026-02-03 19:50:00+00:00,98.687,98.977,98.366,98.943,64186.8
2026-02-03 19:55:00+00:00,98.943,99.25,98.841,98.943,22526.5
2026-02-03 20:00:00+00:00,98.943,99.128,98.553,98.577,14519.5
2026-02-03 20:05:00+00:00,98.577,98.673,98.325,98.481,17444.4
2026-02-03 20:10:00+00:00,98.481,98.715,98.304,98.412,13150.9
2026-02-03 20:15:00+00:00,98.412,99.164,98.219,98.96,60287.6
2026-02-03 20:20:00+00:00,98.96,99.584,98.88,99.58,65198.3
2026-02-03 20:25:00+00:00,99.58,100.318,99.501,100.039,84437.3
2026-02-03 20:30:00+00:00,100.039,101.983,100.001,100.86,445348.2
2026-02-03 20:35:00+00:00,100.86,101.069,100.56,101.018,56763.8
2026-02-03 20:40:00+00:00,101.018,101.208,100.76,100.818,33793.5
2026-02-03 20:45:00+00:00,100.818,101.249,100.32,100.55,64382.0
2026-02-03 20:50:00+00:00,100.55,100.972,100.522,100.855,22479.6
2026-02-03 20:55:00+00:00,100.855,101.175,100.501,101.078,25181.4
2026-02-03 21:00:00+00:00,101.078,101.624,100.804,101.624,143926.8
2026-02-03 21:05:00+00:00,101.624,101.749,101.231,101.691,25967.4
2026-02-03 21:10:00+00:00,101.691,101.716,101.155,101.279,52782.6
2026-02-03 21:15:00+00:00,101.279,101.391,100.92,101.11,21079.0
2026-02-03 21:20:00+00:00,101.11,101.189,100.856,101.143,8553.3
2026-02-03 21:25:00+00:00,101.143,101.369,100.974,101.009,19359.8
2026-02-03 21:30:00+00:00,101.009,101.182,100.835,100.856,12021.7
2026-02-03 21:35:00+00:00,100.856,100.943,100.375,100.406,23455.5
2026-02-03 21:40:00+00:00,100.406,100.62,100.406,100.512,9698.9
2026-02-03 21:45:00+00:00,100.512,100.724,100.186,100.196,27580.3
2026-02-03 21:50:00+00:00,100.196,100.32,99.931,100.014,15054.9
2026-02-03 21:55:00+00:00,100.014,100.19,99.968,100.116,9918.4
2026-02-03 22:00:00+00:00,100.116,100.203,99.655,99.744,15788.3
2026-02-03 22:05:00+00:00,99.744,99.839,99.1,99.265,71811.5
2026-02-03 22:10:00+00:00,99.265,99.659,99.25,99.47,17508.6
2026-02-03 22:15:00+00:00,99.47,99.554,99.076,99.445,15263.7
2026-02-03 22:20:00+00:00,99.445,99.799,99.23,99.23,14050.2
2026-02-03 22:25:00+00:00,99.23,99.589,99.23,99.452,6171.9
2026-02-03 22:30:00+00:00,99.452,99.616,99.248,99.414,9460.7
2026-02-03 22:35:00+00:00,99.414,99.635,99.32,99.32,5813.3
2026-02-03 22:40:00+00:00,99.32,99.475,99.02,99.02,14287.7
2026-02-03 22:45:00+00:00,99.02,99.05,98.091,98.111,48670.0
2026-02-03 22:50:00+00:00,98.111,98.576,98.069,98.553,24493.2
2026-02-03 22:55:00+00:00,98.553,98.588,98.241,98.403,27713.8
2026-02-03 23:00:00+00:00,98.403,98.504,97.711,97.742,65964.3
2026-02-03 23:05:00+00:00,97.742,97.916,97.263,97.879,40001.6
2026-02-03 23:10:00+00:00,97.879,98.083,97.823,98.064,16995.9
2026-02-03 23:15:00+00:00,98.064,98.218,97.683,97.745,19676.9
2026-02-03 23:20:00+00:00,97.745,97.77,97.322,97.749,27431.6
2026-02-03 23:25:00+00:00,97.749,98.107,97.572,97.81,26785.3
2026-02-03 23:30:00+00:00,97.81,98.2,97.666,98.15,15583.2
2026-02-03 23:35:00+00:00,98.15,98.31,98.002,98.234,15745.2
2026-02-03 23:40:00+00:00,98.234,98.313,97.856,97.925,10992.9
2026-02-03 23:45:00+00:00,97.925,98.022,97.13,97.496,99953.5
2026-02-03 23:50:00+00:00,97.496,97.834,97.496,97.633,31492.1
2026-02-03 23:55:00+00:00,97.633,97.831,97.503,97.831,9620.1
2026-02-04 00:00:00+00:00,97.831,97.892,97.311,97.504,20293.1
2026-02-04 00:05:00+00:00,97.504,97.711,97.349,97.464,11383.0
2026-02-04 00:10:00+00:00,97.464,97.515,97.098,97.125,14078.5
2026-02-04 00:15:00+00:00,97.125,97.745,97.124,97.724,12934.8
2026-02-04 00:20:00+00:00,97.724,98.048,97.676,98.002,14916.0
2026-02-04 00:25:00+00:00,98.002,98.222,97.907,98.114,41683.7
2026-02-04 00:30:00+00:00,98.114,98.511,97.989,98.382,17661.0
2026-02-04 00:35:00+00:00,98.382,98.597,98.351,98.59,18974.8
2026-02-04 00:40:00+00:00,98.59,98.745,98.402,98.503,15933.0
2026-02-04 00:45:00+00:00,98.503,98.653,98.448,98.56,7265.7
2026-02-04 00:50:00+00:00,98.56,98.624,98.076,98.076,11551.1
2026-02-04 00:55:00+00:00,98.076,98.152,97.783,97.917,16060.1
2026-02-04 01:00:00+00:00,97.917,99.226,97.906,99.188,58115.5
2026-02-04 01:05:00+00:00,99.188,99.235,98.818,99.128,21703.6
2026-02-04 01:10:00+00:00,99.128,99.378,99.099,99.303,8545.5
2026-02-04 01:15:00+00:00,99.303,99.475,99.089,99.11,10977.6
2026-02-04 01:20:00+00:00,99.11,99.377,99.076,99.219,6559.6
2026-02-04 01:25:00+00:00,99.219,99.472,99.146,99.359,7910.7
2026-02-04 01:30:00+00:00,99.359,99.593,99.272,99.521,12752.1
2026-02-04 01:35:00+00:00,99.521,99.543,99.276,99.41,12810.5
2026-02-04 01:40:00+00:00,99.41,99.482,99.099,99.234,75936.8
2026-02-04 01:45:00+00:00,99.234,99.249,98.622,98.824,33426.9
2026-02-04 01:50:00+00:00,98.824,99.313,98.634,99.185,21098.2
2026-02-04 01:55:00+00:00,99.185,99.185,98.986,99.05,7694.5
2026-02-04 02:00:00+00:00,99.05,99.057,98.754,98.755,7046.2
2026-02-04 02:05:00+00:00,98.755,99.139,98.715,98.972,8724.2
2026-02-04 02:10:00+00:00,98.972,99.076,98.636,98.752,24078.7
2026-02-04 02:15:00+00:00,98.752,99.023,98.659,98.677,26225.4
2026-02-04 02:20:00+00:00,98.677,98.842,98.425,98.761,12318.9
2026-02-04 02:25:00+00:00,98.761,98.827,98.185,98.276,19407.4
2026-02-04 02:30:00+00:00,98.276,98.313,98.073,98.201,10759.2
2026-02-04 02:35:00+00:00,98.201,98.331,98.1,98.216,9514.2
2026-02-04 02:40:00+00:00,98.216,98.26,97.554,97.972,20382.2
2026-02-04 02:45:00+00:00,97.972,98.117,97.508,97.602,17357.6
2026-02-04 02:50:00+00:00,97.602,97.699,97.327,97.578,17528.1
2026-02-04 02:55:00+00:00,97.578,97.969,97.555,97.856,16203.7
2026-02-04 03:00:00+00:00,97.856,98.295,97.842,98.137,23764.3
2026-02-04 03:05:00+00:00,98.137,98.731,98.137,98.714,16429.9
2026-02-04 03:10:00+00:00,98.714,99.322,98.658,99.132,44107.9
2026-02-04 03:15:00+00:00,99.132,99.242,98.631,98.722,13900.9
2026-02-04 03:20:00+00:00,98.722,98.857,98.722,98.806,7533.1
2026-02-04 03:25:00+00:00,98.806,98.963,98.557,98.627,8381.7
2026-02-04 03:30:00+00:00,98.627,99.071,98.594,98.75,19686.4
2026-02-04 03:35:00+00:00,98.75,99.399,98.72,99.321,47021.4
2026-02-04 03:40:00+00:00,99.321,99.56,99.1,99.143,42632.4
2026-02-04 03:45:00+00:00,99.143,99.226,98.908,98.974,10625.5
2026-02-04 03:50:00+00:00,98.974,99.169,98.939,99.096,7857.8
2026-02-04 03:55:00+00:00,99.096,99.179,98.99,99.036,7212.9
2026-02-04 04:00:00+00:00,99.036,99.108,98.879,98.984,8474.5
2026-02-04 04:05:00+00:00,98.984,99.289,98.978,99.109,47248.6
2026-02-04 04:10:00+00:00,99.109,99.196,98.965,99.11,3773.0
2026-02-04 04:15:00+00:00,99.11,99.16,98.888,98.888,4856.8
2026-02-04 04:20:00+00:00,98.888,99.026,98.732,98.733,7161.7
2026-02-04 04:25:00+00:00,98.733,98.824,98.641,98.794,23388.6
2026-02-04 04:30:00+00:00,98.794,98.978,98.685,98.823,13844.4
2026-02-04 04:35:00+00:00,98.823,98.913,98.705,98.753,9461.5
2026-02-04 04:40:00+00:00,98.753,98.781,98.485,98.517,11911.9
2026-02-04 04:45:00+00:00,98.517,98.537,98.213,98.271,11546.0
2026-02-04 04:50:00+00:00,98.271,98.334,98.004,98.155,9961.6
2026-02-04 04:55:00+00:00,98.155,98.22,97.98,98.029,8802.4
2026-02-04 05:00:00+00:00,98.029,98.09,97.81,97.919,33298.8
2026-02-04 05:05:00+00:00,97.919,98.023,97.716,97.982,14964.1
2026-02-04 05:10:00+00:00,97.982,98.365,97.982,98.331,13365.9
2026-02-04 05:15:00+00:00,98.331,98.411,97.847,97.847,10355.8
2026-02-04 05:20:00+00:00,97.847,98.105,97.807,98.09,5350.9
2026-02-04 05:25:00+00:00,98.09,98.249,98.017,98.09,7619.8
2026-02-04 05:30:00+00:00,98.09,98.09,97.907,97.986,6203.9
2026-02-04 05:35:00+00:00,97.986,98.105,97.855,97.874,6619.6
2026-02-04 05:40:00+00:00,97.874,97.892,97.428,97.517,17891.4
2026-02-04 05:45:00+00:00,97.517,97.783,97.501,97.533,24610.0
2026-02-04 05:50:00+00:00,97.533,97.643,96.377,96.623,178968.9
2026-02-04 05:55:00+00:00,96.623,96.988,96.622,96.913,24686.1
2026-02-04 06:00:00+00:00,96.913,97.224,96.661,97.206,39512.7
2026-02-04 06:05:00+00:00,97.206,97.642,97.15,97.642,48801.8
2026-02-04 06:10:00+00:00,97.642,97.681,97.492,97.562,16348.9
2026-02-04 06:15:00+00:00,97.562,97.623,97.33,97.433,10694.7
2026-02-04 06:20:00+00:00,97.433,97.519,97.076,97.182,39063.7
2026-02-04 06:25:00+00:00,97.182,97.552,97.182,97.374,14359.8
2026-02-04 06:30:00+00:00,97.374,97.516,97.207,97.494,11603.7
2026-02-04 06:35:00+00:00,97.494,98.438,97.494,98.282,49672.6
2026-02-04 06:40:00+00:00,98.282,98.509,98.239,98.43,17326.5
2026-02-04 06:45:00+00:00,98.43,98.7,98.161,98.258,25649.7
2026-02-04 06:50:00+00:00,98.258,98.599,98.109,98.224,79241.5
2026-02-04 06:55:00+00:00,98.224,98.28,98.1,98.155,5746.3
2026-02-04 07:00:00+00:00,98.155,98.155,97.605,97.692,20268.2
2026-02-04 07:05:00+00:00,97.692,97.73,97.317,97.389,11032.8
2026-02-04 07:10:00+00:00,97.389,97.796,97.341,97.729,63346.1
2026-02-04 07:15:00+00:00,97.729,97.875,97.6,97.717,12737.9
2026-02-04 07:20:00+00:00,97.717,97.825,97.476,97.555,7540.7
2026-02-04 07:25:00+00:00,97.555,97.848,97.524,97.756,20117.3
2026-02-04 07:30:00+00:00,97.756,98.123,97.664,97.838,13605.9
2026-02-04 07:35:00+00:00,97.838,98.115,97.785,98.023,14891.4
2026-02-04 07:40:00+00:00,98.023,98.185,97.901,98.051,41790.0
2026-02-04 07:45:00+00:00,98.051,98.12,97.748,97.876,19546.7
2026-02-04 07:50:00+00:00,97.876,97.996,97.826,97.849,10110.6
2026-02-04 07:55:00+00:00,97.849,97.9,97.746,97.86,3578.4
2026-02-04 08:00:00+00:00,97.86,97.892,97.1,97.156,17435.0
2026-02-04 08:05:00+00:00,97.156,97.417,97.123,97.324,17200.8
2026-02-04 08:10:00+00:00,97.324,97.478,97.19,97.34,8608.9
2026-02-04 08:15:00+00:00,97.34,97.825,97.276,97.66,9494.1
2026-02-04 08:20:00+00:00,97.66,97.704,97.048,97.17,7691.0
2026-02-04 08:25:00+00:00,97.17,97.256,96.766,96.81,27366.7
2026-02-04 08:30:00+00:00,96.81,97.229,96.699,97.206,12918.5
2026-02-04 08:35:00+00:00,97.206,97.346,97.025,97.279,7242.3
2026-02-04 08:40:00+00:00,97.279,97.328,97.126,97.328,5047.4
2026-02-04 08:45:00+00:00,97.328,97.649,97.291,97.524,10553.3
2026-02-04 08:50:00+00:00,97.524,97.73,97.466,97.517,7040.8
2026-02-04 08:55:00+00:00,97.517,97.674,97.401,97.648,5292.8
2026-02-04 09:00:00+00:00,97.648,97.713,97.408,97.44,4232.6
2026-02-04 09:05:00+00:00,97.44,97.549,97.166,97.301,15979.3
2026-02-04 09:10:00+00:00,97.301,97.563,97.164,97.231,42588.6
2026-02-04 09:15:00+00:00,97.231,97.338,96.755,96.96,25256.1
2026-02-04 09:20:00+00:00,96.96,97.087,96.712,96.94,13382.9
2026-02-04 09:25:00+00:00,96.94,97.009,96.78,96.983,9287.1
2026-02-04 09:30:00+00:00,96.983,97.184,96.901,96.994,5238.1
2026-02-04 09:35:00+00:00,96.994,97.038,96.681,96.979,16143.8
2026-02-04 09:40:00+00:00,96.979,97.214,96.888,96.961,11055.8
2026-02-04 09:45:00+00:00,96.961,97.089,96.901,97.028,9994.5
2026-02-04 09:50:00+00:00,97.028,97.455,96.954,97.307,18118.6
2026-02-04 09:55:00+00:00,97.307,97.393,97.057,97.063,8968.2
2026-02-04 10:00:00+00:00,97.063,97.165,96.98,97.071,6682.0
2026-02-04 10:05:00+00:00,97.071,97.238,96.917,96.964,4387.4
2026-02-04 10:10:00+00:00,96.964,97.114,96.917,97.031,5161.7
2026-02-04 10:15:00+00:00,97.031,97.189,96.854,97.065,8243.7
2026-02-04 10:20:00+00:00,97.065,97.088,96.901,96.929,5459.8
2026-02-04 10:25:00+00:00,96.929,97.07,96.929,96.984,10408.4
2026-02-04 10:30:00+00:00,96.984,97.156,96.943,97.149,7115.8
2026-02-04 10:35:00+00:00,97.149,97.149,96.765,96.947,22719.7
2026-02-04 10:40:00+00:00,96.947,96.999,96.853,96.935,12896.8
2026-02-04 10:45:00+00:00,96.935,96.953,96.723,96.872,17046.2
2026-02-04 10:50:00+00:00,96.872,96.98,96.86,96.955,5710.4
2026-02-04 10:55:00+00:00,96.955,97.063,96.94,96.98,4464.8
2026-02-04 11:00:00+00:00,96.98,97.019,95.432,95.999,261952.8
2026-02-04 11:05:00+00:00,95.999,96.089,94.594,95.235,375369.4
2026-02-04 11:10:00+00:00,95.235,95.483,94.825,95.268,58145.5
2026-02-04 11:15:00+00:00,95.268,95.924,95.245,95.51,45159.0
2026-02-04 11:20:00+00:00,95.51,96.046,95.503,96.001,39951.7
2026-02-04 11:25:00+00:00,96.001,96.69,96.0,96.212,41890.6
2026-02-04 11:30:00+00:00,96.212,96.408,96.004,96.375,17235.2
2026-02-04 11:35:00+00:00,96.375,96.896,96.076,96.424,50053.2
2026-02-04 11:40:00+00:00,96.424,96.47,96.075,96.176,16143.5
2026-02-04 11:45:00+00:00,96.176,96.33,96.066,96.158,24427.2
2026-02-04 11:50:00+00:00,96.158,96.235,95.851,96.022,20093.9
2026-02-04 11:55:00+00:00,96.022,96.239,96.003,96.036,10133.0
2026-02-04 12:00:00+00:00,96.036,96.24,96.002,96.13,6736.1
2026-02-04 12:05:00+00:00,96.13,96.187,95.861,96.003,17973.7
2026-02-04 12:10:00+00:00,96.003,96.096,95.802,96.024,10525.2
2026-02-04 12:15:00+00:00,96.024,96.558,96.001,96.522,19374.9
2026-02-04 12:20:00+00:00,96.522,96.666,96.243,96.278,17188.8
2026-02-04 12:25:00+00:00,96.278,96.305,95.777,95.871,59812.3
2026-02-04 12:30:00+00:00,95.871,96.287,95.833,96.287,11204.2
2026-02-04 12:35:00+00:00,96.287,96.413,96.037,96.173,5331.9
2026-02-04 12:40:00+00:00,96.173,96.314,96.093,96.263,5642.1
2026-02-04 12:45:00+00:00,96.263,96.379,96.202,96.211,8057.2
2026-02-04 12:50:00+00:00,96.211,96.462,96.139,96.396,4814.4
2026-02-04 12:55:00+00:00,96.396,96.497,96.341,96.415,9169.6
2026-02-04 13:00:00+00:00,96.415,96.415,95.997,96.027,57719.8
2026-02-04 13:05:00+00:00,96.027,96.287,96.021,96.121,5697.0
2026-02-04 13:10:00+00:00,96.121,96.281,96.041,96.212,3951.2
2026-02-04 13:15:00+00:00,96.212,96.317,95.94,95.942,25556.4
2026-02-04 13:20:00+00:00,95.942,95.97,95.532,95.639,28701.1
2026-02-04 13:25:00+00:00,95.639,95.822,95.639,95.705,9576.3
2026-02-04 13:30:00+00:00,95.705,95.899,95.205,95.412,43697.8
2026-02-04 13:35:00+00:00,95.412,95.439,94.781,94.795,72673.1
2026-02-04 13:40:00+00:00,94.795,95.077,94.665,94.776,48945.3
2026-02-04 13:45:00+00:00,94.776,95.18,94.062,94.383,116428.3
2026-02-04 13:50:00+00:00,94.383,94.85,94.383,94.74,54628.3
2026-02-04 13:55:00+00:00,94.74,94.807,94.212,94.299,33924.2
2026-02-04 14:00:00+00:00,94.299,94.756,94.247,94.482,54551.8
2026-02-04 14:05:00+00:00,94.482,94.782,93.756,93.996,77193.3
2026-02-04 14:10:00+00:00,93.996,94.438,93.847,94.276,59715.2
2026-02-04 14:15:00+00:00,94.276,94.4,93.935,94.389,30619.3
2026-02-04 14:20:00+00:00,94.389,94.573,94.052,94.121,36770.3
2026-02-04 14:25:00+00:00,94.121,94.325,94.072,94.284,16373.4
2026-02-04 14:30:00+00:00,94.284,94.387,93.08,93.356,150267.8
2026-02-04 14:35:00+00:00,93.356,94.971,93.291,94.36,129259.4
2026-02-04 14:40:00+00:00,94.36,94.899,93.973,94.41,98083.8
2026-02-04 14:45:00+00:00,94.41,94.85,94.153,94.695,38427.9
2026-02-04 14:50:00+00:00,94.695,94.71,93.439,93.949,62355.4
2026-02-04 14:55:00+00:00,93.949,94.284,92.793,93.062,151460.9
2026-02-04 15:00:00+00:00,93.062,93.449,92.135,93.018,277761.1
2026-02-04 15:05:00+00:00,93.018,93.757,92.518,93.558,138254.9
2026-02-04 15:10:00+00:00,93.558,93.839,93.231,93.653,55009.7
2026-02-04 15:15:00+00:00,93.653,93.883,93.028,93.036,37792.5
2026-02-04 15:20:00+00:00,93.036,93.91,93.03,93.766,35993.7
2026-02-04 15:25:00+00:00,93.766,94.128,93.073,93.382,32167.0
2026-02-04 15:30:00+00:00,93.382,93.527,92.04,92.101,79602.1
2026-02-04 15:35:00+00:00,92.101,92.571,91.2,92.122,277969.6
2026-02-04 15:40:00+00:00,92.122,92.912,91.937,92.58,106772.9
2026-02-04 15:45:00+00:00,92.58,92.684,92.063,92.33,43931.3
2026-02-04 15:50:00+00:00,92.33,92.62,92.161,92.62,22349.3
2026-02-04 15:55:00+00:00,92.62,92.946,92.475,92.697,23709.0
2026-02-04 16:00:00+00:00,92.697,92.872,92.295,92.495,73486.6
2026-02-04 16:05:00+00:00,92.495,92.965,92.126,92.191,18409.8
2026-02-04 16:10:00+00:00,92.191,93.039,91.889,92.38,97204.2
2026-02-04 16:15:00+00:00,92.38,92.539,91.675,92.016,195345.7
2026-02-04 16:20:00+00:00,92.016,92.341,91.55,92.286,63163.3
2026-02-04 16:25:00+00:00,92.286,92.876,91.943,92.716,29563.3
2026-02-04 16:30:00+00:00,92.716,92.76,91.83,91.837,72489.3
2026-02-04 16:35:00+00:00,91.837,91.872,90.875,90.886,100020.9
2026-02-04 16:40:00+00:00,90.886,91.41,90.886,91.133,50255.4
2026-02-04 16:45:00+00:00,91.133,91.489,90.934,91.353,33321.3
2026-02-04 16:50:00+00:00,91.353,92.101,91.333,91.727,80591.4
2026-02-04 16:55:00+00:00,91.727,92.099,91.67,91.904,44749.8
2026-02-04 17:00:00+00:00,91.904,92.17,91.292,91.634,52469.6
2026-02-04 17:05:00+00:00,91.634,91.789,91.141,91.3,49007.6
2026-02-04 17:10:00+00:00,91.3,92.326,91.027,92.113,61879.0
2026-02-04 17:15:00+00:00,92.113,92.55,91.681,91.701,79186.6
2026-02-04 17:20:00+00:00,91.701,91.74,90.934,91.061,72481.6
2026-02-04 17:25:00+00:00,91.061,91.234,90.447,90.51,87118.1
2026-02-04 17:30:00+00:00,90.51,91.247,90.311,90.905,118772.8
2026-02-04 17:35:00+00:00,90.905,91.028,90.04,90.265,75239.4
2026-02-04 17:40:00+00:00,90.265,91.047,89.9,90.91,103256.4
2026-02-04 17:45:00+00:00,90.91,91.22,90.64,90.986,30144.8
2026-02-04 17:50:00+00:00,90.986,91.074,90.721,90.942,26742.1
2026-02-04 17:55:00+00:00,90.942,91.608,90.893,91.357,55825.7
2026-02-04 18:00:00+00:00,91.357,91.401,90.922,90.953,36170.7
2026-02-04 18:05:00+00:00,90.953,91.332,90.252,90.344,105954.6
2026-02-04 18:10:00+00:00,90.344,91.312,90.344,90.609,45915.3
2026-02-04 18:15:00+00:00,90.609,91.017,90.289,90.84,64007.6
2026-02-04 18:20:00+00:00,90.84,91.017,90.391,90.501,52310.8
2026-02-04 18:25:00+00:00,90.501,92.213,90.501,91.69,161712.5
2026-02-04 18:30:00+00:00,91.69,91.913,91.324,91.657,79912.0
2026-02-04 18:35:00+00:00,91.657,92.616,91.471,92.481,85996.5
2026-02-04 18:40:00+00:00,92.481,93.17,92.211,92.982,212615.4
2026-02-04 18:45:00+00:00,92.982,93.019,92.222,92.461,43929.0
2026-02-04 18:50:00+00:00,92.461,92.531,92.122,92.414,23217.9
2026-02-04 18:55:00+00:00,92.414,92.578,92.163,92.221,26117.6
2026-02-04 19:00:00+00:00,92.221,93.947,92.185,93.486,104751.4
2026-02-04 19:05:00+00:00,93.486,93.856,93.272,93.659,39299.8
2026-02-04 19:10:00+00:00,93.659,93.99,93.429,93.803,23954.2
2026-02-04 19:15:00+00:00,93.803,94.333,93.698,93.751,86483.2
2026-02-04 19:20:00+00:00,93.751,93.8,93.217,93.585,67860.8
2026-02-04 19:25:00+00:00,93.585,93.668,93.272,93.293,9774.8
2026-02-04 19:30:00+00:00,93.293,93.738,93.23,93.604,21942.9
2026-02-04 19:35:00+00:00,93.604,93.939,93.553,93.562,21678.9
2026-02-04 19:40:00+00:00,93.562,94.1,93.517,94.005,14035.3
2026-02-04 19:45:00+00:00,94.005,94.663,93.94,94.201,106597.9
2026-02-04 19:50:00+00:00,94.201,94.61,93.837,94.272,43174.0
2026-02-04 19:55:00+00:00,94.272,94.564,94.133,94.306,141577.2
2026-02-04 20:00:00+00:00,94.306,94.46,93.891,93.985,32372.2
2026-02-04 20:05:00+00:00,93.985,94.162,93.624,93.69,30454.2
2026-02-04 20:10:00+00:00,93.69,93.729,93.471,93.6,35832.7
2026-02-04 20:15:00+00:00,93.6,94.073,93.592,94.031,13786.2
2026-02-04 20:20:00+00:00,94.031,94.14,93.684,93.689,10068.3
2026-02-04 20:25:00+00:00,93.689,93.719,93.225,93.276,16762.8
2026-02-04 20:30:00+00:00,93.276,93.439,92.97,93.363,32362.2
2026-02-04 20:35:00+00:00,93.363,93.453,93.117,93.408,10476.4
2026-02-04 20:40:00+00:00,93.408,93.432,93.132,93.188,6900.5
2026-02-04 20:45:00+00:00,93.188,93.297,93.065,93.188,8939.1
2026-02-04 20:50:00+00:00,93.188,93.237,92.94,93.196,22722.9
2026-02-04 20:55:00+00:00,93.196,93.362,93.1,93.194,16556.2
2026-02-04 21:00:00+00:00,93.194,93.34,92.723,92.981,99774.3
2026-02-04 21:05:00+00:00,92.981,93.109,92.323,92.391,38802.1
2026-02-04 21:10:00+00:00,92.391,92.874,92.283,92.728,14975.9
2026-02-04 21:15:00+00:00,92.728,92.843,92.126,92.176,63127.7
2026-02-04 21:20:00+00:00,92.176,92.267,91.821,91.96,54795.9
2026-02-04 21:25:00+00:00,91.96,92.082,91.565,91.97,83388.7
2026-02-04 21:30:00+00:00,91.97,92.382,91.964,92.245,38021.3
2026-02-04 21:35:00+00:00,92.245,92.456,92.001,92.279,24949.9
2026-02-04 21:40:00+00:00,92.279,92.364,91.336,91.489,43234.5
2026-02-04 21:45:00+00:00,91.489,91.529,90.733,90.794,71112.2
2026-02-04 21:50:00+00:00,90.794,91.112,90.683,90.798,23029.1
2026-02-04 21:55:00+00:00,90.798,91.333,90.668,91.284,102923.0
2026-02-04 22:00:00+00:00,91.284,91.384,90.16,90.244,78497.9
2026-02-04 22:05:00+00:00,90.244,90.302,89.264,89.89,218108.2
2026-02-04 22:10:00+00:00,89.89,90.406,89.768,90.356,45926.2
2026-02-04 22:15:00+00:00,90.356,90.966,90.347,90.81,32411.2
2026-02-04 22:20:00+00:00,90.81,92.371,90.756,92.195,112774.2
2026-02-04 22:25:00+00:00,92.195,92.852,92.003,92.66,59095.6
2026-02-04 22:30:00+00:00,92.66,92.839,92.193,92.47,42114.6
2026-02-04 22:35:00+00:00,92.47,92.764,91.747,92.221,67512.3
2026-02-04 22:40:00+00:00,92.221,92.303,90.989,91.08,57419.7
2026-02-04 22:45:00+00:00,91.08,91.762,91.08,91.358,32347.3
2026-02-04 22:50:00+00:00,91.358,91.387,90.854,91.149,18119.6
2026-02-04 22:55:00+00:00,91.149,91.374,90.58,90.788,31587.6
2026-02-04 23:00:00+00:00,90.788,91.05,90.357,90.544,36760.6
2026-02-04 23:05:00+00:00,90.544,90.79,90.191,90.564,28229.3
2026-02-04 23:10:00+00:00,90.564,90.977,90.401,90.97,24898.3
2026-02-04 23:15:00+00:00,90.97,92.28,90.671,91.31,198576.5
2026-02-04 23:20:00+00:00,91.31,91.831,91.026,91.725,31727.4
2026-02-04 23:25:00+00:00,91.725,92.1,91.67,92.068,29815.1
2026-02-04 23:30:00+00:00,92.068,92.474,92.042,92.426,19614.9
2026-02-04 23:35:00+00:00,92.426,92.9,92.252,92.753,47243.2
2026-02-04 23:40:00+00:00,92.753,92.778,92.376,92.55,43215.2
2026-02-04 23:45:00+00:00,92.55,92.65,92.447,92.46,11602.4
2026-02-04 23:50:00+00:00,92.46,92.539,92.16,92.351,15032.5
2026-02-04 23:55:00+00:00,92.351,92.374,91.961,92.085,34316.4
2026-02-05 00:00:00+00:00,92.085,92.166,91.921,91.97,7966.6
2026-02-05 00:05:00+00:00,91.97,92.434,91.935,92.067,13436.6
2026-02-05 00:10:00+00:00,92.067,92.295,91.8,91.845,27705.6
2026-02-05 00:15:00+00:00,91.845,92.194,91.845,92.16,9748.7
2026-02-05 00:20:00+00:00,92.16,92.424,92.141,92.207,18324.1
2026-02-05 00:25:00+00:00,92.207,92.737,92.152,92.587,48108.8
2026-02-05 00:30:00+00:00,92.587,92.587,91.567,91.606,34591.3
2026-02-05 00:35:00+00:00,91.606,91.903,91.327,91.829,16769.8
2026-02-05 00:40:00+00:00,91.829,92.182,91.79,91.925,12531.9
2026-02-05 00:45:00+00:00,91.925,91.998,91.701,91.988,5810.9
2026-02-05 00:50:00+00:00,91.988,92.078,91.703,91.856,7382.6
2026-02-05 00:55:00+00:00,91.856,91.93,91.61,91.7,17519.1
2026-02-05 01:00:00+00:00,91.7,91.937,91.56,91.892,12366.6
2026-02-05 01:05:00+00:00,91.892,92.277,91.855,92.212,23905.4
2026-02-05 01:10:00+00:00,92.212,92.578,92.179,92.327,47243.4
2026-02-05 01:15:00+00:00,92.327,92.327,91.045,91.099,52484.1
2026-02-05 01:20:00+00:00,91.099,91.139,90.482,91.113,52022.7
2026-02-05 01:25:00+00:00,91.113,92.733,91.113,92.465,68047.0
2026-02-05 01:30:00+00:00,92.465,92.856,92.201,92.71,50872.1
2026-02-05 01:35:00+00:00,92.71,92.744,92.313,92.559,30561.6
2026-02-05 01:40:00+00:00,92.559,92.569,91.606,92.012,145773.4
2026-02-05 01:45:00+00:00,92.012,92.209,91.898,92.164,13222.7
2026-02-05 01:50:00+00:00,92.164,92.272,91.657,91.832,20401.8
2026-02-05 01:55:00+00:00,91.832,92.017,91.814,91.891,5212.0
2026-02-05 02:00:00+00:00,91.891,92.137,91.637,91.68,26178.2
2026-02-05 02:05:00+00:00,91.68,91.775,91.208,91.53,26060.2
2026-02-05 02:10:00+00:00,91.53,91.701,91.035,91.049,21195.2
2026-02-05 02:15:00+00:00,91.049,91.582,90.649,91.297,95489.2
2026-02-05 02:20:00+00:00,91.297,91.66,91.254,91.66,14470.8
2026-02-05 02:25:00+00:00,91.66,91.772,91.29,91.715,10613.2
2026-02-05 02:30:00+00:00,91.715,92.035,91.642,91.889,13215.1
2026-02-05 02:35:00+00:00,91.889,92.672,91.889,92.517,92896.1
2026-02-05 02:40:00+00:00,92.517,92.559,92.281,92.392,33156.1
2026-02-05 02:45:00+00:00,92.392,92.457,91.207,91.294,66663.2
2026-02-05 02:50:00+00:00,91.294,91.5,90.96,91.232,31085.7
2026-02-05 02:55:00+00:00,91.232,91.453,90.7,90.877,41522.4
2026-02-05 03:00:00+00:00,90.877,91.286,90.74,90.864,54645.0
2026-02-05 03:05:00+00:00,90.864,91.371,90.255,91.355,44409.0
2026-02-05 03:10:00+00:00,91.355,91.619,90.728,90.801,52219.4
2026-02-05 03:15:00+00:00,90.801,90.89,90.176,90.694,79822.2
2026-02-05 03:20:00+00:00,90.694,91.646,90.685,91.157,29083.6
2026-02-05 03:25:00+00:00,91.157,91.3,90.795,90.948,16464.8
2026-02-05 03:30:00+00:00,90.948,90.986,90.667,90.871,11131.6
2026-02-05 03:35:00+00:00,90.871,91.023,90.621,90.889,25049.6
2026-02-05 03:40:00+00:00,90.889,91.308,90.864,91.016,12099.7
2026-02-05 03:45:00+00:00,91.016,91.16,90.761,90.963,6234.9
2026-02-05 03:50:00+00:00,90.963,91.062,90.742,90.988,15483.5
2026-02-05 03:55:00+00:00,90.988,91.158,90.903,91.107,6561.5
2026-02-05 04:00:00+00:00,91.107,91.241,90.891,90.91,6795.0
2026-02-05 04:05:00+00:00,90.91,91.199,90.434,91.055,30197.7
2026-02-05 04:10:00+00:00,91.055,91.599,90.267,90.469,56307.7
2026-02-05 04:15:00+00:00,90.469,91.017,90.266,90.815,36074.7
2026-02-05 04:20:00+00:00,90.815,91.465,90.815,91.062,22534.3
2026-02-05 04:25:00+00:00,91.062,91.304,90.625,91.018,26140.4
2026-02-05 04:30:00+00:00,91.018,91.047,90.54,90.627,46104.5
2026-02-05 04:35:00+00:00,90.627,91.1,90.627,90.859,11348.7
2026-02-05 04:40:00+00:00,90.859,91.879,90.83,91.785,43539.2
2026-02-05 04:45:00+00:00,91.785,91.83,91.352,91.391,17822.0
2026-02-05 04:55:00+00:00,91.033,91.151,90.793,91.07,22698.5
2026-02-05 05:00:00+00:00,91.07,91.28,91.035,91.266,6215.2
2026-02-05 05:05:00+00:00,91.266,91.36,90.858,90.946,23748.5
2026-02-05 05:10:00+00:00,90.946,91.646,90.902,91.423,19338.6
2026-02-05 05:15:00+00:00,91.423,91.732,90.962,91.071,49160.7
2026-02-05 05:20:00+00:00,91.071,91.107,89.864,90.236,123166.8
2026-02-05 05:25:00+00:00,90.236,90.812,89.96,90.261,118329.9
2026-02-05 05:30:00+00:00,90.261,90.538,89.859,90.303,30038.5
2026-02-05 05:35:00+00:00,90.303,91.359,90.303,91.199,48323.5
2026-02-05 05:40:00+00:00,91.199,92.05,91.161,91.761,70342.0
2026-02-05 05:45:00+00:00,91.761,91.861,90.922,91.205,89753.3
2026-02-05 05:50:00+00:00,91.205,91.611,91.067,91.205,14061.3
2026-02-05 05:55:00+00:00,91.205,91.234,91.019,91.131,11129.0
2026-02-05 06:00:00+00:00,91.131,91.211,89.8,90.029,41168.1
2026-02-05 06:05:00+00:00,90.029,90.499,89.71,90.027,102711.9
2026-02-05 06:10:00+00:00,90.027,90.45,89.886,90.303,22353.3
2026-02-05 06:15:00+00:00,90.303,90.52,89.89,89.935,15788.9
2026-02-05 06:20:00+00:00,89.935,90.07,89.7,89.875,20780.0
2026-02-05 06:25:00+00:00,89.875,89.981,89.733,89.883,16879.5
2026-02-05 06:30:00+00:00,89.883,90.339,89.829,90.252,11097.6
2026-02-05 06:35:00+00:00,90.252,90.42,89.973,90.299,21578.0
2026-02-05 06:40:00+00:00,90.299,90.427,90.127,90.173,25494.2
2026-02-05 06:45:00+00:00,90.173,90.457,89.671,89.991,65918.3
2026-02-05 06:50:00+00:00,89.991,90.097,89.876,90.007,9789.6
2026-02-05 06:55:00+00:00,90.007,90.284,89.989,90.175,9458.4
2026-02-05 07:00:00+00:00,90.175,91.623,90.109,91.468,85496.1
2026-02-05 07:05:00+00:00,91.468,91.468,90.676,90.782,47885.6
2026-02-05 07:10:00+00:00,90.782,90.865,90.642,90.754,7757.4
2026-02-05 07:15:00+00:00,90.754,91.219,90.527,91.187,18102.5
2026-02-05 07:20:00+00:00,91.187,91.444,91.015,91.238,15941.5
2026-02-05 07:25:00+00:00,91.238,91.635,91.207,91.415,27842.6
2026-02-05 07:30:00+00:00,91.415,91.465,91.229,91.303,15831.9
2026-02-05 07:35:00+00:00,91.303,91.368,91.027,91.072,10040.8
2026-02-05 07:40:00+00:00,91.072,91.224,90.835,91.157,63712.0
2026-02-05 07:45:00+00:00,91.157,91.264,90.905,90.988,10884.3
2026-02-05 07:50:00+00:00,90.988,91.032,90.754,91.013,15313.7
2026-02-05 07:55:00+00:00,91.013,91.016,90.333,90.513,25118.4
2026-02-05 08:00:00+00:00,90.513,90.979,90.513,90.925,21610.3
2026-02-05 08:05:00+00:00,90.925,91.341,90.817,91.221,27839.3
2026-02-05 08:10:00+00:00,91.221,91.241,91.016,91.097,12144.6
2026-02-05 08:15:00+00:00,91.097,91.178,90.813,91.122,10118.8
2026-02-05 08:20:00+00:00,91.122,91.299,91.057,91.218,12685.1
2026-02-05 08:25:00+00:00,91.218,91.995,91.201,91.682,60479.1
2026-02-05 08:30:00+00:00,91.682,92.418,91.648,92.139,66679.1
2026-02-05 08:35:00+00:00,92.139,92.241,91.885,92.093,15464.5
2026-02-05 08:40:00+00:00,92.093,92.152,91.915,91.942,9854.6
2026-02-05 08:45:00+00:00,91.942,92.2,91.787,91.842,13244.7
2026-02-05 08:50:00+00:00,91.842,91.947,91.67,91.876,9655.4
2026-02-05 08:55:00+00:00,91.876,92.0,91.721,91.737,7751.9
2026-02-05 09:00:00+00:00,91.737,91.995,91.705,91.942,7376.5
2026-02-05 09:05:00+00:00,91.942,93.067,91.809,92.771,133179.1
2026-02-05 09:10:00+00:00,92.771,92.964,92.591,92.853,39060.0
2026-02-05 09:15:00+00:00,92.853,93.401,92.712,92.888,44202.6
2026-02-05 09:20:00+00:00,92.888,93.021,92.666,92.767,22949.0
2026-02-05 09:25:00+00:00,92.767,92.816,92.619,92.767,7671.1
2026-02-05 09:30:00+00:00,92.767,92.827,92.395,92.471,22142.8
2026-02-05 09:35:00+00:00,92.471,92.497,92.264,92.392,15733.7
2026-02-05 09:40:00+00:00,92.392,92.676,92.228,92.33,50372.8
2026-02-05 09:45:00+00:00,92.33,92.503,92.202,92.301,8529.7
2026-02-05 09:50:00+00:00,92.301,92.618,92.269,92.554,62222.5
2026-02-05 09:55:00+00:00,92.554,92.558,92.377,92.465,7349.9
2026-02-05 10:00:00+00:00,92.465,92.573,92.034,92.086,24761.9
2026-02-05 10:05:00+00:00,92.086,92.089,91.654,91.723,30136.4
2026-02-05 10:10:00+00:00,91.723,92.036,91.723,91.989,16278.4
2026-02-05 10:15:00+00:00,91.989,92.538,91.985,92.48,17062.3
2026-02-05 10:20:00+00:00,92.48,92.599,92.277,92.445,8774.4
2026-02-05 10:25:00+00:00,92.445,92.475,92.313,92.402,10112.0
2026-02-05 10:30:00+00:00,92.402,92.421,92.122,92.172,9036.0
2026-02-05 10:35:00+00:00,92.172,92.199,91.853,91.87,10732.6
2026-02-05 10:40:00+00:00,91.87,91.895,91.488,91.542,15522.8
2026-02-05 10:45:00+00:00,91.542,91.632,90.787,90.788,56508.0
2026-02-05 10:50:00+00:00,90.788,91.016,90.184,90.383,144732.3
2026-02-05 10:55:00+00:00,90.383,90.495,89.751,90.246,151253.0
2026-02-05 11:00:00+00:00,90.246,90.529,90.117,90.258,31106.5
2026-02-05 11:05:00+00:00,90.258,90.733,90.258,90.733,15647.5
2026-02-05 11:10:00+00:00,90.733,90.741,89.811,89.978,28144.7
2026-02-05 11:15:00+00:00,89.978,90.23,89.8,89.892,19747.1
2026-02-05 11:20:00+00:00,89.892,89.927,88.807,88.966,140932.9
2026-02-05 11:25:00+00:00,88.966,89.395,88.6,88.874,75874.2
2026-02-05 11:30:00+00:00,88.874,89.277,88.776,89.161,53469.6
2026-02-05 11:35:00+00:00,89.161,90.247,88.97,90.08,96740.5
2026-02-05 11:40:00+00:00,90.08,90.744,89.991,90.297,81027.5
2026-02-05 11:45:00+00:00,90.297,90.479,89.925,90.068,115176.4
2026-02-05 11:50:00+00:00,90.068,90.142,89.433,89.533,64532.8
2026-02-05 11:55:00+00:00,89.533,89.96,89.524,89.926,26304.8
2026-02-05 12:00:00+00:00,89.926,90.699,89.901,90.512,23978.5
2026-02-05 12:05:00+00:00,90.512,90.594,89.7,89.937,26447.0
2026-02-05 12:10:00+00:00,89.937,90.169,89.78,89.798,23391.4
2026-02-05 12:15:00+00:00,89.798,89.847,88.738,88.794,67174.8
2026-02-05 12:20:00+00:00,88.794,89.259,88.642,88.673,113230.2
2026-02-05 12:25:00+00:00,88.673,90.062,88.636,89.626,81637.3
2026-02-05 12:30:00+00:00,89.626,89.951,88.947,89.476,48839.5
2026-02-05 12:35:00+00:00,89.476,89.794,89.172,89.467,53996.8
2026-02-05 12:40:00+00:00,89.467,89.747,89.002,89.263,25682.1
2026-02-05 12:45:00+00:00,89.263,89.478,89.051,89.325,19853.5
2026-02-05 12:50:00+00:00,89.325,89.775,89.059,89.059,25050.3
2026-02-05 12:55:00+00:00,89.059,89.632,88.75,89.462,41574.7
2026-02-05 13:00:00+00:00,89.462,89.525,89.211,89.484,14822.9
2026-02-05 13:05:00+00:00,89.484,89.999,89.481,89.706,27019.5
2026-02-05 13:10:00+00:00,89.706,89.808,89.08,89.089,13534.3
2026-02-05 13:15:00+00:00,89.089,89.136,88.611,88.833,34155.0
2026-02-05 13:20:00+00:00,88.833,88.925,88.518,88.845,30332.0
2026-02-05 13:25:00+00:00,88.845,88.959,88.258,88.389,69726.0
2026-02-05 13:30:00+00:00,88.389,88.976,88.282,88.938,59222.4
2026-02-05 13:35:00+00:00,88.938,88.939,88.348,88.384,19888.2
2026-02-05 13:40:00+00:00,88.384,88.496,88.175,88.391,24898.2
2026-02-05 13:45:00+00:00,88.391,88.457,88.13,88.31,21769.3
2026-02-05 13:50:00+00:00,88.31,88.714,88.151,88.614,21234.7
2026-02-05 13:55:00+00:00,88.614,88.716,88.214,88.431,18497.4
2026-02-05 14:00:00+00:00,88.431,90.028,88.427,89.523,149665.8
2026-02-05 14:05:00+00:00,89.523,89.542,89.001,89.178,30687.7
2026-02-05 14:10:00+00:00,89.178,89.673,88.959,89.414,29787.7
2026-02-05 14:15:00+00:00,89.414,89.649,88.973,89.298,23022.4
2026-02-05 14:20:00+00:00,89.298,89.655,89.2,89.632,11279.6
2026-02-05 14:25:00+00:00,89.632,90.104,89.632,89.955,53452.4
2026-02-05 14:30:00+00:00,89.955,90.5,89.502,90.4,96760.3
2026-02-05 14:35:00+00:00,90.4,91.4,90.279,91.066,141678.1
2026-02-05 14:40:00+00:00,91.066,91.092,90.221,90.221,50579.1
2026-02-05 14:45:00+00:00,90.221,90.76,89.714,89.933,71177.4
2026-02-05 14:50:00+00:00,89.933,90.146,89.336,89.487,48169.1
2026-02-05 14:55:00+00:00,89.487,89.508,88.282,88.561,69678.9
2026-02-05 15:00:00+00:00,88.561,88.95,87.745,88.025,154769.7
2026-02-05 15:05:00+00:00,88.025,88.077,87.014,87.279,149172.7
2026-02-05 15:10:00+00:00,87.279,87.56,86.032,86.332,165546.5
2026-02-05 15:15:00+00:00,86.332,87.183,86.211,86.372,100873.6
2026-02-05 15:20:00+00:00,86.372,86.452,84.051,84.945,435638.5
2026-02-05 15:25:00+00:00,84.945,85.647,84.1,84.146,189965.0
2026-02-05 15:30:00+00:00,84.146,85.265,83.395,83.734,247947.6
2026-02-05 15:35:00+00:00,83.734,85.261,83.734,85.191,167172.9
2026-02-05 15:40:00+00:00,85.191,85.896,84.725,85.383,91992.2
2026-02-05 15:45:00+00:00,85.383,85.616,84.374,84.899,70644.2
2026-02-05 15:50:00+00:00,84.899,85.851,84.714,84.747,98890.9
2026-02-05 15:55:00+00:00,84.747,84.95,84.173,84.544,70650.8
2026-02-05 16:00:00+00:00,84.544,84.846,83.938,84.062,85453.8
2026-02-05 16:05:00+00:00,84.062,84.733,83.955,84.068,46765.6
2026-02-05 16:10:00+00:00,84.068,84.929,83.609,83.79,66473.9
2026-02-05 16:15:00+00:00,83.79,84.887,83.682,84.213,118059.9
2026-02-05 16:20:00+00:00,84.213,85.745,84.178,85.745,158199.9
2026-02-05 16:25:00+00:00,85.745,85.91,85.312,85.508,75334.4
2026-02-05 16:30:00+00:00,85.508,86.124,84.976,85.485,69050.8
2026-02-05 16:35:00+00:00,85.485,85.77,85.05,85.092,23391.4
2026-02-05 16:40:00+00:00,85.092,85.285,84.464,84.519,28799.1
2026-02-05 16:45:00+00:00,84.519,84.768,83.936,84.745,65521.2
2026-02-05 16:50:00+00:00,84.745,86.147,84.745,85.76,134825.2
2026-02-05 16:55:00+00:00,85.76,85.923,85.016,85.482,82657.8
2026-02-05 17:00:00+00:00,85.482,85.661,84.611,84.676,44355.9
2026-02-05 17:05:00+00:00,84.676,84.984,83.961,84.016,96761.9
2026-02-05 17:10:00+00:00,84.016,84.221,83.645,84.035,49010.6
2026-02-05 17:15:00+00:00,84.035,84.09,82.751,82.805,105103.5
2026-02-05 17:20:00+00:00,82.805,84.479,82.343,84.406,175008.4
2026-02-05 17:25:00+00:00,84.406,84.838,83.917,84.184,66515.0
2026-02-05 17:30:00+00:00,84.184,84.461,82.852,83.205,143147.4
2026-02-05 17:35:00+00:00,83.205,83.847,83.096,83.404,27370.3
2026-02-05 17:40:00+00:00,83.404,84.173,83.252,83.543,41929.0
2026-02-05 17:45:00+00:00,83.543,83.987,83.064,83.225,39936.3
2026-02-05 17:50:00+00:00,83.225,83.651,82.793,82.837,42005.1
2026-02-05 17:55:00+00:00,82.837,82.964,82.522,82.617,54189.0
2026-02-05 18:00:00+00:00,82.617,83.285,82.363,82.682,74654.6
2026-02-05 18:05:00+00:00,82.682,83.114,82.572,82.746,26903.7
2026-02-05 18:10:00+00:00,82.746,83.099,82.685,82.873,24012.4
2026-02-05 18:15:00+00:00,82.873,83.02,81.921,82.258,126686.1
2026-02-05 18:20:00+00:00,82.258,82.682,81.52,82.567,116667.4
2026-02-05 18:25:00+00:00,82.567,82.665,81.605,81.963,89713.0
2026-02-05 18:30:00+00:00,81.963,82.22,81.145,81.627,66487.4
2026-02-05 18:35:00+00:00,81.627,81.959,81.274,81.502,31701.8
2026-02-05 18:40:00+00:00,81.502,81.851,81.208,81.422,33464.4
2026-02-05 18:45:00+00:00,81.422,81.939,81.18,81.72,45007.0
2026-02-05 18:50:00+00:00,81.72,82.479,81.548,82.19,47937.1
2026-02-05 18:55:00+00:00,82.19,83.157,82.073,82.861,48523.5
2026-02-05 19:00:00+00:00,82.861,83.2,82.333,82.641,31159.1
2026-02-05 19:05:00+00:00,82.641,83.273,82.329,82.359,21932.4
2026-02-05 19:10:00+00:00,82.359,82.955,82.181,82.528,21453.2
2026-02-05 19:15:00+00:00,82.528,83.055,82.358,82.799,23623.4
2026-02-05 19:20:00+00:00,82.799,82.823,81.985,82.179,55088.6
2026-02-05 19:25:00+00:00,82.179,82.188,81.652,82.126,39865.2
2026-02-05 19:30:00+00:00,82.126,82.677,81.91,82.547,29614.9
2026-02-05 19:35:00+00:00,82.547,82.7,82.278,82.279,12719.0
2026-02-05 19:40:00+00:00,82.279,82.368,81.842,81.954,28759.8
2026-02-05 19:45:00+00:00,81.954,82.108,81.518,81.854,19471.9
2026-02-05 19:50:00+00:00,81.854,82.033,81.339,81.684,41336.5
2026-02-05 19:55:00+00:00,81.684,81.873,81.426,81.628,16108.5
2026-02-05 20:00:00+00:00,81.628,82.251,81.56,81.591,40165.0
2026-02-05 20:05:00+00:00,81.591,82.083,81.252,82.016,124442.1
2026-02-05 20:10:00+00:00,82.016,82.043,81.2,81.205,24202.1
2026-02-05 20:15:00+00:00,81.205,81.264,80.177,80.298,118221.9
2026-02-05 20:20:00+00:00,80.298,80.513,78.904,79.646,299603.7
2026-02-05 20:25:00+00:00,79.646,79.707,77.749,78.646,469052.7
2026-02-05 20:30:00+00:00,78.646,78.983,77.975,78.68,142329.9
2026-02-05 20:35:00+00:00,78.68,79.23,77.579,79.017,223248.9
2026-02-05 20:40:00+00:00,79.017,79.98,79.014,79.397,98711.0
2026-02-05 20:45:00+00:00,79.397,79.649,78.466,78.638,71968.5
2026-02-05 20:50:00+00:00,78.638,78.999,77.904,78.07,126210.6
2026-02-05 20:55:00+00:00,78.07,79.28,77.781,78.769,146798.6
2026-02-05 21:00:00+00:00,78.769,81.15,78.604,80.678,220002.8
2026-02-05 21:05:00+00:00,80.678,81.081,79.828,79.828,100325.3
2026-02-05 21:10:00+00:00,79.828,80.096,79.207,79.278,55505.0
2026-02-05 21:15:00+00:00,79.278,79.589,78.573,78.659,48724.7
2026-02-05 21:20:00+00:00,78.659,80.55,78.552,79.857,78011.7
2026-02-05 21:25:00+00:00,79.857,80.2,78.838,80.199,47970.8
2026-02-05 21:30:00+00:00,80.199,80.802,79.61,79.683,84817.8
2026-02-05 21:35:00+00:00,79.683,79.894,79.105,79.546,45045.8
2026-02-05 21:40:00+00:00,79.546,79.992,78.944,79.287,33079.3
2026-02-05 21:45:00+00:00,79.287,79.723,78.844,78.974,35026.5
2026-02-05 21:50:00+00:00,78.974,79.172,78.693,78.921,36396.2
2026-02-05 21:55:00+00:00,78.921,79.192,78.308,78.939,38057.5
2026-02-05 22:00:00+00:00,78.939,79.479,78.818,79.164,43139.6
2026-02-05 22:05:00+00:00,79.164,79.736,78.101,79.59,86035.7
2026-02-05 22:10:00+00:00,79.59,79.965,79.268,79.282,44126.1
2026-02-05 22:15:00+00:00,79.282,79.479,77.493,78.369,84876.8
2026-02-05 22:20:00+00:00,78.369,78.469,77.555,77.955,62526.5
2026-02-05 22:25:00+00:00,77.955,80.193,77.644,79.867,111772.8
2026-02-05 22:30:00+00:00,79.867,80.579,79.116,79.676,89445.6
2026-02-05 22:35:00+00:00,79.676,80.08,79.372,79.56,37757.1
2026-02-05 22:40:00+00:00,79.56,79.963,79.357,79.913,22173.7
2026-02-05 22:45:00+00:00,79.913,80.133,79.38,80.037,20375.4
2026-02-05 22:50:00+00:00,80.037,80.642,79.995,80.109,31388.7
2026-02-05 22:55:00+00:00,80.109,80.147,79.629,79.752,27910.0
2026-02-05 23:00:00+00:00,79.752,80.975,79.502,80.947,32786.4
2026-02-05 23:05:00+00:00,80.947,81.349,80.704,81.211,69568.8
2026-02-05 23:10:00+00:00,81.211,81.596,81.02,81.027,33335.2
2026-02-05 23:15:00+00:00,81.027,81.205,80.456,80.462,22139.8
2026-02-05 23:20:00+00:00,80.462,80.516,79.372,79.422,45556.7
2026-02-05 23:25:00+00:00,79.422,79.972,79.422,79.929,26328.2
2026-02-05 23:30:00+00:00,79.929,80.355,79.323,79.33,25076.0
2026-02-05 23:35:00+00:00,79.33,79.411,78.87,79.018,112323.3
2026-02-05 23:40:00+00:00,79.018,79.171,78.56,78.761,61033.7
2026-02-05 23:45:00+00:00,78.761,78.996,78.484,78.852,38711.9
2026-02-05 23:50:00+00:00,78.852,78.891,78.138,78.241,103345.0
2026-02-05 23:55:00+00:00,78.241,78.44,78.013,78.283,42653.3
2026-02-06 00:00:00+00:00,78.283,78.762,76.929,77.57,195366.4
2026-02-06 00:05:00+00:00,77.57,77.746,75.848,76.42,245848.6
2026-02-06 00:10:00+00:00,76.42,76.678,71.371,72.343,1116652.3
2026-02-06 00:15:00+00:00,72.343,73.432,67.287,67.587,1357364.4
2026-02-06 00:20:00+00:00,67.587,71.053,67.414,71.039,955195.3
2026-02-06 00:25:00+00:00,71.039,72.284,70.676,71.114,314779.6
2026-02-06 00:30:00+00:00,71.114,73.279,70.895,73.128,187756.0
2026-02-06 00:35:00+00:00,73.128,75.84,73.077,75.269,174223.7
2026-02-06 00:40:00+00:00,75.269,75.437,74.143,74.96,123039.1
2026-02-06 00:45:00+00:00,74.96,76.091,74.554,75.236,93278.4
2026-02-06 00:50:00+00:00,75.236,76.773,75.223,76.65,94355.4
2026-02-06 00:55:00+00:00,76.65,76.687,75.234,75.399,54216.9
2026-02-06 01:00:00+00:00,75.399,76.645,75.399,76.476,88799.7
2026-02-06 01:05:00+00:00,76.476,77.201,75.711,76.954,80777.6
2026-02-06 01:10:00+00:00,76.954,77.411,76.12,76.431,88044.5
2026-02-06 01:15:00+00:00,76.431,77.311,76.325,76.716,65287.6
2026-02-06 01:20:00+00:00,76.716,77.38,76.612,77.256,49569.2
2026-02-06 01:25:00+00:00,77.256,77.489,76.929,77.135,32893.8
2026-02-06 01:30:00+00:00,77.135,78.056,76.9,77.977,65374.2
2026-02-06 01:35:00+00:00,77.977,78.492,77.62,77.886,67703.2
2026-02-06 01:40:00+00:00,77.886,78.485,77.731,78.211,61074.5
2026-02-06 01:45:00+00:00,78.211,79.6,77.968,79.515,61979.6
2026-02-06 01:50:00+00:00,79.515,79.546,78.876,79.108,39975.8
2026-02-06 01:55:00+00:00,79.108,79.703,79.105,79.499,71124.7
2026-02-06 02:00:00+00:00,79.499,80.2,79.314,79.869,78976.2
2026-02-06 02:05:00+00:00,79.869,79.961,79.101,79.405,31869.4
2026-02-06 02:10:00+00:00,79.405,79.405,77.715,77.95,100195.9
2026-02-06 02:15:00+00:00,77.95,78.12,77.421,77.614,94501.6
2026-02-06 02:20:00+00:00,77.614,77.66,76.765,77.064,81324.3
2026-02-06 02:25:00+00:00,77.064,77.452,76.923,77.214,26544.2
2026-02-06 02:30:00+00:00,77.214,78.0,76.972,77.611,58114.7
2026-02-06 02:35:00+00:00,77.611,78.118,77.228,78.035,29844.6
2026-02-06 02:40:00+00:00,78.035,78.132,77.602,77.699,30439.4
2026-02-06 02:45:00+00:00,77.699,77.848,76.723,77.124,33291.5
2026-02-06 02:50:00+00:00,77.124,77.48,76.58,76.83,27450.1
2026-02-06 02:55:00+00:00,76.83,76.903,76.329,76.901,33244.5
2026-02-06 03:00:00+00:00,76.901,77.33,76.741,76.879,35023.2
2026-02-06 03:05:00+00:00,76.879,77.152,76.4,76.804,16482.7
2026-02-06 03:10:00+00:00,76.804,76.877,76.22,76.244,44704.6
2026-02-06 03:15:00+00:00,76.244,76.953,76.244,76.616,22732.7
2026-02-06 03:20:00+00:00,76.616,76.946,76.034,76.12,26325.8
2026-02-06 03:25:00+00:00,76.12,76.799,76.023,76.628,16236.4
2026-02-06 03:30:00+00:00,76.628,77.298,76.597,76.706,13414.5
2026-02-06 03:35:00+00:00,76.706,76.965,76.372,76.485,9382.9
2026-02-06 03:40:00+00:00,76.485,76.496,75.965,76.109,23716.1
2026-02-06 03:45:00+00:00,76.109,76.316,75.734,76.013,42987.1
2026-02-06 03:50:00+00:00,76.013,76.275,75.666,76.176,31777.7
2026-02-06 03:55:00+00:00,76.176,76.72,76.176,76.659,33911.1
2026-02-06 04:00:00+00:00,76.659,76.679,76.152,76.315,23229.9
2026-02-06 04:05:00+00:00,76.315,76.613,76.191,76.333,10039.9
2026-02-06 04:10:00+00:00,76.333,76.964,76.218,76.728,18557.6
2026-02-06 04:15:00+00:00,76.728,77.153,76.585,77.079,24113.0
2026-02-06 04:20:00+00:00,77.079,77.263,76.817,77.232,14064.7
2026-02-06 04:25:00+00:00,77.232,77.796,77.085,77.4,34121.0
2026-02-06 04:30:00+00:00,77.4,77.71,77.281,77.631,11931.8
2026-02-06 04:35:00+00:00,77.631,77.631,76.888,77.054,140908.4
2026-02-06 04:40:00+00:00,77.054,77.342,76.854,77.299,8234.3
2026-02-06 04:45:00+00:00,77.299,77.879,77.284,77.808,12226.4
2026-02-06 04:50:00+00:00,77.808,78.0,77.616,77.744,46064.8
2026-02-06 04:55:00+00:00,77.744,77.82,77.556,77.696,7465.8
2026-02-06 05:00:00+00:00,77.696,78.223,77.511,78.12,22107.6
2026-02-06 05:05:00+00:00,78.12,78.698,78.072,78.225,39915.6
2026-02-06 05:10:00+00:00,78.225,79.143,78.134,79.048,91081.3
2026-02-06 05:15:00+00:00,79.048,79.126,78.475,78.8,18780.0
2026-02-06 05:20:00+00:00,78.8,79.098,78.632,78.704,13865.2
2026-02-06 05:25:00+00:00,78.704,78.901,78.41,78.816,34766.2
2026-02-06 05:30:00+00:00,78.816,79.723,78.786,79.655,26556.1
2026-02-06 05:35:00+00:00,79.655,79.836,79.418,79.776,14285.9
2026-02-06 05:40:00+00:00,79.776,79.966,79.542,79.879,15292.8
2026-02-06 05:45:00+00:00,79.879,80.071,79.593,80.056,21679.3
2026-02-06 05:50:00+00:00,80.056,81.567,80.003,81.563,88402.5
2026-02-06 05:55:00+00:00,81.563,81.563,80.615,81.056,44883.2
2026-02-06 06:00:00+00:00,81.056,81.493,80.946,81.255,71958.8
2026-02-06 06:05:00+00:00,81.255,81.386,80.815,81.241,97459.9
2026-02-06 06:10:00+00:00,81.241,81.243,80.751,80.789,23971.0
2026-02-06 06:15:00+00:00,80.789,80.881,80.349,80.399,27698.1
2026-02-06 06:20:00+00:00,80.399,80.729,80.115,80.344,17320.3
2026-02-06 06:25:00+00:00,80.344,80.364,79.871,80.265,23619.0
2026-02-06 06:30:00+00:00,80.265,80.481,79.961,80.0,17508.3
2026-02-06 06:35:00+00:00,80.0,80.139,79.696,79.832,21439.0
2026-02-06 06:40:00+00:00,79.832,80.14,79.388,79.728,49513.4
2026-02-06 06:45:00+00:00,79.728,80.021,79.401,79.418,38342.9
2026-02-06 06:50:00+00:00,79.418,79.84,79.401,79.704,21067.8
2026-02-06 06:55:00+00:00,79.704,79.75,79.302,79.409,17704.3
2026-02-06 07:00:00+00:00,79.409,79.453,78.915,79.151,45763.4
2026-02-06 07:05:00+00:00,79.151,79.454,78.667,78.744,43817.8
2026-02-06 07:10:00+00:00,78.744,79.238,78.672,79.217,23973.4
2026-02-06 07:15:00+00:00,79.217,79.268,78.802,78.941,22212.5
2026-02-06 07:20:00+00:00,78.941,79.441,78.915,79.208,75322.9
2026-02-06 07:25:00+00:00,79.208,79.441,78.936,79.423,11002.0
2026-02-06 07:30:00+00:00,79.423,79.886,79.325,79.872,26721.5
2026-02-06 07:35:00+00:00,79.872,80.0,79.699,79.866,13800.8
2026-02-06 07:40:00+00:00,79.866,80.558,79.671,79.862,184798.5
2026-02-06 07:45:00+00:00,79.862,80.115,79.457,79.462,29709.1
2026-02-06 07:50:00+00:00,79.462,79.741,79.193,79.324,33512.0
2026-02-06 07:55:00+00:00,79.324,79.553,79.316,79.509,8678.6
2026-02-06 08:00:00+00:00,79.509,79.569,78.961,79.185,27519.2
2026-02-06 08:05:00+00:00,79.185,80.143,79.185,80.085,26360.5
2026-02-06 08:10:00+00:00,80.085,80.085,79.545,79.663,16436.4
2026-02-06 08:15:00+00:00,79.663,79.773,78.884,79.112,83302.6
2026-02-06 08:20:00+00:00,79.112,79.746,79.102,79.296,20840.8
2026-02-06 08:25:00+00:00,79.296,79.652,79.018,79.18,62682.4
2026-02-06 08:30:00+00:00,79.18,79.22,78.633,78.703,26147.3
2026-02-06 08:35:00+00:00,78.703,79.293,78.668,79.229,14791.4
2026-02-06 08:40:00+00:00,79.229,79.229,78.576,78.869,60654.0
2026-02-06 08:45:00+00:00,78.869,79.189,78.769,79.128,30117.1
2026-02-06 08:50:00+00:00,79.128,79.452,78.992,79.162,21414.3
2026-02-06 08:55:00+00:00,79.162,79.399,78.912,78.992,14745.0
2026-02-06 09:00:00+00:00,78.992,79.206,78.868,79.048,11608.5
2026-02-06 09:05:00+00:00,79.048,79.3,78.857,79.12,17796.8
2026-02-06 09:10:00+00:00,79.12,79.524,79.001,79.326,35058.8
2026-02-06 09:15:00+00:00,79.326,79.65,79.099,79.46,69242.4
2026-02-06 09:20:00+00:00,79.46,79.999,79.227,79.918,126227.0
2026-02-06 09:25:00+00:00,79.918,80.105,79.736,80.037,28037.7
2026-02-06 09:30:00+00:00,80.037,80.74,79.971,80.718,45437.5
2026-02-06 09:35:00+00:00,80.718,80.985,80.411,80.496,27938.9
2026-02-06 09:40:00+00:00,80.496,80.983,80.312,80.944,11525.1
2026-02-06 09:45:00+00:00,80.944,81.329,80.549,81.265,31325.4
2026-02-06 09:50:00+00:00,81.265,81.603,81.198,81.394,27892.4
2026-02-06 09:55:00+00:00,81.394,81.456,81.125,81.237,24474.0
2026-02-06 10:00:00+00:00,81.237,81.44,80.912,80.942,56991.1
2026-02-06 10:05:00+00:00,80.942,81.223,80.897,81.216,15372.0
2026-02-06 10:10:00+00:00,81.216,81.288,80.623,80.981,28339.6
2026-02-06 10:15:00+00:00,80.981,81.845,80.971,81.781,57135.5
2026-02-06 10:20:00+00:00,81.781,81.965,81.164,81.326,70151.2
2026-02-06 10:25:00+00:00,81.326,81.562,81.277,81.43,11878.4
2026-02-06 10:30:00+00:00,81.43,81.715,81.361,81.539,19317.8
2026-02-06 10:35:00+00:00,81.539,81.732,81.194,81.208,31881.2
2026-02-06 10:40:00+00:00,81.208,81.312,80.912,81.29,26985.2
2026-02-06 10:45:00+00:00,81.29,81.413,80.927,80.935,13196.0
2026-02-06 10:50:00+00:00,80.935,80.979,80.64,80.86,18584.6
2026-02-06 10:55:00+00:00,80.86,81.065,80.7,80.717,10774.5
2026-02-06 11:00:00+00:00,80.717,80.765,80.342,80.672,19788.8
2026-02-06 11:05:00+00:00,80.672,80.738,80.568,80.576,10617.3
2026-02-06 11:10:00+00:00,80.576,81.025,80.576,81.001,15875.6
2026-02-06 11:15:00+00:00,81.001,81.159,80.728,80.808,121092.6
2026-02-06 11:20:00+00:00,80.808,81.143,80.772,81.101,8780.8
2026-02-06 11:25:00+00:00,81.101,81.102,80.76,80.968,7768.2
2026-02-06 11:30:00+00:00,80.968,81.3,80.838,81.166,59422.1
2026-02-06 11:35:00+00:00,81.166,81.647,80.987,81.204,37651.8
2026-02-06 11:40:00+00:00,81.204,81.474,81.06,81.127,13462.2
2026-02-06 11:45:00+00:00,81.127,81.224,80.902,80.996,15865.6
2026-02-06 11:50:00+00:00,80.996,81.389,80.996,81.109,17663.3
2026-02-06 11:55:00+00:00,81.109,81.332,81.0,81.24,18896.5
2026-02-06 12:00:00+00:00,81.24,81.241,80.88,81.019,13623.6
2026-02-06 12:05:00+00:00,81.019,81.152,80.72,81.023,20198.2
2026-02-06 12:10:00+00:00,81.023,81.209,80.851,81.205,7027.7
2026-02-06 12:15:00+00:00,81.205,81.309,80.979,81.304,17461.5
2026-02-06 12:20:00+00:00,81.304,81.848,81.268,81.811,22508.1
2026-02-06 12:25:00+00:00,81.811,81.814,81.478,81.554,14698.6
2026-02-06 12:30:00+00:00,81.554,81.554,81.092,81.297,39344.0
2026-02-06 12:35:00+00:00,81.297,81.455,81.195,81.29,17548.0
2026-02-06 12:40:00+00:00,81.29,81.721,81.239,81.367,22578.8
2026-02-06 12:45:00+00:00,81.367,81.696,81.352,81.479,15257.9
2026-02-06 12:50:00+00:00,81.479,81.603,81.37,81.455,10162.1
2026-02-06 12:55:00+00:00,81.455,81.86,81.455,81.794,26635.2
2026-02-06 13:00:00+00:00,81.794,82.351,81.582,82.205,63061.0
2026-02-06 13:05:00+00:00,82.205,82.335,81.82,82.02,28319.8
2026-02-06 13:10:00+00:00,82.02,82.75,81.947,82.713,62492.5
2026-02-06 13:15:00+00:00,82.713,82.825,82.118,82.824,53044.4
2026-02-06 13:20:00+00:00,82.824,83.292,82.734,83.168,85143.9
2026-02-06 13:25:00+00:00,83.168,83.169,82.377,82.677,47855.7
2026-02-06 13:30:00+00:00,82.677,82.908,82.321,82.699,25739.2
2026-02-06 13:35:00+00:00,82.699,83.188,82.637,83.033,20057.0
2026-02-06 13:40:00+00:00,83.033,83.598,82.882,83.354,104850.4
2026-02-06 13:45:00+00:00,83.354,83.68,83.208,83.669,33052.4
2026-02-06 13:50:00+00:00,83.669,83.75,83.084,83.57,72271.0
2026-02-06 13:55:00+00:00,83.57,83.683,82.957,82.994,16331.9
2026-02-06 14:00:00+00:00,82.994,83.125,82.626,82.685,28567.9
2026-02-06 14:05:00+00:00,82.685,82.809,82.289,82.524,32761.0
2026-02-06 14:10:00+00:00,82.524,82.649,82.258,82.623,25027.1
2026-02-06 14:15:00+00:00,82.623,82.69,82.433,82.486,18739.3
2026-02-06 14:20:00+00:00,82.486,82.486,81.801,81.829,82153.4
2026-02-06 14:25:00+00:00,81.829,82.566,81.806,82.452,43521.3
2026-02-06 14:30:00+00:00,82.452,84.259,82.372,83.693,271142.0
2026-02-06 14:35:00+00:00,83.693,84.336,83.32,83.772,88068.4
2026-02-06 14:40:00+00:00,83.772,84.272,83.539,84.266,44052.7
2026-02-06 14:45:00+00:00,84.266,85.111,84.032,84.234,150189.1
2026-02-06 14:50:00+00:00,84.234,84.779,83.947,84.068,73036.1
2026-02-06 14:55:00+00:00,84.068,84.375,83.584,84.072,136539.1
2026-02-06 15:00:00+00:00,84.072,84.324,83.661,84.245,82105.4
2026-02-06 15:05:00+00:00,84.245,84.492,83.702,84.172,57265.0
2026-02-06 15:10:00+00:00,84.172,84.714,83.466,83.491,83592.4
2026-02-06 15:15:00+00:00,83.491,84.014,83.315,83.798,63604.4
2026-02-06 15:20:00+00:00,83.798,84.3,83.656,84.087,60167.3
2026-02-06 15:25:00+00:00,84.087,84.238,83.611,83.882,26454.8
2026-02-06 15:30:00+00:00,83.882,84.44,83.804,84.44,30237.8
2026-02-06 15:35:00+00:00,84.44,84.594,84.12,84.4,48738.7
2026-02-06 15:40:00+00:00,84.4,84.623,84.08,84.478,26912.3
2026-02-06 15:45:00+00:00,84.478,84.973,84.293,84.88,57136.3
2026-02-06 15:50:00+00:00,84.88,84.88,84.131,84.232,58675.2
2026-02-06 15:55:00+00:00,84.232,84.518,84.184,84.392,18885.0
2026-02-06 16:00:00+00:00,84.392,84.416,83.6,84.235,104003.5
2026-02-06 16:05:00+00:00,84.235,84.847,84.15,84.703,48072.6
2026-02-06 16:10:00+00:00,84.703,85.229,84.62,85.031,43413.9
2026-02-06 16:15:00+00:00,85.031,85.562,84.805,85.549,62658.4
2026-02-06 16:20:00+00:00,85.549,86.014,85.424,85.64,66101.4
2026-02-06 16:25:00+00:00,85.64,86.406,85.346,85.978,41396.9
2026-02-06 16:30:00+00:00,85.978,86.337,85.754,86.321,42547.8
2026-02-06 16:35:00+00:00,86.321,86.932,86.281,86.51,66100.3
2026-02-06 16:40:00+00:00,86.51,86.683,86.191,86.601,37448.4
2026-02-06 16:45:00+00:00,86.601,86.963,86.424,86.728,38116.4
2026-02-06 16:50:00+00:00,86.728,87.097,86.342,87.07,47265.6
2026-02-06 16:55:00+00:00,87.07,87.132,86.047,86.616,38546.7
2026-02-06 17:00:00+00:00,86.616,86.631,86.025,86.482,33849.7
2026-02-06 17:05:00+00:00,86.482,87.141,86.225,87.139,27588.0
2026-02-06 17:10:00+00:00,87.139,87.354,86.556,86.641,46938.2
2026-02-06 17:15:00+00:00,86.641,87.55,86.514,87.345,83884.4
2026-02-06 17:20:00+00:00,87.345,87.507,87.131,87.321,19246.6
2026-02-06 17:25:00+00:00,87.321,87.983,87.122,87.899,81690.6
2026-02-06 17:30:00+00:00,87.899,88.561,87.835,88.001,62038.4
2026-02-06 17:35:00+00:00,88.001,88.001,87.044,87.409,84703.9
2026-02-06 17:40:00+00:00,87.409,87.613,86.953,87.004,68556.7
2026-02-06 17:45:00+00:00,87.004,87.4,86.83,87.047,49861.0
2026-02-06 17:50:00+00:00,87.047,87.118,86.308,86.528,42572.6
2026-02-06 17:55:00+00:00,86.528,87.049,86.397,86.577,49923.7
2026-02-06 18:00:00+00:00,86.577,86.743,86.133,86.254,53853.3
2026-02-06 18:05:00+00:00,86.254,86.375,85.094,85.263,105623.9
2026-02-06 18:10:00+00:00,85.263,86.094,85.258,85.864,38450.4
2026-02-06 18:15:00+00:00,85.864,85.928,85.459,85.692,19388.5
2026-02-06 18:20:00+00:00,85.692,85.805,85.248,85.343,30277.3
2026-02-06 18:25:00+00:00,85.343,85.729,85.296,85.554,18606.1
2026-02-06 18:30:00+00:00,85.554,86.088,85.488,86.077,18675.9
2026-02-06 18:35:00+00:00,86.077,86.725,85.792,86.572,38282.1
2026-02-06 18:40:00+00:00,86.572,86.636,86.345,86.389,24871.5
2026-02-06 18:45:00+00:00,86.389,86.659,86.184,86.489,20495.6
2026-02-06 18:50:00+00:00,86.489,86.562,85.945,86.287,13650.7
2026-02-06 18:55:00+00:00,86.287,86.432,85.968,86.021,8017.2
2026-02-06 19:00:00+00:00,86.021,86.375,85.907,86.265,18723.0
2026-02-06 19:05:00+00:00,86.265,86.319,85.746,85.778,16325.4
2026-02-06 19:10:00+00:00,85.778,86.013,85.545,85.741,27621.6
2026-02-06 19:15:00+00:00,85.741,85.946,85.422,85.939,17847.0
2026-02-06 19:20:00+00:00,85.939,86.194,85.77,86.158,33864.4
2026-02-06 19:25:00+00:00,86.158,86.5,86.036,86.241,74167.1
2026-02-06 19:30:00+00:00,86.241,86.734,86.085,86.535,88521.0
2026-02-06 19:35:00+00:00,86.535,86.681,86.28,86.663,26891.0
2026-02-06 19:40:00+00:00,86.663,86.851,86.356,86.64,48454.8
2026-02-06 19:45:00+00:00,86.64,87.369,86.552,87.105,129058.9
2026-02-06 19:50:00+00:00,87.105,87.2,86.737,87.073,42551.3
2026-02-06 19:55:00+00:00,87.073,87.22,86.819,86.943,46613.3
2026-02-06 20:00:00+00:00,86.943,87.069,86.773,86.92,12238.7
2026-02-06 20:05:00+00:00,86.92,86.92,86.664,86.736,29023.0
2026-02-06 20:10:00+00:00,86.736,86.972,86.5,86.715,12679.7
2026-02-06 20:15:00+00:00,86.715,87.054,86.61,86.997,14185.0
2026-02-06 20:20:00+00:00,86.997,87.239,86.908,86.986,26659.1
2026-02-06 20:25:00+00:00,86.986,87.233,86.908,87.103,7928.0
2026-02-06 20:30:00+00:00,87.103,87.725,86.941,87.655,158990.8
2026-02-06 20:35:00+00:00,87.655,87.855,87.115,87.261,108417.9
2026-02-06 20:40:00+00:00,87.261,87.379,86.995,87.271,26728.8
2026-02-06 20:45:00+00:00,87.271,87.39,86.946,87.137,40579.9
2026-02-06 20:50:00+00:00,87.137,87.595,86.991,87.028,14120.8
2026-02-06 20:55:00+00:00,87.028,87.043,86.724,86.831,65169.1
2026-02-06 21:00:00+00:00,86.831,87.279,86.712,86.962,22579.0
2026-02-06 21:05:00+00:00,86.962,87.009,86.497,86.888,72797.5
2026-02-06 21:10:00+00:00,86.888,87.147,86.841,87.049,9272.6
2026-02-06 21:15:00+00:00,87.049,87.639,86.955,87.562,22410.4
2026-02-06 21:20:00+00:00,87.562,87.916,87.514,87.683,25463.2
2026-02-06 21:25:00+00:00,87.683,87.998,87.683,87.846,17459.2
2026-02-06 21:30:00+00:00,87.846,87.846,87.361,87.401,13854.5
2026-02-06 21:35:00+00:00,87.401,87.75,87.401,87.68,11485.2
2026-02-06 21:40:00+00:00,87.68,87.863,87.642,87.778,19059.4
2026-02-06 21:45:00+00:00,87.778,88.0,87.693,87.876,15294.4
2026-02-06 21:50:00+00:00,87.876,88.126,87.759,87.811,19730.9
2026-02-06 21:55:00+00:00,87.811,88.05,87.811,87.966,9053.5
2026-02-06 22:00:00+00:00,87.966,88.343,87.844,88.241,23122.6
2026-02-06 22:05:00+00:00,88.241,88.741,88.161,88.685,42443.2
2026-02-06 22:10:00+00:00,88.685,88.709,88.037,88.311,25453.1
2026-02-06 22:15:00+00:00,88.311,88.525,88.225,88.487,12002.3
2026-02-06 22:20:00+00:00,88.487,88.753,88.443,88.689,9294.0
2026-02-06 22:25:00+00:00,88.689,88.998,88.608,88.728,36049.8
2026-02-06 22:30:00+00:00,88.728,89.178,88.642,89.099,63193.5
2026-02-06 22:35:00+00:00,89.099,89.79,88.966,89.377,62461.7
2026-02-06 22:40:00+00:00,89.377,89.456,89.07,89.143,23358.2
2026-02-06 22:45:00+00:00,89.143,89.581,88.92,89.413,25995.7
2026-02-06 22:50:00+00:00,89.413,89.508,89.25,89.461,24285.5
2026-02-06 22:55:00+00:00,89.461,89.461,89.029,89.094,18069.7
2026-02-06 23:00:00+00:00,89.094,89.477,88.872,89.406,11375.0
2026-02-06 23:05:00+00:00,89.406,89.525,88.756,88.801,30870.8
2026-02-06 23:10:00+00:00,88.801,88.824,88.276,88.404,24059.0
2026-02-06 23:15:00+00:00,88.404,88.412,87.603,87.716,62806.2
2026-02-06 23:20:00+00:00,87.716,88.068,87.251,87.511,71595.3
2026-02-06 23:25:00+00:00,87.511,87.789,87.467,87.653,19098.0
2026-02-06 23:30:00+00:00,87.653,88.229,87.618,88.127,25203.5
2026-02-06 23:35:00+00:00,88.127,88.4,87.932,88.043,14749.2
2026-02-06 23:40:00+00:00,88.043,88.123,87.648,87.684,12935.4
2026-02-06 23:45:00+00:00,87.684,87.843,87.485,87.676,26982.9
2026-02-06 23:50:00+00:00,87.676,87.719,87.342,87.541,18443.8
2026-02-06 23:55:00+00:00,87.541,87.541,87.327,87.394,11414.0
2026-02-07 00:00:00+00:00,87.394,87.418,86.546,86.686,57857.4
2026-02-07 00:05:00+00:00,86.686,86.756,86.26,86.363,86291.8
2026-02-07 00:10:00+00:00,86.363,86.984,86.359,86.896,21134.8
2026-02-07 00:15:00+00:00,86.896,87.0,86.451,86.582,33349.8
2026-02-07 00:20:00+00:00,86.582,86.919,86.548,86.646,10552.3
2026-02-07 00:25:00+00:00,86.646,86.788,86.076,86.247,55091.8
2026-02-07 00:30:00+00:00,86.247,86.566,86.23,86.49,15789.9
2026-02-07 00:35:00+00:00,86.49,86.49,86.104,86.145,17158.3
2026-02-07 00:40:00+00:00,86.145,86.404,86.118,86.14,8231.1
2026-02-07 00:45:00+00:00,86.14,86.408,86.132,86.372,14539.2
2026-02-07 00:50:00+00:00,86.372,86.984,86.372,86.751,24352.3
2026-02-07 00:55:00+00:00,86.751,86.765,86.365,86.506,14823.3
2026-02-07 01:00:00+00:00,86.506,86.506,86.117,86.433,6436.4
2026-02-07 01:05:00+00:00,86.433,86.626,86.285,86.316,11518.8
2026-02-07 01:10:00+00:00,86.316,86.316,85.825,85.934,29510.7
2026-02-07 01:15:00+00:00,85.934,86.328,85.905,86.105,25636.1
2026-02-07 01:20:00+00:00,86.105,86.435,86.057,86.211,5597.9
2026-02-07 01:25:00+00:00,86.211,86.486,86.198,86.331,6829.8
2026-02-07 01:30:00+00:00,86.331,86.56,86.21,86.493,7267.2
2026-02-07 01:35:00+00:00,86.493,86.882,86.461,86.736,13257.9
2026-02-07 01:40:00+00:00,86.736,86.869,86.609,86.632,5005.2
2026-02-07 01:45:00+00:00,86.632,87.417,86.577,87.344,23721.5
2026-02-07 01:50:00+00:00,87.344,87.416,86.983,87.094,31892.7
2026-02-07 01:55:00+00:00,87.094,87.245,87.05,87.05,3093.4
2026-02-07 02:00:00+00:00,87.05,87.072,86.719,87.04,6763.8
2026-02-07 02:05:00+00:00,87.04,87.151,86.734,86.795,11590.6
2026-02-07 02:10:00+00:00,86.795,87.181,86.788,87.029,9460.7
2026-02-07 02:15:00+00:00,87.029,87.172,86.889,87.079,3765.7
2026-02-07 02:20:00+00:00,87.079,87.222,87.045,87.212,2804.2
2026-02-07 02:25:00+00:00,87.212,87.489,87.203,87.316,8983.1
2026-02-07 02:30:00+00:00,87.316,87.541,87.074,87.234,14829.6
2026-02-07 02:35:00+00:00,87.234,87.358,87.13,87.24,4223.0
2026-02-07 02:40:00+00:00,87.24,87.342,87.12,87.226,1854.4
2026-02-07 02:45:00+00:00,87.226,87.226,86.709,86.778,20639.1
2026-02-07 02:50:00+00:00,86.778,87.056,86.724,87.056,5481.6
2026-02-07 02:55:00+00:00,87.056,87.272,86.951,87.232,3764.1
2026-02-07 03:00:00+00:00,87.232,87.759,87.19,87.468,33611.4
2026-02-07 03:05:00+00:00,87.468,87.68,87.147,87.674,21164.4
2026-02-07 03:10:00+00:00,87.674,88.196,87.66,88.043,38903.0
2026-02-07 03:15:00+00:00,88.043,88.154,87.824,87.932,22451.6
2026-02-07 03:20:00+00:00,87.932,87.955,87.738,87.945,6032.2
2026-02-07 03:25:00+00:00,87.945,88.316,87.943,88.155,14539.5
2026-02-07 03:30:00+00:00,88.155,88.155,87.908,87.964,16685.0
2026-02-07 03:35:00+00:00,87.964,88.166,87.956,88.057,6155.2
2026-02-07 03:40:00+00:00,88.057,88.23,87.807,88.099,64341.1
2026-02-07 03:45:00+00:00,88.099,88.113,87.675,87.89,5125.2
2026-02-07 03:50:00+00:00,87.89,88.103,87.851,88.02,6146.1
2026-02-07 03:55:00+00:00,88.02,88.046,87.805,88.011,9260.5
2026-02-07 04:00:00+00:00,88.011,88.442,87.817,88.153,18019.2
2026-02-07 04:05:00+00:00,88.153,88.346,87.982,88.182,14652.1
2026-02-07 04:10:00+00:00,88.182,88.742,88.076,88.605,25642.4
2026-02-07 04:15:00+00:00,88.605,88.76,88.328,88.516,9863.0
2026-02-07 04:20:00+00:00,88.516,88.964,88.4,88.749,22402.4
2026-02-07 04:25:00+00:00,88.749,88.749,88.021,88.18,77492.5
2026-02-07 04:30:00+00:00,88.18,88.582,88.086,88.349,8546.3
2026-02-07 04:35:00+00:00,88.349,88.35,87.984,87.985,8112.3
2026-02-07 04:40:00+00:00,87.985,88.055,87.184,87.353,18650.9
2026-02-07 04:45:00+00:00,87.353,87.559,87.338,87.444,11782.3
2026-02-07 04:50:00+00:00,87.444,87.527,87.404,87.506,2550.3
2026-02-07 04:55:00+00:00,87.506,87.677,87.366,87.64,5299.0
2026-02-07 05:00:00+00:00,87.64,87.964,87.582,87.768,7185.4
2026-02-07 05:05:00+00:00,87.768,88.236,87.734,88.15,8656.2
2026-02-07 05:10:00+00:00,88.15,88.173,87.907,88.113,16647.1
2026-02-07 05:15:00+00:00,88.113,88.403,88.113,88.263,4547.6
2026-02-07 05:20:00+00:00,88.263,88.49,88.209,88.44,7491.0
2026-02-07 05:25:00+00:00,88.44,88.56,87.805,87.89,57822.0
2026-02-07 05:30:00+00:00,87.89,88.063,87.662,87.847,9700.0
2026-02-07 05:35:00+00:00,87.847,88.244,87.847,87.963,11766.1
2026-02-07 05:40:00+00:00,87.963,88.019,87.859,87.913,5923.0
2026-02-07 05:45:00+00:00,87.913,88.028,87.868,88.014,6235.4
2026-02-07 05:50:00+00:00,88.014,88.026,87.507,87.557,10815.1
2026-02-07 05:55:00+00:00,87.557,87.73,87.469,87.73,21329.8
2026-02-07 06:00:00+00:00,87.73,87.912,87.64,87.912,15428.9
2026-02-07 06:05:00+00:00,87.912,88.156,87.741,87.844,17118.7
2026-02-07 06:10:00+00:00,87.844,87.996,87.652,87.861,52232.4
2026-02-07 06:15:00+00:00,87.861,87.863,87.455,87.491,38508.0
2026-02-07 06:20:00+00:00,87.491,87.794,87.478,87.671,4446.1
2026-02-07 06:25:00+00:00,87.671,87.958,87.671,87.781,12429.0
2026-02-07 06:30:00+00:00,87.781,87.908,87.657,87.774,7838.7
2026-02-07 06:35:00+00:00,87.774,87.912,87.762,87.856,1798.0
2026-02-07 06:40:00+00:00,87.856,87.952,87.461,87.513,13672.2
2026-02-07 06:45:00+00:00,87.513,87.557,87.266,87.362,20248.3
2026-02-07 06:50:00+00:00,87.362,87.414,86.831,86.858,34253.9
2026-02-07 06:55:00+00:00,86.858,86.946,86.167,86.202,51865.9
2026-02-07 07:00:00+00:00,86.202,86.595,86.035,86.163,39475.3
2026-02-07 07:05:00+00:00,86.163,86.271,85.228,85.464,109763.1
2026-02-07 07:10:00+00:00,85.464,85.777,84.78,84.811,113233.5
2026-02-07 07:15:00+00:00,84.811,85.244,84.133,84.708,167930.8
2026-02-07 07:20:00+00:00,84.708,85.267,84.584,84.873,32150.1
2026-02-07 07:25:00+00:00,84.873,85.414,84.873,85.257,45212.8
2026-02-07 07:30:00+00:00,85.257,85.417,84.61,84.797,29616.5
2026-02-07 07:35:00+00:00,84.797,85.382,84.791,85.292,17965.7
2026-02-07 07:40:00+00:00,85.292,86.367,85.292,85.918,104153.3
2026-02-07 07:45:00+00:00,85.918,85.958,85.355,85.543,37720.7
2026-02-07 07:50:00+00:00,85.543,85.656,85.337,85.437,13389.4
2026-02-07 07:55:00+00:00,85.437,85.497,85.231,85.245,9320.8
2026-02-07 08:00:00+00:00,85.245,85.302,84.809,85.153,21564.7
2026-02-07 08:05:00+00:00,85.153,85.544,84.92,84.972,16351.6
2026-02-07 08:10:00+00:00,84.972,85.283,84.907,85.028,24340.0
2026-02-07 08:15:00+00:00,85.028,85.121,84.7,84.949,18590.1
2026-02-07 08:20:00+00:00,84.949,85.322,84.949,85.187,20340.3
2026-02-07 08:25:00+00:00,85.187,85.238,84.916,84.933,46976.2
2026-02-07 08:30:00+00:00,84.933,85.28,84.91,85.081,13071.0
2026-02-07 08:35:00+00:00,85.081,85.153,84.901,84.901,18546.3
2026-02-07 08:40:00+00:00,84.901,85.23,84.901,85.053,12679.5
2026-02-07 08:45:00+00:00,85.053,85.449,85.042,85.348,11436.8
2026-02-07 08:50:00+00:00,85.348,85.672,85.303,85.481,13806.2
2026-02-07 08:55:00+00:00,85.481,85.517,85.275,85.275,5927.6
2026-02-07 09:00:00+00:00,85.275,85.562,85.175,85.397,8981.3
2026-02-07 09:05:00+00:00,85.397,85.483,85.226,85.446,7072.7
2026-02-07 09:10:00+00:00,85.446,85.674,85.346,85.64,12499.7
2026-02-07 09:15:00+00:00,85.64,85.661,85.308,85.403,3711.5
2026-02-07 09:20:00+00:00,85.403,85.624,85.287,85.615,5974.9
2026-02-07 09:25:00+00:00,85.615,85.615,85.229,85.255,9276.2
2026-02-07 09:30:00+00:00,85.255,85.306,84.788,85.019,41332.4
2026-02-07 09:35:00+00:00,85.019,85.153,84.83,84.838,8716.8
2026-02-07 09:40:00+00:00,84.838,84.997,84.749,84.907,13896.4
2026-02-07 09:45:00+00:00,84.907,84.994,84.748,84.898,10502.9
2026-02-07 09:50:00+00:00,84.898,85.136,84.889,85.101,7534.9
2026-02-07 09:55:00+00:00,85.101,85.231,85.061,85.186,9840.8
2026-02-07 10:00:00+00:00,85.186,85.437,85.084,85.229,8487.0
2026-02-07 10:05:00+00:00,85.229,85.297,85.023,85.1,6084.8
2026-02-07 10:10:00+00:00,85.1,85.148,84.935,85.077,5435.5
2026-02-07 10:15:00+00:00,85.077,85.17,84.934,84.978,8929.3
2026-02-07 10:20:00+00:00,84.978,85.232,84.971,85.214,7364.9
2026-02-07 10:25:00+00:00,85.214,85.375,85.109,85.136,5927.2
2026-02-07 10:30:00+00:00,85.136,85.279,84.807,84.816,22066.8
2026-02-07 10:35:00+00:00,84.816,84.939,84.432,84.453,43998.2
2026-02-07 10:40:00+00:00,84.453,84.818,84.442,84.755,17866.5
2026-02-07 10:45:00+00:00,84.755,84.861,84.5,84.65,24491.5
2026-02-07 10:50:00+00:00,84.65,84.978,84.65,84.897,5752.5
2026-02-07 10:55:00+00:00,84.897,85.074,84.886,84.934,11025.1
2026-02-07 11:00:00+00:00,84.934,85.041,84.756,84.932,7117.2
2026-02-07 11:05:00+00:00,84.932,85.112,84.846,84.93,21493.0
2026-02-07 11:10:00+00:00,84.93,84.96,84.658,84.664,4481.6
2026-02-07 11:15:00+00:00,84.664,84.815,84.639,84.801,1820.7
2026-02-07 11:20:00+00:00,84.801,84.889,84.536,84.559,16969.9
2026-02-07 11:25:00+00:00,84.559,84.688,84.524,84.605,5463.6
2026-02-07 11:30:00+00:00,84.605,84.896,84.605,84.717,7816.2
2026-02-07 11:35:00+00:00,84.717,84.827,84.575,84.627,7933.1
2026-02-07 11:40:00+00:00,84.627,84.727,84.565,84.649,3034.0
2026-02-07 11:45:00+00:00,84.649,84.834,84.613,84.692,10773.6
2026-02-07 11:50:00+00:00,84.692,84.949,84.659,84.802,6744.2
2026-02-07 11:55:00+00:00,84.802,85.145,84.802,84.843,58995.2
2026-02-07 12:00:00+00:00,84.843,85.307,84.789,85.284,43834.7
2026-02-07 12:05:00+00:00,85.284,85.892,85.068,85.806,61709.0
2026-02-07 12:10:00+00:00,85.806,86.083,85.52,85.824,26200.3
2026-02-07 12:15:00+00:00,85.824,87.155,85.643,87.0,96952.1
2026-02-07 12:20:00+00:00,87.0,87.02,85.95,86.094,35382.8
2026-02-07 12:25:00+00:00,86.094,86.35,85.914,86.182,14703.5
2026-02-07 12:30:00+00:00,86.182,86.812,86.133,86.584,31244.3
2026-02-07 12:35:00+00:00,86.584,86.692,86.141,86.168,19645.5
2026-02-07 12:40:00+00:00,86.168,86.328,85.991,86.08,41770.3
2026-02-07 12:45:00+00:00,86.08,86.393,85.971,86.334,14499.8
2026-02-07 12:50:00+00:00,86.334,86.435,85.94,85.973,22061.1
2026-02-07 12:55:00+00:00,85.973,86.22,85.929,86.158,8650.6
2026-02-07 13:00:00+00:00,86.158,86.593,86.053,86.343,12044.1
2026-02-07 13:05:00+00:00,86.343,86.375,86.148,86.251,5170.7
2026-02-07 13:10:00+00:00,86.251,86.302,85.966,86.021,10205.8
2026-02-07 13:15:00+00:00,86.021,86.249,86.0,86.172,8903.7
2026-02-07 13:20:00+00:00,86.172,86.286,86.064,86.234,5911.5
2026-02-07 13:25:00+00:00,86.234,86.264,86.11,86.188,7001.2
2026-02-07 13:30:00+00:00,86.188,86.255,85.658,85.791,20515.6
2026-02-07 13:35:00+00:00,85.791,85.903,85.466,85.511,22986.3
2026-02-07 13:40:00+00:00,85.511,85.829,85.506,85.723,13754.5
2026-02-07 13:45:00+00:00,85.723,86.012,85.701,85.975,9263.9
2026-02-07 13:50:00+00:00,85.975,86.143,85.913,86.013,16054.8
2026-02-07 13:55:00+00:00,86.013,86.067,85.905,86.017,10158.3
2026-02-07 14:00:00+00:00,86.017,86.215,85.973,86.063,8412.2
2026-02-07 14:05:00+00:00,86.063,86.243,85.905,86.212,7991.9
2026-02-07 14:10:00+00:00,86.212,86.462,86.035,86.251,14154.5
2026-02-07 14:15:00+00:00,86.251,86.305,86.005,86.255,7851.9
2026-02-07 14:20:00+00:00,86.255,86.425,86.221,86.375,8118.7
2026-02-07 14:25:00+00:00,86.375,86.538,86.132,86.14,9255.9
2026-02-07 14:30:00+00:00,86.14,86.213,85.921,85.935,5260.7
2026-02-07 14:35:00+00:00,85.935,86.055,85.443,85.633,37035.0
2026-02-07 14:40:00+00:00,85.633,85.969,85.599,85.964,33655.9
2026-02-07 14:45:00+00:00,85.964,86.009,85.429,85.586,38834.6
2026-02-07 14:50:00+00:00,85.586,85.836,85.586,85.632,7958.4
2026-02-07 14:55:00+00:00,85.632,85.775,85.6,85.694,4205.6
2026-02-07 15:00:00+00:00,85.694,86.113,85.588,86.04,24329.5
2026-02-07 15:05:00+00:00,86.04,86.25,85.99,86.181,13872.0
2026-02-07 15:10:00+00:00,86.181,86.222,85.865,86.12,8090.2
2026-02-07 15:15:00+00:00,86.12,86.249,85.959,86.21,7879.7
2026-02-07 15:20:00+00:00,86.21,86.8,86.21,86.555,81292.4
2026-02-07 15:25:00+00:00,86.555,86.602,86.425,86.52,14142.5
2026-02-07 15:30:00+00:00,86.52,86.908,86.359,86.566,42155.7
2026-02-07 15:35:00+00:00,86.566,86.672,86.335,86.41,14990.0
2026-02-07 15:40:00+00:00,86.41,86.454,86.14,86.247,7981.8
2026-02-07 15:45:00+00:00,86.247,86.422,86.247,86.275,3554.0
2026-02-07 15:50:00+00:00,86.275,86.433,86.054,86.363,19956.1
2026-02-07 15:55:00+00:00,86.363,86.524,86.342,86.479,5470.9
2026-02-07 16:00:00+00:00,86.479,86.696,86.371,86.544,9948.2
2026-02-07 16:05:00+00:00,86.544,88.02,86.103,87.215,679823.1
2026-02-07 16:10:00+00:00,87.215,88.096,86.53,87.161,994254.5
2026-02-07 16:15:00+00:00,87.161,87.858,86.71,86.774,545231.7
2026-02-07 16:20:00+00:00,86.774,87.228,86.651,86.972,19659.0
2026-02-07 16:25:00+00:00,86.972,87.095,86.734,86.78,14239.9
2026-02-07 16:30:00+00:00,86.78,87.07,86.773,86.931,5844.8
2026-02-07 16:35:00+00:00,86.931,87.174,86.646,87.112,11030.3
2026-02-07 16:40:00+00:00,87.112,87.176,86.885,87.094,6553.8
2026-02-07 16:45:00+00:00,87.094,87.149,86.805,86.934,9266.9
2026-02-07 16:50:00+00:00,86.934,86.991,86.707,86.923,4884.0
2026-02-07 16:55:00+00:00,86.923,87.07,86.702,86.988,6138.5
2026-02-07 17:00:00+00:00,86.988,87.143,86.824,87.119,6700.7
2026-02-07 17:05:00+00:00,87.119,87.179,86.712,86.788,17677.4
2026-02-07 17:10:00+00:00,86.788,86.813,86.403,86.484,14201.6
2026-02-07 17:15:00+00:00,86.484,86.965,86.432,86.934,15771.5
2026-02-07 17:20:00+00:00,86.934,87.085,86.81,86.985,7370.5
2026-02-07 17:25:00+00:00,86.985,87.33,86.961,87.267,11911.2
2026-02-07 17:30:00+00:00,87.267,87.304,87.001,87.127,25981.7
2026-02-07 17:35:00+00:00,87.127,87.647,87.121,87.639,15485.3
2026-02-07 17:40:00+00:00,87.639,87.65,87.321,87.476,5767.4
2026-02-07 17:45:00+00:00,87.476,87.6,87.412,87.438,17258.9
2026-02-07 17:50:00+00:00,87.438,87.477,87.305,87.333,4105.5
2026-02-07 17:55:00+00:00,87.333,87.592,87.22,87.582,5941.4
2026-02-07 18:00:00+00:00,87.582,87.65,87.382,87.591,8425.5
2026-02-07 18:05:00+00:00,87.591,87.883,87.553,87.557,15325.0
2026-02-07 18:10:00+00:00,87.557,87.659,87.472,87.472,6580.8
2026-02-07 18:15:00+00:00,87.472,87.972,87.471,87.912,8195.1
2026-02-07 18:20:00+00:00,87.912,88.382,87.864,88.092,26049.3
2026-02-07 18:25:00+00:00,88.092,88.262,88.022,88.252,9691.5
2026-02-07 18:30:00+00:00,88.252,88.66,88.135,88.596,61395.9
2026-02-07 18:35:00+00:00,88.596,88.849,88.391,88.603,26264.1
2026-02-07 18:40:00+00:00,88.603,88.838,88.447,88.741,12566.6
2026-02-07 18:45:00+00:00,88.741,89.148,88.655,89.103,30714.2
2026-02-07 18:50:00+00:00,89.103,89.129,88.704,88.813,12766.4
2026-02-07 18:55:00+00:00,88.813,88.813,88.504,88.646,9238.6
2026-02-07 19:00:00+00:00,88.646,88.656,88.4,88.584,10562.8
2026-02-07 19:05:00+00:00,88.584,88.749,88.35,88.358,13526.1
2026-02-07 19:10:00+00:00,88.358,88.365,88.122,88.236,7365.1
2026-02-07 19:15:00+00:00,88.236,88.389,88.221,88.297,4340.3
2026-02-07 19:20:00+00:00,88.297,88.6,88.245,88.569,4700.2
2026-02-07 19:25:00+00:00,88.569,88.645,88.331,88.456,51921.4
2026-02-07 19:30:00+00:00,88.456,88.456,87.947,88.092,15487.4
2026-02-07 19:35:00+00:00,88.092,88.576,88.092,88.332,9114.4
2026-02-07 19:40:00+00:00,88.332,88.479,88.201,88.24,2740.3
2026-02-07 19:45:00+00:00,88.24,88.524,88.183,88.369,3932.1
2026-02-07 19:50:00+00:00,88.369,88.405,88.204,88.253,2184.1
2026-02-07 19:55:00+00:00,88.253,88.253,88.052,88.212,3154.5
2026-02-07 20:00:00+00:00,88.212,88.403,88.157,88.341,4933.5
2026-02-07 20:05:00+00:00,88.341,88.377,87.961,87.993,8668.8
2026-02-07 20:10:00+00:00,87.993,88.189,87.913,88.059,5422.5
2026-02-07 20:15:00+00:00,88.059,88.163,87.994,88.048,2545.2
2026-02-07 20:20:00+00:00,88.048,88.243,88.048,88.243,3598.8
2026-02-07 20:25:00+00:00,88.243,88.519,88.235,88.442,5917.1
2026-02-07 20:30:00+00:00,88.442,88.567,88.301,88.548,4968.0
2026-02-07 20:35:00+00:00,88.548,88.818,88.548,88.805,9287.6
2026-02-07 20:40:00+00:00,88.805,88.861,88.653,88.653,4101.0
2026-02-07 20:45:00+00:00,88.653,88.847,88.653,88.721,3228.7
2026-02-07 20:50:00+00:00,88.721,89.127,88.708,88.889,28396.9
2026-02-07 20:55:00+00:00,88.889,88.894,88.582,88.817,9011.0
2026-02-07 21:00:00+00:00,88.817,89.092,88.682,88.77,20693.3
2026-02-07 21:05:00+00:00,88.77,88.913,88.604,88.65,7799.2
2026-02-07 21:10:00+00:00,88.65,88.851,88.614,88.775,10067.9
2026-02-07 21:15:00+00:00,88.775,88.775,88.53,88.591,3272.4
2026-02-07 21:20:00+00:00,88.591,88.699,88.542,88.632,3709.2
2026-02-07 21:25:00+00:00,88.632,88.836,88.616,88.658,21865.7
2026-02-07 21:30:00+00:00,88.658,88.84,88.623,88.779,4211.4
2026-02-07 21:35:00+00:00,88.779,88.856,88.46,88.469,16379.9
2026-02-07 21:40:00+00:00,88.469,88.586,88.37,88.37,7734.9
2026-02-07 21:45:00+00:00,88.37,88.391,88.165,88.248,12563.9
2026-02-07 21:50:00+00:00,88.248,88.272,88.165,88.218,6222.9
2026-02-07 21:55:00+00:00,88.218,88.243,88.025,88.127,9541.5
2026-02-07 22:00:00+00:00,88.127,88.249,88.071,88.207,3341.6
2026-02-07 22:05:00+00:00,88.207,88.696,88.207,88.56,17787.3
2026-02-07 22:10:00+00:00,88.56,88.613,88.342,88.559,10326.4
2026-02-07 22:15:00+00:00,88.559,88.574,88.134,88.263,11029.6
2026-02-07 22:20:00+00:00,88.263,88.416,88.21,88.24,1906.3
2026-02-07 22:25:00+00:00,88.24,88.367,88.216,88.367,2070.8
2026-02-07 22:30:00+00:00,88.367,88.472,88.303,88.335,7238.9
2026-02-07 22:35:00+00:00,88.335,88.469,88.111,88.318,2882.9
2026-02-07 22:40:00+00:00,88.318,88.425,88.21,88.425,2156.4
2026-02-07 22:45:00+00:00,88.425,88.425,88.133,88.152,11988.9
2026-02-07 22:50:00+00:00,88.152,88.379,88.152,88.213,7539.0
2026-02-07 22:55:00+00:00,88.213,88.359,88.153,88.199,2357.0
2026-02-07 23:00:00+00:00,88.199,88.279,87.669,87.717,21579.5
2026-02-07 23:05:00+00:00,87.717,87.89,87.261,87.321,42883.0
2026-02-07 23:10:00+00:00,87.321,87.443,87.211,87.419,52075.0
2026-02-07 23:15:00+00:00,87.419,87.514,87.15,87.162,18960.9
2026-02-07 23:20:00+00:00,87.162,87.276,86.78,87.27,26615.3
2026-02-07 23:25:00+00:00,87.27,87.442,87.188,87.347,7832.3
2026-02-07 23:30:00+00:00,87.347,87.396,87.244,87.333,4136.9
2026-02-07 23:35:00+00:00,87.333,87.587,87.333,87.502,10016.0
2026-02-07 23:40:00+00:00,87.502,87.632,87.469,87.597,3156.4
2026-02-07 23:45:00+00:00,87.597,87.695,87.464,87.649,8002.6
2026-02-07 23:50:00+00:00,87.649,87.761,87.59,87.696,1859.3
2026-02-07 23:55:00+00:00,87.696,87.703,87.468,87.504,2465.9
2026-02-08 00:00:00+00:00,87.504,87.577,87.228,87.576,6182.4
2026-02-08 00:05:00+00:00,87.576,87.6,87.329,87.329,2100.0
2026-02-08 00:10:00+00:00,87.329,87.569,87.299,87.374,3352.7
2026-02-08 00:15:00+00:00,87.374,87.433,87.074,87.103,6969.5
2026-02-08 00:20:00+00:00,87.103,87.209,86.997,87.095,11240.0
2026-02-08 00:25:00+00:00,87.095,87.327,87.041,87.111,14875.3
2026-02-08 00:30:00+00:00,87.111,87.3,87.023,87.161,11089.4
2026-02-08 00:35:00+00:00,87.161,87.485,87.075,87.381,13317.9
2026-02-08 00:40:00+00:00,87.381,87.381,87.003,87.027,4372.3
2026-02-08 00:45:00+00:00,87.027,87.337,87.014,87.293,15632.5
2026-02-08 00:50:00+00:00,87.293,87.412,87.129,87.129,3383.3
2026-02-08 00:55:00+00:00,87.129,87.282,87.103,87.28,1393.3
2026-02-08 01:00:00+00:00,87.28,87.534,87.239,87.497,4332.0
2026-02-08 01:05:00+00:00,87.497,87.604,87.429,87.57,3198.6
2026-02-08 01:10:00+00:00,87.57,87.873,87.483,87.832,6603.0
2026-02-08 01:15:00+00:00,87.832,87.832,87.632,87.675,5673.8
2026-02-08 01:20:00+00:00,87.675,87.703,87.453,87.467,1900.3
2026-02-08 01:25:00+00:00,87.467,87.533,87.405,87.508,1725.4
2026-02-08 01:30:00+00:00,87.508,87.731,87.451,87.616,2738.0
2026-02-08 01:35:00+00:00,87.616,87.894,87.616,87.817,10292.4
2026-02-08 01:40:00+00:00,87.817,87.868,87.628,87.741,4193.9
2026-02-08 01:45:00+00:00,87.741,87.84,87.632,87.681,1977.0
2026-02-08 01:50:00+00:00,87.681,87.923,87.681,87.861,3651.9
2026-02-08 01:55:00+00:00,87.861,87.897,87.69,87.801,7569.4
2026-02-08 02:00:00+00:00,87.801,87.84,87.583,87.64,4366.9
2026-02-08 02:05:00+00:00,87.64,87.828,87.64,87.8,2125.2
2026-02-08 02:10:00+00:00,87.8,87.875,87.701,87.729,1606.3
2026-02-08 02:15:00+00:00,87.729,87.786,87.622,87.727,2593.5
2026-02-08 02:20:00+00:00,87.727,88.169,87.727,87.948,29608.5
2026-02-08 02:25:00+00:00,87.948,87.948,87.49,87.606,18350.0
2026-02-08 02:30:00+00:00,87.606,87.771,87.401,87.401,6210.0
2026-02-08 02:35:00+00:00,87.401,87.407,87.103,87.131,12392.1
2026-02-08 02:40:00+00:00,87.131,87.267,87.098,87.195,5568.9
2026-02-08 02:45:00+00:00,87.195,87.279,87.086,87.201,2060.1
2026-02-08 02:50:00+00:00,87.201,87.303,86.832,86.915,7814.2
2026-02-08 02:55:00+00:00,86.915,87.201,86.915,87.201,3022.2
2026-02-08 03:00:00+00:00,87.201,87.425,87.176,87.212,3049.5
2026-02-08 03:05:00+00:00,87.212,87.296,87.035,87.136,8754.6
2026-02-08 03:10:00+00:00,87.136,87.166,87.006,87.149,2974.2
2026-02-08 03:15:00+00:00,87.149,87.207,87.031,87.042,1707.9
2026-02-08 03:20:00+00:00,87.042,87.357,87.029,87.276,11458.2
2026-02-08 03:25:00+00:00,87.276,87.421,87.271,87.31,1848.3
2026-02-08 03:30:00+00:00,87.31,87.455,87.156,87.418,3402.8
2026-02-08 03:35:00+00:00,87.418,87.435,87.217,87.229,1104.7
2026-02-08 03:40:00+00:00,87.229,87.255,87.031,87.115,3229.0
2026-02-08 03:45:00+00:00,87.115,87.146,86.824,86.834,8847.7
2026-02-08 03:50:00+00:00,86.834,86.865,86.725,86.739,11095.0
2026-02-08 03:55:00+00:00,86.739,86.787,86.616,86.706,7099.6
2026-02-08 04:00:00+00:00,86.706,86.848,86.703,86.8,3803.5
2026-02-08 04:05:00+00:00,86.8,86.977,86.8,86.96,3512.1
2026-02-08 04:10:00+00:00,86.96,87.008,86.707,86.745,7804.4
2026-02-08 04:15:00+00:00,86.745,86.94,86.504,86.94,8262.4
2026-02-08 04:20:00+00:00,86.94,87.091,86.907,87.064,3443.1
2026-02-08 04:25:00+00:00,87.064,87.216,87.047,87.119,3127.2
2026-02-08 04:30:00+00:00,87.119,87.227,87.067,87.071,2819.0
2026-02-08 04:35:00+00:00,87.071,87.108,86.843,87.07,3450.4
2026-02-08 04:40:00+00:00,87.07,87.109,87.025,87.049,1552.9
2026-02-08 04:45:00+00:00,87.049,87.158,86.984,87.12,2090.7
2026-02-08 04:50:00+00:00,87.12,87.191,87.071,87.101,1113.7
2026-02-08 04:55:00+00:00,87.101,87.318,87.101,87.306,3663.9
2026-02-08 05:00:00+00:00,87.306,87.309,87.13,87.157,3329.4
2026-02-08 05:05:00+00:00,87.157,87.295,87.143,87.213,5658.2
2026-02-08 05:10:00+00:00,87.213,87.444,87.213,87.409,6509.2
2026-02-08 05:15:00+00:00,87.409,87.471,87.252,87.265,2984.8
2026-02-08 05:20:00+00:00,87.265,87.279,87.131,87.202,1939.1
2026-02-08 05:25:00+00:00,87.202,87.242,87.13,87.201,1538.2
2026-02-08 05:30:00+00:00,87.201,87.201,86.988,87.004,4189.8
2026-02-08 05:35:00+00:00,87.004,87.097,86.946,87.072,1677.7
2026-02-08 05:40:00+00:00,87.072,87.123,87.012,87.036,997.0
2026-02-08 05:45:00+00:00,87.036,87.137,87.014,87.104,3668.7
2026-02-08 05:50:00+00:00,87.104,87.107,87.014,87.085,1605.5
2026-02-08 05:55:00+00:00,87.085,87.2,87.085,87.189,1349.1
2026-02-08 06:00:00+00:00,87.189,87.214,86.946,86.956,4151.0
2026-02-08 06:05:00+00:00,86.956,87.044,86.835,86.963,3230.5
2026-02-08 06:10:00+00:00,86.963,87.272,86.948,87.244,9425.0
2026-02-08 06:15:00+00:00,87.244,87.402,87.07,87.397,9384.0
2026-02-08 06:20:00+00:00,87.397,87.434,87.313,87.381,3340.3
2026-02-08 06:25:00+00:00,87.381,87.393,87.279,87.338,3403.6
2026-02-08 06:30:00+00:00,87.338,87.338,87.175,87.175,2293.4
2026-02-08 06:35:00+00:00,87.175,87.312,87.175,87.255,1300.1
2026-02-08 06:40:00+00:00,87.255,87.276,87.079,87.131,3434.2
2026-02-08 06:45:00+00:00,87.131,87.277,87.085,87.127,2147.4
2026-02-08 06:50:00+00:00,87.127,87.148,87.001,87.101,2195.0
2026-02-08 06:55:00+00:00,87.101,87.171,87.004,87.073,1222.8
2026-02-08 07:00:00+00:00,87.073,87.198,86.94,86.976,3960.7
2026-02-08 07:05:00+00:00,86.976,87.129,86.805,86.83,6287.5
2026-02-08 07:10:00+00:00,86.83,87.067,86.704,86.972,7620.6
2026-02-08 07:15:00+00:00,86.972,87.065,86.855,86.86,4236.3
2026-02-08 07:20:00+00:00,86.86,86.86,86.6,86.804,6536.7
2026-02-08 07:25:00+00:00,86.804,86.925,86.804,86.834,4176.4
2026-02-08 07:30:00+00:00,86.834,87.029,86.664,86.995,8647.5
2026-02-08 07:35:00+00:00,86.995,87.087,86.881,86.945,3659.5
2026-02-08 07:40:00+00:00,86.945,86.958,86.8,86.897,2018.3
2026-02-08 07:45:00+00:00,86.897,87.074,86.877,87.04,2907.5
2026-02-08 07:50:00+00:00,87.04,87.156,87.004,87.148,2744.6
2026-02-08 07:55:00+00:00,87.148,87.338,87.107,87.334,16139.5
2026-02-08 08:00:00+00:00,87.334,87.623,87.149,87.48,10134.2
2026-02-08 08:05:00+00:00,87.48,87.48,87.236,87.264,7364.7
2026-02-08 08:10:00+00:00,87.264,87.264,87.075,87.135,3445.2
2026-02-08 08:15:00+00:00,87.135,87.157,86.847,86.904,6897.7
2026-02-08 08:20:00+00:00,86.904,87.74,86.904,87.734,32729.6
2026-02-08 08:25:00+00:00,87.734,88.087,87.566,87.815,48097.9
2026-02-08 08:30:00+00:00,87.815,88.766,87.576,88.652,46188.2
2026-02-08 08:35:00+00:00,88.652,88.75,88.276,88.367,31053.9
2026-02-08 08:40:00+00:00,88.367,88.425,88.23,88.254,11777.6
2026-02-08 08:45:00+00:00,88.254,88.508,88.105,88.467,22487.5
2026-02-08 08:50:00+00:00,88.467,88.506,88.178,88.386,33211.3
2026-02-08 08:55:00+00:00,88.386,88.674,88.309,88.551,14444.5
2026-02-08 09:00:00+00:00,88.551,88.604,88.319,88.409,7050.3
2026-02-08 09:05:00+00:00,88.409,88.951,88.37,88.653,16458.0
2026-02-08 09:10:00+00:00,88.653,88.653,88.243,88.352,18559.4
2026-02-08 09:15:00+00:00,88.352,88.48,88.201,88.379,4808.8
2026-02-08 09:20:00+00:00,88.379,88.566,88.276,88.448,5163.2
2026-02-08 09:25:00+00:00,88.448,88.473,88.315,88.33,2665.6
2026-02-08 09:30:00+00:00,88.33,88.581,88.164,88.174,14295.1
2026-02-08 09:35:00+00:00,88.174,88.174,87.669,87.918,53392.9
2026-02-08 09:40:00+00:00,87.918,87.992,87.535,87.552,8915.7
2026-02-08 09:45:00+00:00,87.552,87.775,87.514,87.633,5633.6
2026-02-08 09:50:00+00:00,87.633,87.688,87.45,87.666,7759.5
2026-02-08 09:55:00+00:00,87.666,87.776,87.513,87.513,4825.1
2026-02-08 10:00:00+00:00,87.513,87.911,87.513,87.768,25345.2
2026-02-08 10:05:00+00:00,87.768,88.06,87.724,87.832,20187.0
2026-02-08 10:10:00+00:00,87.832,87.89,87.65,87.714,13413.7
2026-02-08 10:15:00+00:00,87.714,87.902,87.67,87.742,2340.2
2026-02-08 10:20:00+00:00,87.742,87.851,86.685,86.86,75280.8
2026-02-08 10:25:00+00:00,86.86,86.86,86.352,86.56,44669.1
2026-02-08 10:30:00+00:00,86.56,86.682,86.397,86.619,46346.8
2026-02-08 10:35:00+00:00,86.619,86.923,86.595,86.853,6799.3
2026-02-08 10:40:00+00:00,86.853,86.885,86.752,86.834,3225.7
2026-02-08 10:45:00+00:00,86.834,87.0,86.718,86.933,10312.3
2026-02-08 10:50:00+00:00,86.933,87.055,86.844,86.916,4545.5
2026-02-08 10:55:00+00:00,86.916,86.916,86.754,86.819,16776.5
2026-02-08 11:00:00+00:00,86.819,87.116,86.689,87.057,5836.5
2026-02-08 11:05:00+00:00,87.057,87.22,87.019,87.047,12288.6
2026-02-08 11:10:00+00:00,87.047,87.393,86.889,87.368,17855.4
2026-02-08 11:15:00+00:00,87.368,87.779,87.241,87.336,32965.2
2026-02-08 11:20:00+00:00,87.336,87.402,87.213,87.295,13289.2
2026-02-08 11:25:00+00:00,87.295,87.536,87.228,87.481,11223.1
2026-02-08 11:30:00+00:00,87.481,88.22,87.428,87.941,56910.7
2026-02-08 11:35:00+00:00,87.941,88.148,87.823,87.985,44297.0
2026-02-08 11:40:00+00:00,87.985,88.061,87.841,87.957,18715.9
2026-02-08 11:45:00+00:00,87.957,88.113,87.85,87.954,6585.5
2026-02-08 11:50:00+00:00,87.954,88.26,87.937,88.2,51928.6
2026-02-08 11:55:00+00:00,88.2,88.223,88.013,88.171,7840.5
2026-02-08 12:00:00+00:00,88.171,88.25,87.923,88.153,9276.7
2026-02-08 12:05:00+00:00,88.153,88.216,87.908,87.957,16124.2
2026-02-08 12:10:00+00:00,87.957,87.996,87.73,87.795,10749.5
2026-02-08 12:15:00+00:00,87.795,87.979,87.708,87.776,5009.6
2026-02-08 12:20:00+00:00,87.776,87.846,87.616,87.697,13894.1
2026-02-08 12:25:00+00:00,87.697,88.084,87.687,88.08,11889.8
2026-02-08 12:30:00+00:00,88.08,88.107,87.858,87.858,5556.8
2026-02-08 12:35:00+00:00,87.858,88.295,87.805,88.016,6633.6
2026-02-08 12:40:00+00:00,88.016,88.029,87.604,87.707,16014.5
2026-02-08 12:45:00+00:00,87.707,88.065,87.624,88.019,7783.6
2026-02-08 12:50:00+00:00,88.019,88.089,87.897,87.984,9626.6
2026-02-08 12:55:00+00:00,87.984,88.15,87.909,88.077,11757.4
2026-02-08 13:00:00+00:00,88.077,88.308,87.875,87.957,33293.3
2026-02-08 13:05:00+00:00,87.957,87.968,87.688,87.953,40812.5
2026-02-08 13:10:00+00:00,87.953,88.109,87.911,87.948,14087.7
2026-02-08 13:15:00+00:00,87.948,88.448,87.885,88.427,12429.6
2026-02-08 13:20:00+00:00,88.427,88.785,88.315,88.737,33000.4
2026-02-08 13:25:00+00:00,88.737,88.818,88.359,88.565,87959.8
2026-02-08 13:30:00+00:00,88.565,88.631,88.34,88.362,16557.3
2026-02-08 13:35:00+00:00,88.362,88.49,88.139,88.303,27538.8
2026-02-08 13:40:00+00:00,88.303,88.473,88.181,88.213,28467.3
2026-02-08 13:45:00+00:00,88.213,88.38,88.145,88.195,15161.4
2026-02-08 13:50:00+00:00,88.195,88.391,88.176,88.351,3166.3
2026-02-08 13:55:00+00:00,88.351,88.502,88.243,88.501,30891.4
2026-02-08 14:00:00+00:00,88.501,88.688,88.38,88.521,16235.4
2026-02-08 14:05:00+00:00,88.521,88.615,88.289,88.309,5469.7
2026-02-08 14:10:00+00:00,88.309,88.474,88.264,88.316,11293.5
2026-02-08 14:15:00+00:00,88.316,88.438,88.008,88.03,11264.5
2026-02-08 14:20:00+00:00,88.03,88.154,87.965,88.091,15839.9
2026-02-08 14:25:00+00:00,88.091,88.297,88.079,88.209,5867.9
2026-02-08 14:30:00+00:00,88.209,88.44,88.201,88.401,5032.6
2026-02-08 14:35:00+00:00,88.401,88.438,88.291,88.405,3950.6
2026-02-08 14:40:00+00:00,88.405,88.405,88.141,88.241,7571.0
2026-02-08 14:45:00+00:00,88.241,88.398,88.176,88.235,4168.2
2026-02-08 14:50:00+00:00,88.235,88.409,88.205,88.309,7848.6
2026-02-08 14:55:00+00:00,88.309,88.397,88.173,88.397,2152.8
2026-02-08 15:00:00+00:00,88.397,88.712,88.251,88.397,24515.3
2026-02-08 15:05:00+00:00,88.397,88.635,88.373,88.489,31820.4
2026-02-08 15:10:00+00:00,88.489,88.632,88.387,88.499,17373.2
2026-02-08 15:15:00+00:00,88.499,88.511,88.328,88.474,31307.5
2026-02-08 15:20:00+00:00,88.474,88.695,88.268,88.346,26964.7
2026-02-08 15:25:00+00:00,88.346,88.385,87.274,87.491,58270.9
2026-02-08 15:30:00+00:00,87.491,87.773,87.408,87.699,18085.0
2026-02-08 15:35:00+00:00,87.699,87.818,87.46,87.685,11627.7
2026-02-08 15:40:00+00:00,87.685,87.884,87.617,87.744,20960.0
2026-02-08 15:45:00+00:00,87.744,87.8,87.372,87.398,5626.5
2026-02-08 15:50:00+00:00,87.398,87.667,87.332,87.629,5347.2
2026-02-08 15:55:00+00:00,87.629,87.799,87.613,87.717,22147.4
2026-02-08 16:00:00+00:00,87.717,87.811,87.401,87.811,4357.7
2026-02-08 16:05:00+00:00,87.811,87.849,87.423,87.464,5813.0
2026-02-08 16:10:00+00:00,87.464,87.54,87.294,87.315,8744.9
2026-02-08 16:20:00+00:00,87.578,87.741,87.5,87.543,5608.3
2026-02-08 16:25:00+00:00,87.543,87.715,87.494,87.531,2442.4
2026-02-08 16:30:00+00:00,87.531,87.532,87.344,87.344,5736.1
2026-02-08 16:35:00+00:00,87.344,87.418,86.77,86.824,40451.4
2026-02-08 16:40:00+00:00,86.824,86.844,86.43,86.594,57638.0
2026-02-08 16:45:00+00:00,86.594,86.703,85.944,85.997,37998.0
2026-02-08 16:50:00+00:00,85.997,86.231,85.672,85.908,56018.5
2026-02-08 16:55:00+00:00,85.908,86.267,85.908,86.134,14336.7
2026-02-08 17:00:00+00:00,86.134,86.605,86.096,86.551,16819.6
2026-02-08 17:05:00+00:00,86.551,86.79,86.504,86.778,14084.4
2026-02-08 17:10:00+00:00,86.778,86.783,86.592,86.595,6593.9
2026-02-08 17:15:00+00:00,86.595,87.055,86.562,86.815,27587.9
2026-02-08 17:20:00+00:00,86.815,86.903,86.4,86.454,16256.6
2026-02-08 17:25:00+00:00,86.454,86.665,86.429,86.548,5006.1
2026-02-08 17:30:00+00:00,86.548,86.795,86.545,86.79,6670.5
2026-02-08 17:35:00+00:00,86.79,86.995,86.762,86.863,16292.5
2026-02-08 17:40:00+00:00,86.863,86.957,86.745,86.899,2275.5
2026-02-08 17:45:00+00:00,86.899,86.908,86.742,86.802,3049.5
2026-02-08 17:50:00+00:00,86.802,86.993,86.657,86.723,7354.0
2026-02-08 17:55:00+00:00,86.723,86.919,86.723,86.87,2102.9
2026-02-08 18:00:00+00:00,86.87,87.355,86.844,87.256,17467.5
2026-02-08 18:05:00+00:00,87.256,87.333,87.14,87.305,7345.2
2026-02-08 18:10:00+00:00,87.305,87.337,87.212,87.213,4529.6
2026-02-08 18:15:00+00:00,87.213,87.54,87.157,87.284,13821.6
2026-02-08 18:20:00+00:00,87.284,87.37,87.138,87.249,4785.6
2026-02-08 18:25:00+00:00,87.249,87.448,87.2,87.372,4032.5
2026-02-08 18:30:00+00:00,87.372,88.131,87.368,88.124,33556.9
2026-02-08 18:35:00+00:00,88.124,88.541,88.002,88.18,23252.4
2026-02-08 18:40:00+00:00,88.18,88.265,88.012,88.168,6087.1
2026-02-08 18:45:00+00:00,88.168,88.388,88.08,88.099,7673.8
2026-02-08 18:50:00+00:00,88.099,88.137,87.822,87.904,13819.6
2026-02-08 18:55:00+00:00,87.904,87.948,87.752,87.77,5999.0
2026-02-08 19:00:00+00:00,87.77,88.03,87.726,87.772,4401.1
2026-02-08 19:05:00+00:00,87.772,87.978,87.772,87.955,4155.1
2026-02-08 19:10:00+00:00,87.955,88.092,87.758,87.94,9157.2
2026-02-08 19:15:00+00:00,87.94,88.169,87.935,87.951,6104.6
2026-02-08 19:20:00+00:00,87.951,88.174,87.947,88.064,12401.4
2026-02-08 19:25:00+00:00,88.064,88.1,87.877,87.877,2262.3
2026-02-08 19:30:00+00:00,87.877,88.092,87.877,87.967,3128.4
2026-02-08 19:35:00+00:00,87.967,88.274,87.967,88.168,2374.1
2026-02-08 19:40:00+00:00,88.168,88.273,88.051,88.191,2823.6
2026-02-08 19:45:00+00:00,88.191,88.232,87.992,88.156,1984.9
2026-02-08 19:50:00+00:00,88.156,88.52,88.128,88.39,71275.8
2026-02-08 19:55:00+00:00,88.39,88.487,88.256,88.325,4285.3
2026-02-08 20:00:00+00:00,88.325,88.336,87.389,87.493,19827.4
2026-02-08 20:05:00+00:00,87.493,87.627,87.397,87.495,7030.8
2026-02-08 20:10:00+00:00,87.495,87.586,87.472,87.55,2760.9
2026-02-08 20:15:00+00:00,87.55,87.776,87.5,87.715,8283.4
2026-02-08 20:20:00+00:00,87.715,87.744,87.3,87.39,10042.2
2026-02-08 20:25:00+00:00,87.39,87.417,87.16,87.298,8365.2
2026-02-08 20:30:00+00:00,87.298,87.46,87.248,87.412,3097.7
2026-02-08 20:35:00+00:00,87.412,87.5,87.389,87.421,4513.3
2026-02-08 20:40:00+00:00,87.421,87.519,87.345,87.355,2075.1
2026-02-08 20:45:00+00:00,87.355,87.44,86.965,86.996,33380.9
2026-02-08 20:50:00+00:00,86.996,87.082,86.71,86.742,12785.9
2026-02-08 20:55:00+00:00,86.742,86.845,86.709,86.845,4211.9
2026-02-08 21:00:00+00:00,86.845,87.06,86.668,87.005,17308.2
2026-02-08 21:05:00+00:00,87.005,87.075,86.947,87.039,7163.8
2026-02-08 21:10:00+00:00,87.039,87.211,86.937,87.11,7401.0
2026-02-08 21:15:00+00:00,87.11,87.254,87.085,87.187,6763.1
2026-02-08 21:20:00+00:00,87.187,87.293,87.051,87.235,8868.4
2026-02-08 21:25:00+00:00,87.235,87.281,87.061,87.061,2775.5
2026-02-08 21:30:00+00:00,87.061,87.124,86.634,86.769,17587.6
2026-02-08 21:35:00+00:00,86.769,86.769,86.195,86.306,38138.2
2026-02-08 21:40:00+00:00,86.306,86.436,86.274,86.341,14227.6
2026-02-08 21:45:00+00:00,86.341,86.612,86.339,86.453,8999.3
2026-02-08 21:50:00+00:00,86.453,86.47,86.167,86.396,10321.8
2026-02-08 21:55:00+00:00,86.396,86.622,86.394,86.545,4808.2
2026-02-08 22:00:00+00:00,86.545,86.746,86.5,86.725,4148.6
2026-02-08 22:05:00+00:00,86.725,86.868,86.684,86.687,14112.7
2026-02-08 22:10:00+00:00,86.687,86.836,86.601,86.785,17262.4
2026-02-08 22:15:00+00:00,86.785,87.021,86.746,86.973,25991.8
2026-02-08 22:20:00+00:00,86.973,87.079,86.826,86.955,5841.2
2026-02-08 22:25:00+00:00,86.955,86.998,86.634,86.66,3434.9
2026-02-08 22:30:00+00:00,86.66,86.768,86.593,86.742,3135.0
2026-02-08 22:35:00+00:00,86.742,86.865,86.381,86.656,9466.8
2026-02-08 22:40:00+00:00,86.656,86.976,86.565,86.833,10811.2
2026-02-08 22:45:00+00:00,86.833,86.997,86.795,86.954,2089.3
2026-02-08 22:50:00+00:00,86.954,87.0,86.819,86.867,6967.7
2026-02-08 22:55:00+00:00,86.867,87.204,86.824,87.078,5339.8
2026-02-08 23:00:00+00:00,87.078,88.0,87.052,87.942,19228.2
2026-02-08 23:05:00+00:00,87.942,89.0,87.844,88.497,140124.2
2026-02-08 23:10:00+00:00,88.497,88.521,87.462,87.912,30479.2
2026-02-08 23:15:00+00:00,87.912,88.147,87.463,87.595,16649.3
2026-02-08 23:20:00+00:00,87.595,87.799,86.407,86.455,59380.6
2026-02-08 23:25:00+00:00,86.455,87.017,86.427,86.567,46602.7
2026-02-08 23:30:00+00:00,86.567,86.834,86.228,86.263,18936.8
2026-02-08 23:35:00+00:00,86.263,86.575,86.0,86.351,44613.3
2026-02-08 23:40:00+00:00,86.351,86.788,86.239,86.767,15080.5
2026-02-08 23:45:00+00:00,86.767,87.284,86.678,87.28,26313.6
2026-02-08 23:50:00+00:00,87.28,87.531,87.133,87.19,26559.9
2026-02-08 23:55:00+00:00,87.19,87.233,86.79,86.911,13970.9
2026-02-09 00:00:00+00:00,86.911,87.128,86.443,86.767,20065.4
2026-02-09 00:05:00+00:00,86.767,87.017,86.601,86.945,8713.8
2026-02-09 00:10:00+00:00,86.945,87.061,86.706,87.046,4918.9
2026-02-09 00:15:00+00:00,87.046,87.146,86.606,86.885,6499.1
2026-02-09 00:20:00+00:00,86.885,87.284,86.87,87.251,6018.4
2026-02-09 00:25:00+00:00,87.251,87.401,86.752,86.854,12710.9
2026-02-09 00:30:00+00:00,86.854,87.011,86.535,86.927,5415.0
2026-02-09 00:35:00+00:00,86.927,86.948,86.553,86.75,3462.2
2026-02-09 00:40:00+00:00,86.75,86.787,86.308,86.541,5383.0
2026-02-09 00:45:00+00:00,86.541,86.942,86.337,86.917,6313.4
2026-02-09 00:50:00+00:00,86.917,87.08,86.808,86.896,4852.5
2026-02-09 00:55:00+00:00,86.896,87.087,86.819,86.988,10409.0
2026-02-09 01:00:00+00:00,86.988,87.25,86.859,86.998,3668.6
2026-02-09 01:05:00+00:00,86.998,86.998,86.603,86.904,4873.6
2026-02-09 01:10:00+00:00,86.904,86.909,86.697,86.766,5209.9
2026-02-09 01:15:00+00:00,86.766,87.191,86.603,87.182,4711.5
2026-02-09 01:20:00+00:00,87.182,87.907,87.136,87.747,24590.7
2026-02-09 01:25:00+00:00,87.747,87.85,87.321,87.375,7417.1
2026-02-09 01:30:00+00:00,87.375,87.425,87.106,87.169,10040.1
2026-02-09 01:35:00+00:00,87.169,87.169,86.549,86.572,17394.1
2026-02-09 01:40:00+00:00,86.572,86.615,85.686,86.183,145547.2
2026-02-09 01:45:00+00:00,86.183,86.403,85.873,85.879,16120.6
2026-02-09 01:50:00+00:00,85.879,86.528,85.829,86.352,71561.6
2026-02-09 01:55:00+00:00,86.352,86.417,86.173,86.341,3196.4
2026-02-09 02:00:00+00:00,86.341,86.493,86.12,86.485,4803.4
2026-02-09 02:05:00+00:00,86.485,86.79,86.226,86.528,14318.3
2026-02-09 02:10:00+00:00,86.528,86.71,86.423,86.487,3516.1
2026-02-09 02:15:00+00:00,86.487,86.597,86.389,86.435,3019.7
2026-02-09 02:20:00+00:00,86.435,86.637,86.372,86.492,4372.5
2026-02-09 02:25:00+00:00,86.492,86.641,86.374,86.604,2340.2
2026-02-09 02:30:00+00:00,86.604,86.774,86.507,86.596,3644.3
2026-02-09 02:35:00+00:00,86.596,86.927,86.596,86.868,19287.4
2026-02-09 02:40:00+00:00,86.868,87.813,86.807,87.502,110746.5
2026-02-09 02:45:00+00:00,87.502,87.57,87.284,87.381,9067.8
2026-02-09 02:50:00+00:00,87.381,87.391,86.981,87.034,9863.7
2026-02-09 02:55:00+00:00,87.034,87.103,86.916,86.958,4202.8
2026-02-09 03:00:00+00:00,86.958,87.166,86.908,87.099,3533.4
2026-02-09 03:05:00+00:00,87.099,87.24,86.929,86.973,2929.1
2026-02-09 03:10:00+00:00,86.973,87.03,86.781,86.873,3232.8
2026-02-09 03:15:00+00:00,86.873,87.256,86.873,87.071,12909.2
2026-02-09 03:20:00+00:00,87.071,87.16,86.859,86.904,9284.1
2026-02-09 03:25:00+00:00,86.904,87.075,86.904,87.075,1386.5
2026-02-09 03:30:00+00:00,87.075,87.559,87.075,87.419,23077.5
2026-02-09 03:35:00+00:00,87.419,87.551,87.3,87.551,8912.5
2026-02-09 03:40:00+00:00,87.551,87.84,87.42,87.588,39530.3
2026-02-09 03:45:00+00:00,87.588,87.691,87.469,87.543,22192.4
2026-02-09 03:50:00+00:00,87.543,87.84,87.392,87.76,9488.4
2026-02-09 03:55:00+00:00,87.76,87.852,87.431,87.625,11684.2
2026-02-09 04:00:00+00:00,87.625,87.662,87.336,87.341,5254.0
2026-02-09 04:05:00+00:00,87.341,87.444,87.286,87.335,5397.6
2026-02-09 04:10:00+00:00,87.335,87.363,87.149,87.195,7586.7
2026-02-09 04:15:00+00:00,87.195,87.452,87.155,87.42,8519.4
2026-02-09 04:20:00+00:00,87.42,87.569,87.343,87.488,3184.2
2026-02-09 04:25:00+00:00,87.488,87.548,87.426,87.508,5126.9
2026-02-09 04:30:00+00:00,87.508,87.508,87.206,87.214,4821.0
2026-02-09 04:35:00+00:00,87.214,87.259,86.911,86.984,12013.3
2026-02-09 04:40:00+00:00,86.984,87.083,86.914,87.04,2562.3
2026-02-09 04:45:00+00:00,87.04,87.154,86.969,87.039,3302.4
2026-02-09 04:50:00+00:00,87.039,87.06,86.9,86.9,4734.6
2026-02-09 04:55:00+00:00,86.9,87.164,86.9,87.045,4680.8
2026-02-09 05:00:00+00:00,87.045,87.061,86.808,86.973,3983.3
2026-02-09 05:05:00+00:00,86.973,87.182,86.951,87.04,5552.5
2026-02-09 05:10:00+00:00,87.04,87.126,86.857,86.875,2946.4
2026-02-09 05:15:00+00:00,86.875,87.062,86.831,86.853,2081.2
2026-02-09 05:20:00+00:00,86.853,87.058,86.841,87.0,2982.1
2026-02-09 05:25:00+00:00,87.0,87.115,86.948,87.05,9734.3
2026-02-09 05:30:00+00:00,87.05,87.241,87.016,87.227,3080.2
2026-02-09 05:35:00+00:00,87.227,87.399,87.151,87.165,4157.4
2026-02-09 05:40:00+00:00,87.165,87.18,87.092,87.136,3048.6
2026-02-09 05:45:00+00:00,87.136,87.144,86.964,87.073,12471.5
2026-02-09 05:50:00+00:00,87.073,87.321,87.073,87.228,5842.6
2026-02-09 05:55:00+00:00,87.228,87.228,87.108,87.184,11008.1
2026-02-09 06:00:00+00:00,87.184,87.189,86.575,86.666,19974.8
2026-02-09 06:05:00+00:00,86.666,86.714,86.457,86.584,5353.9
2026-02-09 06:10:00+00:00,86.584,86.712,86.497,86.597,4490.4
2026-02-09 06:15:00+00:00,86.597,86.597,86.051,86.081,18908.7
2026-02-09 06:20:00+00:00,86.081,86.176,85.89,86.005,11651.2
2026-02-09 06:25:00+00:00,86.005,86.141,85.918,86.045,7744.2
2026-02-09 06:30:00+00:00,86.045,86.218,85.99,86.142,11645.1
2026-02-09 06:35:00+00:00,86.142,86.378,86.121,86.296,4707.8
2026-02-09 06:40:00+00:00,86.296,86.381,86.19,86.318,8563.1
2026-02-09 06:45:00+00:00,86.318,86.368,86.247,86.29,3953.6
2026-02-09 06:50:00+00:00,86.29,86.425,86.249,86.408,3242.6
2026-02-09 06:55:00+00:00,86.408,86.506,86.352,86.389,2568.8
2026-02-09 07:00:00+00:00,86.389,86.389,86.013,86.098,7485.3
2026-02-09 07:05:00+00:00,86.098,86.369,85.96,86.292,6064.1
2026-02-09 07:10:00+00:00,86.292,86.509,86.292,86.402,7965.8
2026-02-09 07:15:00+00:00,86.402,86.487,86.233,86.451,3236.0
2026-02-09 07:20:00+00:00,86.451,86.517,86.27,86.385,2451.7
2026-02-09 07:25:00+00:00,86.385,86.404,86.274,86.3,3464.3
2026-02-09 07:30:00+00:00,86.3,86.377,86.075,86.188,5287.1
2026-02-09 07:35:00+00:00,86.188,86.25,85.673,85.757,104167.2
2026-02-09 07:40:00+00:00,85.757,85.815,85.304,85.373,48785.6
2026-02-09 07:45:00+00:00,85.373,85.437,85.127,85.316,50594.3
2026-02-09 07:50:00+00:00,85.316,85.53,85.293,85.461,9033.5
2026-02-09 07:55:00+00:00,85.461,85.528,85.41,85.432,5735.9
2026-02-09 08:00:00+00:00,85.432,85.545,85.256,85.383,7221.0
2026-02-09 08:05:00+00:00,85.383,85.522,85.217,85.402,14400.3
2026-02-09 08:10:00+00:00,85.402,85.572,85.299,85.378,18713.3
2026-02-09 08:15:00+00:00,85.378,85.427,84.845,84.897,34720.9
2026-02-09 08:20:00+00:00,84.897,85.008,84.725,84.927,71886.7
2026-02-09 08:25:00+00:00,84.927,84.927,84.608,84.686,16232.1
2026-02-09 08:30:00+00:00,84.686,84.698,83.769,84.147,79604.9
2026-02-09 08:35:00+00:00,84.147,84.503,84.138,84.485,24747.2
2026-02-09 08:40:00+00:00,84.485,84.594,84.356,84.492,11581.0
2026-02-09 08:45:00+00:00,84.492,84.652,84.4,84.498,15938.7
2026-02-09 08:50:00+00:00,84.498,84.585,84.308,84.507,7110.8
2026-02-09 08:55:00+00:00,84.507,84.752,84.466,84.501,16155.6
2026-02-09 09:00:00+00:00,84.501,84.739,84.484,84.6,6235.7
2026-02-09 09:05:00+00:00,84.6,84.872,84.596,84.705,10401.2
2026-02-09 09:10:00+00:00,84.705,84.744,84.478,84.478,16912.3
2026-02-09 09:15:00+00:00,84.478,84.575,84.238,84.362,15122.0
2026-02-09 09:20:00+00:00,84.362,84.508,84.27,84.356,7905.1
2026-02-09 09:25:00+00:00,84.356,84.626,84.356,84.521,6656.7
2026-02-09 09:30:00+00:00,84.521,84.586,84.239,84.427,3818.4
2026-02-09 09:35:00+00:00,84.427,84.484,84.032,84.06,34074.0
2026-02-09 09:40:00+00:00,84.06,84.099,83.959,84.051,13535.0
2026-02-09 09:45:00+00:00,84.051,84.173,83.96,84.073,8226.9
2026-02-09 09:50:00+00:00,84.073,84.085,83.88,84.054,7072.3
2026-02-09 09:55:00+00:00,84.054,84.276,83.953,84.258,7215.5
2026-02-09 10:00:00+00:00,84.258,84.319,84.027,84.046,9104.5
2026-02-09 10:05:00+00:00,84.046,84.289,83.982,84.278,9164.3
2026-02-09 10:10:00+00:00,84.278,84.424,84.079,84.079,5045.9
2026-02-09 10:15:00+00:00,84.079,84.132,83.623,83.742,28279.8
2026-02-09 10:20:00+00:00,83.742,83.861,83.627,83.703,19637.5
2026-02-09 10:25:00+00:00,83.703,83.778,83.51,83.669,28232.5
2026-02-09 10:30:00+00:00,83.669,83.739,83.086,83.221,71608.0
2026-02-09 10:35:00+00:00,83.221,83.393,82.969,83.142,42660.3
2026-02-09 10:40:00+00:00,83.142,83.288,82.817,82.992,43797.0
2026-02-09 10:45:00+00:00,82.992,83.231,82.803,82.911,19863.4
2026-02-09 10:50:00+00:00,82.911,83.302,82.911,83.223,15598.4
2026-02-09 10:55:00+00:00,83.223,83.297,83.159,83.169,10171.3
2026-02-09 11:00:00+00:00,83.169,83.689,83.169,83.517,30773.9
2026-02-09 11:05:00+00:00,83.517,83.586,83.381,83.495,10552.9
2026-02-09 11:10:00+00:00,83.495,83.495,83.221,83.239,13346.5
2026-02-09 11:15:00+00:00,83.239,83.474,83.17,83.185,14288.8
2026-02-09 11:20:00+00:00,83.185,83.468,83.17,83.387,6654.5
2026-02-09 11:25:00+00:00,83.387,83.585,83.375,83.42,12645.2
2026-02-09 11:30:00+00:00,83.42,83.62,83.298,83.4,14291.3
2026-02-09 11:35:00+00:00,83.4,83.52,83.358,83.491,9427.7
2026-02-09 11:40:00+00:00,83.491,83.613,83.361,83.376,6753.4
2026-02-09 11:45:00+00:00,83.376,83.5,83.216,83.323,15154.6
2026-02-09 11:50:00+00:00,83.323,83.417,83.2,83.386,9171.0
2026-02-09 11:55:00+00:00,83.386,83.428,83.301,83.428,3275.4
2026-02-09 12:00:00+00:00,83.428,83.732,83.382,83.707,23845.3
2026-02-09 12:05:00+00:00,83.707,83.853,83.591,83.829,9862.7
2026-02-09 12:10:00+00:00,83.829,83.95,83.73,83.861,21435.9
2026-02-09 12:15:00+00:00,83.861,83.861,83.678,83.783,23409.9
2026-02-09 12:20:00+00:00,83.783,83.791,83.701,83.753,6343.1
2026-02-09 12:25:00+00:00,83.753,83.789,83.673,83.749,6059.9
2026-02-09 12:30:00+00:00,83.749,83.941,83.699,83.825,12365.9
2026-02-09 12:35:00+00:00,83.825,84.141,83.824,84.084,23190.5
2026-02-09 12:40:00+00:00,84.084,84.335,84.084,84.256,39373.2
2026-02-09 12:45:00+00:00,84.256,84.3,84.104,84.106,9724.4
2026-02-09 12:50:00+00:00,84.106,84.12,83.936,83.979,7304.4
2026-02-09 12:55:00+00:00,83.979,84.023,83.858,84.005,16158.9
2026-02-09 13:00:00+00:00,84.005,84.066,83.856,83.919,11170.7
2026-02-09 13:05:00+00:00,83.919,84.269,83.854,84.208,12819.2
2026-02-09 13:10:00+00:00,84.208,84.58,84.18,84.405,60093.1
2026-02-09 13:15:00+00:00,84.405,84.42,84.16,84.37,9094.4
2026-02-09 13:20:00+00:00,84.37,84.56,84.316,84.495,15498.7
2026-02-09 13:25:00+00:00,84.495,84.5,84.337,84.424,9335.7
2026-02-09 13:30:00+00:00,84.424,84.424,84.047,84.076,21649.0
2026-02-09 13:35:00+00:00,84.076,84.242,84.012,84.242,8629.2
2026-02-09 13:40:00+00:00,84.242,84.253,84.022,84.087,3898.3
2026-02-09 13:45:00+00:00,84.087,84.203,83.931,83.973,14094.7
2026-02-09 13:50:00+00:00,83.973,84.051,83.78,83.812,40764.2
2026-02-09 13:55:00+00:00,83.812,83.868,83.677,83.705,13343.3
2026-02-09 14:00:00+00:00,83.705,84.038,83.692,83.761,12100.5
2026-02-09 14:05:00+00:00,83.761,83.88,83.502,83.715,19083.6
2026-02-09 14:10:00+00:00,83.715,83.852,83.548,83.786,15696.3
2026-02-09 14:15:00+00:00,83.786,83.913,83.558,83.745,6829.8
2026-02-09 14:20:00+00:00,83.745,83.958,83.701,83.853,12151.6
2026-02-09 14:25:00+00:00,83.853,84.143,83.841,83.881,40679.1
2026-02-09 14:30:00+00:00,83.881,83.969,83.54,83.78,27242.9
2026-02-09 14:35:00+00:00,83.78,84.74,83.546,84.662,41567.6
2026-02-09 14:40:00+00:00,84.662,85.193,84.538,84.557,96742.3
2026-02-09 14:45:00+00:00,84.557,84.945,84.477,84.897,20803.5
2026-02-09 14:50:00+00:00,84.897,85.064,84.676,84.963,18172.2
2026-02-09 14:55:00+00:00,84.963,85.086,84.683,84.902,11788.2
2026-02-09 15:00:00+00:00,84.902,85.657,84.881,85.641,78535.1
2026-02-09 15:05:00+00:00,85.641,85.765,85.224,85.317,56859.4
2026-02-09 15:10:00+00:00,85.317,85.348,84.902,85.049,39798.4
2026-02-09 15:15:00+00:00,85.049,85.317,84.645,84.726,45352.9
2026-02-09 15:20:00+00:00,84.726,84.726,84.381,84.448,61641.1
2026-02-09 15:25:00+00:00,84.448,84.591,84.241,84.394,29485.7
2026-02-09 15:30:00+00:00,84.394,84.689,84.326,84.669,15297.4
2026-02-09 15:35:00+00:00,84.669,85.543,84.666,85.374,46493.0
2026-02-09 15:40:00+00:00,85.374,85.718,85.311,85.52,28266.0
2026-02-09 15:45:00+00:00,85.52,85.651,85.181,85.386,24813.5
2026-02-09 15:50:00+00:00,85.386,85.386,84.942,85.266,17954.4
2026-02-09 15:55:00+00:00,85.266,85.447,85.121,85.204,14822.2
2026-02-09 16:00:00+00:00,85.204,85.428,85.017,85.141,11583.1
2026-02-09 16:05:00+00:00,85.141,85.18,84.744,84.858,17566.4
2026-02-09 16:10:00+00:00,84.858,85.055,84.762,84.874,9842.3
2026-02-09 16:15:00+00:00,84.874,85.169,84.793,84.909,15460.9
2026-02-09 16:20:00+00:00,84.909,85.34,84.881,85.288,9740.5
2026-02-09 16:25:00+00:00,85.288,85.489,85.138,85.418,9710.8
2026-02-09 16:30:00+00:00,85.418,85.5,85.138,85.195,9090.2
2026-02-09 16:35:00+00:00,85.195,85.342,85.068,85.21,9867.9
2026-02-09 16:40:00+00:00,85.21,86.129,85.148,85.972,57985.4
2026-02-09 16:45:00+00:00,85.972,86.834,85.947,86.341,109692.0
2026-02-09 16:50:00+00:00,86.341,86.384,85.908,86.15,32826.1
2026-02-09 16:55:00+00:00,86.15,86.326,86.0,86.029,13980.4
2026-02-09 17:00:00+00:00,86.029,86.36,85.973,86.141,11533.7
2026-02-09 17:05:00+00:00,86.141,86.2,85.733,85.876,44767.1
2026-02-09 17:10:00+00:00,85.876,85.975,85.581,85.691,9572.5
2026-02-09 17:15:00+00:00,85.691,86.225,85.674,86.099,8916.6
2026-02-09 17:20:00+00:00,86.099,86.222,86.053,86.108,7892.0
2026-02-09 17:25:00+00:00,86.108,86.482,85.948,86.48,13064.8
2026-02-09 17:30:00+00:00,86.48,87.16,86.39,86.894,44639.2
2026-02-09 17:35:00+00:00,86.894,87.783,86.834,87.716,181201.8
2026-02-09 17:40:00+00:00,87.716,88.0,87.373,87.799,73681.9
2026-02-09 17:45:00+00:00,87.799,87.874,87.391,87.611,22098.6
2026-02-09 17:50:00+00:00,87.611,87.713,87.515,87.635,11531.6
2026-02-09 17:55:00+00:00,87.635,88.06,87.635,87.708,15369.0
2026-02-09 18:00:00+00:00,87.708,88.513,87.642,88.353,57197.5
2026-02-09 18:05:00+00:00,88.353,88.65,88.235,88.421,36410.0
2026-02-09 18:10:00+00:00,88.421,88.472,87.884,87.949,17673.8
2026-02-09 18:15:00+00:00,87.949,88.261,87.693,87.839,13219.3
2026-02-09 18:20:00+00:00,87.839,87.948,87.063,87.31,72797.3
2026-02-09 18:25:00+00:00,87.31,87.374,86.989,87.306,20953.3
2026-02-09 18:30:00+00:00,87.306,87.815,87.131,87.651,32125.9
2026-02-09 18:35:00+00:00,87.651,87.858,87.447,87.518,15714.6
2026-02-09 18:40:00+00:00,87.518,87.705,87.337,87.654,6786.0
2026-02-09 18:45:00+00:00,87.654,87.954,87.473,87.545,11027.4
2026-02-09 18:50:00+00:00,87.545,87.654,87.15,87.258,9668.1
2026-02-09 18:55:00+00:00,87.258,87.446,87.178,87.446,5621.1
2026-02-09 19:00:00+00:00,87.446,87.524,87.093,87.36,5038.8
2026-02-09 19:05:00+00:00,87.36,87.407,87.145,87.271,7020.3
2026-02-09 19:10:00+00:00,87.271,87.441,87.103,87.426,5444.4
2026-02-09 19:15:00+00:00,87.426,87.668,87.28,87.364,7460.2
2026-02-09 19:20:00+00:00,87.364,87.459,87.138,87.408,9764.8
2026-02-09 19:25:00+00:00,87.408,87.489,87.309,87.471,6513.2
2026-02-09 19:30:00+00:00,87.471,87.993,87.411,87.806,10241.6
2026-02-09 19:35:00+00:00,87.806,88.183,87.748,87.999,33262.8
2026-02-09 19:40:00+00:00,87.999,88.028,87.859,87.885,13285.3
2026-02-09 19:45:00+00:00,87.885,87.993,87.609,87.919,10532.4
2026-02-09 19:50:00+00:00,87.919,88.043,87.79,87.884,14541.7
2026-02-09 19:55:00+00:00,87.884,88.034,87.755,87.893,8905.3
2026-02-09 20:00:00+00:00,87.893,87.911,87.587,87.75,7067.4
2026-02-09 20:05:00+00:00,87.75,88.217,87.716,87.829,33906.2
2026-02-09 20:10:00+00:00,87.829,88.075,87.8,87.931,15618.1
2026-02-09 20:15:00+00:00,87.931,87.934,87.25,87.379,20040.6
2026-02-09 20:20:00+00:00,87.379,87.6,87.157,87.468,7345.3
2026-02-09 20:25:00+00:00,87.468,87.468,87.131,87.257,10999.3
2026-02-09 20:30:00+00:00,87.257,87.497,87.167,87.348,4708.6
2026-02-09 20:35:00+00:00,87.348,87.67,87.258,87.553,7469.6
2026-02-09 20:40:00+00:00,87.553,87.692,87.495,87.663,7317.5
2026-02-09 20:45:00+00:00,87.663,87.817,87.57,87.69,7758.9
2026-02-09 20:50:00+00:00,87.69,87.74,87.521,87.621,4067.6
2026-02-09 20:55:00+00:00,87.621,87.908,87.505,87.691,8694.4
2026-02-09 21:00:00+00:00,87.691,87.812,87.534,87.57,4550.5
2026-02-09 21:05:00+00:00,87.57,87.678,87.37,87.471,4087.2
2026-02-09 21:10:00+00:00,87.471,87.499,87.344,87.392,3546.2
2026-02-09 21:15:00+00:00,87.392,87.425,87.15,87.291,26838.4
2026-02-09 21:20:00+00:00,87.291,87.398,87.204,87.355,6872.4
2026-02-09 21:25:00+00:00,87.355,87.355,87.192,87.217,4654.8
2026-02-09 21:30:00+00:00,87.217,87.277,86.494,86.616,116716.1
2026-02-09 21:35:00+00:00,86.616,86.73,86.485,86.662,9843.4
2026-02-09 21:40:00+00:00,86.662,86.809,86.598,86.724,5385.8
2026-02-09 21:45:00+00:00,86.724,86.792,86.444,86.717,9404.7
2026-02-09 21:50:00+00:00,86.717,87.6,86.717,87.567,33678.7
2026-02-09 21:55:00+00:00,87.567,87.567,87.163,87.257,7369.0
2026-02-09 22:00:00+00:00,87.257,87.442,87.093,87.328,9424.1
2026-02-09 22:05:00+00:00,87.328,87.488,87.256,87.347,3892.9
2026-02-09 22:10:00+00:00,87.347,87.514,87.266,87.412,7080.1
2026-02-09 22:15:00+00:00,87.412,87.456,87.148,87.216,8863.8
2026-02-09 22:20:00+00:00,87.216,87.228,87.001,87.068,20339.4
2026-02-09 22:25:00+00:00,87.068,87.157,87.024,87.105,2948.5
2026-02-09 22:30:00+00:00,87.105,87.227,87.036,87.083,3118.5
2026-02-09 22:35:00+00:00,87.083,87.14,86.921,87.08,11153.9
2026-02-09 22:40:00+00:00,87.08,87.149,86.974,87.069,4169.7
2026-02-09 22:45:00+00:00,87.069,87.25,87.001,87.032,1817.5
2026-02-09 22:50:00+00:00,87.032,87.06,86.886,86.9,1694.6
2026-02-09 22:55:00+00:00,86.9,87.086,86.896,87.044,2979.3
2026-02-09 23:00:00+00:00,87.044,87.252,86.923,87.145,14120.7
2026-02-09 23:05:00+00:00,87.145,87.345,87.127,87.292,7195.9
2026-02-09 23:10:00+00:00,87.292,87.296,86.89,87.049,2049.4
2026-02-09 23:15:00+00:00,87.049,87.123,86.929,87.008,3796.7
2026-02-09 23:20:00+00:00,87.008,87.067,86.822,86.912,2898.9
2026-02-09 23:25:00+00:00,86.912,86.962,86.775,86.873,6226.1
2026-02-09 23:30:00+00:00,86.873,86.927,86.829,86.9,2299.9
2026-02-09 23:35:00+00:00,86.9,87.012,86.851,86.982,3893.4
2026-02-09 23:40:00+00:00,86.982,87.149,86.982,87.016,3615.9
2026-02-09 23:45:00+00:00,87.016,87.016,86.739,86.761,4157.5
2026-02-09 23:50:00+00:00,86.761,86.79,86.634,86.744,5691.1
2026-02-09 23:55:00+00:00,86.744,86.764,86.584,86.714,6107.8
2026-02-10 00:00:00+00:00,86.714,86.841,86.605,86.617,3712.1
2026-02-10 00:05:00+00:00,86.617,86.719,86.47,86.535,10021.4
2026-02-10 00:10:00+00:00,86.535,86.816,86.498,86.816,6431.3
2026-02-10 00:15:00+00:00,86.816,86.891,86.55,86.554,7449.9
2026-02-10 00:20:00+00:00,86.554,86.612,86.335,86.38,11374.3
2026-02-10 00:25:00+00:00,86.38,86.53,86.336,86.507,4048.9
2026-02-10 00:30:00+00:00,86.507,86.678,86.455,86.677,5179.5
2026-02-10 00:35:00+00:00,86.677,86.685,86.494,86.558,3332.9
2026-02-10 00:40:00+00:00,86.558,86.558,86.257,86.342,4557.9
2026-02-10 00:45:00+00:00,86.342,86.406,86.221,86.248,9680.4
2026-02-10 00:50:00+00:00,86.248,86.525,86.243,86.369,4115.1
2026-02-10 00:55:00+00:00,86.369,86.474,86.324,86.344,3086.9
2026-02-10 01:00:00+00:00,86.344,86.718,86.306,86.607,15387.8
2026-02-10 01:05:00+00:00,86.607,86.987,86.502,86.931,14628.3
2026-02-10 01:10:00+00:00,86.931,87.08,86.81,86.964,27077.4
2026-02-10 01:15:00+00:00,86.964,87.143,86.868,87.059,8686.4
2026-02-10 01:20:00+00:00,87.059,87.302,87.053,87.153,7684.9
2026-02-10 01:25:00+00:00,87.153,87.422,87.136,87.275,5351.3
2026-02-10 01:30:00+00:00,87.275,87.308,86.96,87.252,2877.6
2026-02-10 01:35:00+00:00,87.252,87.421,87.01,87.338,3323.6
2026-02-10 01:40:00+00:00,87.338,87.338,87.165,87.295,3947.7
2026-02-10 01:45:00+00:00,87.295,87.419,87.18,87.234,3945.9
2026-02-10 01:50:00+00:00,87.234,87.341,87.076,87.235,4096.5
2026-02-10 01:55:00+00:00,87.235,87.263,87.101,87.23,2439.5
2026-02-10 02:00:00+00:00,87.23,87.23,87.076,87.076,1315.2
2026-02-10 02:05:00+00:00,87.076,87.261,87.002,87.012,3201.7
2026-02-10 02:10:00+00:00,87.012,87.038,86.884,86.915,7009.5
2026-02-10 02:15:00+00:00,86.915,87.152,86.797,86.891,3600.7
2026-02-10 02:20:00+00:00,86.891,87.038,86.857,86.976,1838.7
2026-02-10 02:25:00+00:00,86.976,86.989,86.654,86.683,4501.0
2026-02-10 02:30:00+00:00,86.683,86.75,86.586,86.617,6147.1
2026-02-10 02:35:00+00:00,86.617,86.638,86.456,86.499,6241.9
2026-02-10 02:40:00+00:00,86.499,86.591,86.429,86.446,3301.7
2026-02-10 02:45:00+00:00,86.446,86.693,86.343,86.596,9330.8
2026-02-10 02:50:00+00:00,86.596,86.691,86.553,86.581,3628.7
2026-02-10 02:55:00+00:00,86.581,86.627,86.5,86.614,1631.9
2026-02-10 03:00:00+00:00,86.614,86.811,86.574,86.606,7100.9
2026-02-10 03:05:00+00:00,86.606,86.606,86.088,86.166,14305.2
2026-02-10 03:10:00+00:00,86.166,86.375,86.158,86.318,7121.0
2026-02-10 03:15:00+00:00,86.318,86.336,85.684,85.703,54628.4
2026-02-10 03:20:00+00:00,85.703,85.955,85.676,85.85,6374.5
2026-02-10 03:25:00+00:00,85.85,85.95,85.68,85.797,82344.7
2026-02-10 03:30:00+00:00,85.797,85.797,85.214,85.519,72992.8
2026-02-10 03:35:00+00:00,85.519,85.644,85.469,85.613,15278.8
2026-02-10 03:40:00+00:00,85.613,85.62,85.4,85.455,3267.8
2026-02-10 03:45:00+00:00,85.455,85.677,85.407,85.643,5520.0
2026-02-10 03:50:00+00:00,85.643,85.823,85.622,85.773,12065.5
2026-02-10 03:55:00+00:00,85.773,85.886,85.748,85.79,17138.8
2026-02-10 04:00:00+00:00,85.79,85.986,85.732,85.986,4098.5
2026-02-10 04:05:00+00:00,85.986,86.278,85.986,86.208,19760.7
2026-02-10 04:10:00+00:00,86.208,86.352,86.143,86.308,25011.8
2026-02-10 04:15:00+00:00,86.308,86.45,86.248,86.336,8903.6
2026-02-10 04:20:00+00:00,86.336,86.435,86.237,86.244,2089.7
2026-02-10 04:25:00+00:00,86.244,86.408,86.145,86.37,4151.5
2026-02-10 04:30:00+00:00,86.37,86.37,86.212,86.26,1630.2
2026-02-10 04:35:00+00:00,86.26,86.535,86.247,86.331,3454.3
2026-02-10 04:40:00+00:00,86.331,86.341,86.152,86.286,3883.8
2026-02-10 04:45:00+00:00,86.286,86.337,86.205,86.335,1713.3
2026-02-10 04:50:00+00:00,86.335,86.564,86.314,86.552,6636.2
2026-02-10 04:55:00+00:00,86.552,86.614,86.471,86.491,3960.7
2026-02-10 05:00:00+00:00,86.491,86.511,86.355,86.411,1886.4
2026-02-10 05:05:00+00:00,86.411,86.411,86.251,86.389,4056.2
2026-02-10 05:10:00+00:00,86.389,86.49,86.335,86.472,3527.2
2026-02-10 05:15:00+00:00,86.472,86.481,86.14,86.238,2872.2
2026-02-10 05:20:00+00:00,86.238,86.273,86.112,86.192,18872.0
2026-02-10 05:25:00+00:00,86.192,86.193,86.001,86.034,4460.3
2026-02-10 05:30:00+00:00,86.034,86.238,85.836,86.215,6448.3
2026-02-10 05:35:00+00:00,86.215,86.519,86.169,86.255,8242.7
2026-02-10 05:40:00+00:00,86.255,86.319,85.84,85.955,9100.6
2026-02-10 05:45:00+00:00,85.955,85.977,85.626,85.763,9363.2
2026-02-10 05:50:00+00:00,85.763,85.866,85.555,85.848,18373.0
2026-02-10 05:55:00+00:00,85.848,85.967,85.792,85.885,8810.1
2026-02-10 06:00:00+00:00,85.885,85.968,85.765,85.906,2235.7
2026-02-10 06:05:00+00:00,85.906,85.971,85.676,85.715,17707.4
2026-02-10 06:10:00+00:00,85.715,85.715,85.589,85.644,4499.4
2026-02-10 06:15:00+00:00,85.644,85.705,85.528,85.695,12464.1
2026-02-10 06:20:00+00:00,85.695,85.733,85.301,85.38,28570.5
2026-02-10 06:25:00+00:00,85.38,85.499,85.209,85.383,8575.3
2026-02-10 06:30:00+00:00,85.383,85.556,85.354,85.399,8079.7
2026-02-10 06:35:00+00:00,85.399,85.528,85.345,85.359,4741.0
2026-02-10 06:40:00+00:00,85.359,85.359,85.031,85.094,51329.4
2026-02-10 06:45:00+00:00,85.094,85.147,84.34,84.593,177762.2
2026-02-10 06:50:00+00:00,84.593,84.679,84.254,84.301,24274.0
2026-02-10 06:55:00+00:00,84.301,84.567,84.25,84.55,16011.3
2026-02-10 07:00:00+00:00,84.55,85.083,84.536,84.98,31223.0
2026-02-10 07:05:00+00:00,84.98,85.049,84.88,84.922,9661.7
2026-02-10 07:10:00+00:00,84.922,84.993,84.709,84.764,15527.0
2026-02-10 07:15:00+00:00,84.764,84.764,84.421,84.541,11773.7
2026-02-10 07:20:00+00:00,84.541,84.736,84.446,84.645,50596.2
2026-02-10 07:25:00+00:00,84.645,84.749,84.58,84.717,4791.8
2026-02-10 07:30:00+00:00,84.717,84.842,84.579,84.6,4621.3
2026-02-10 07:35:00+00:00,84.6,84.663,84.472,84.538,1749.1
2026-02-10 07:40:00+00:00,84.538,84.597,84.484,84.534,2057.0
2026-02-10 07:45:00+00:00,84.534,84.639,84.446,84.481,16284.4
2026-02-10 07:50:00+00:00,84.481,84.567,84.345,84.449,5798.1
2026-02-10 07:55:00+00:00,84.449,84.658,84.449,84.567,5778.1
2026-02-10 08:00:00+00:00,84.567,84.734,84.538,84.609,7412.8
2026-02-10 08:05:00+00:00,84.609,84.824,84.545,84.645,11251.7
2026-02-10 08:10:00+00:00,84.645,84.721,84.36,84.414,11714.8
2026-02-10 08:15:00+00:00,84.414,84.414,84.092,84.31,15742.0
2026-02-10 08:20:00+00:00,84.31,84.78,84.196,84.677,12560.6
2026-02-10 08:25:00+00:00,84.677,84.689,84.401,84.422,4250.0
2026-02-10 08:30:00+00:00,84.422,84.446,84.281,84.443,5777.9
2026-02-10 08:35:00+00:00,84.443,84.536,84.218,84.514,15486.0
2026-02-10 08:40:00+00:00,84.514,84.68,84.442,84.575,7005.9
2026-02-10 08:45:00+00:00,84.575,84.676,84.509,84.629,9290.9
2026-02-10 08:50:00+00:00,84.629,84.705,84.475,84.691,31149.7
2026-02-10 08:55:00+00:00,84.691,84.7,84.586,84.604,5569.9
2026-02-10 09:00:00+00:00,84.604,84.977,84.556,84.942,58580.6
2026-02-10 09:05:00+00:00,84.942,84.951,84.735,84.939,39974.3
2026-02-10 09:10:00+00:00,84.939,84.962,84.759,84.846,13579.3
2026-02-10 09:15:00+00:00,84.846,85.047,84.81,85.041,6283.2
2026-02-10 09:20:00+00:00,85.041,85.041,84.77,84.901,21257.3
2026-02-10 09:25:00+00:00,84.901,84.901,84.753,84.753,3812.8
2026-02-10 09:30:00+00:00,84.753,84.776,84.612,84.614,7528.4
2026-02-10 09:35:00+00:00,84.614,84.7,84.554,84.639,6411.6
2026-02-10 09:40:00+00:00,84.639,84.734,84.577,84.717,7698.4
2026-02-10 09:45:00+00:00,84.717,84.791,84.452,84.478,7204.9
2026-02-10 09:50:00+00:00,84.478,84.527,84.256,84.511,34949.9
2026-02-10 09:55:00+00:00,84.511,84.546,84.49,84.536,2759.0
2026-02-10 10:00:00+00:00,84.536,84.694,84.432,84.439,14788.3
2026-02-10 10:05:00+00:00,84.439,84.531,84.402,84.503,1494.9
2026-02-10 10:10:00+00:00,84.503,84.503,84.375,84.502,1919.4
2026-02-10 10:15:00+00:00,84.502,84.513,84.234,84.323,23202.7
2026-02-10 10:20:00+00:00,84.323,84.464,84.269,84.462,3465.0
2026-02-10 10:25:00+00:00,84.462,84.686,84.462,84.506,6501.4
2026-02-10 10:30:00+00:00,84.506,84.506,84.258,84.291,4147.4
2026-02-10 10:35:00+00:00,84.291,84.291,84.181,84.25,9100.8
2026-02-10 10:40:00+00:00,84.25,84.294,84.227,84.253,5396.3
2026-02-10 10:45:00+00:00,84.253,84.344,84.158,84.222,8488.3
2026-02-10 10:50:00+00:00,84.222,84.283,84.151,84.203,1851.7
2026-02-10 10:55:00+00:00,84.203,84.253,84.177,84.181,9101.2
2026-02-10 11:00:00+00:00,84.181,84.246,84.031,84.214,22441.4
2026-02-10 11:05:00+00:00,84.214,84.423,84.122,84.176,6370.9
2026-02-10 11:10:00+00:00,84.176,84.275,84.09,84.24,3965.7
2026-02-10 11:15:00+00:00,84.24,84.321,84.155,84.282,2827.5
2026-02-10 11:20:00+00:00,84.282,84.305,84.178,84.303,4114.6
2026-02-10 11:25:00+00:00,84.303,84.345,84.26,84.333,9983.0
2026-02-10 11:30:00+00:00,84.333,84.597,84.279,84.483,28202.4
2026-02-10 11:35:00+00:00,84.483,84.483,84.301,84.338,3099.9
2026-02-10 11:40:00+00:00,84.338,84.338,83.761,84.021,93998.6
2026-02-10 11:45:00+00:00,84.021,84.194,83.815,84.081,14752.5
2026-02-10 11:50:00+00:00,84.081,84.171,83.717,83.815,17229.5
2026-02-10 11:55:00+00:00,83.815,83.831,83.718,83.801,8618.0
2026-02-10 12:00:00+00:00,83.801,84.116,83.798,84.02,11987.2
2026-02-10 12:05:00+00:00,84.02,84.227,83.859,84.062,63799.0
2026-02-10 12:10:00+00:00,84.062,84.146,84.008,84.029,5986.0
2026-02-10 12:15:00+00:00,84.029,84.156,83.982,84.017,5089.5
2026-02-10 12:20:00+00:00,84.017,84.218,84.015,84.197,14486.7
2026-02-10 12:25:00+00:00,84.197,84.212,84.142,84.154,13915.3
2026-02-10 12:30:00+00:00,84.154,84.315,84.011,84.064,28976.1
2026-02-10 12:35:00+00:00,84.064,84.069,83.961,83.996,2843.7
2026-02-10 12:40:00+00:00,83.996,84.03,83.838,83.873,5749.7
2026-02-10 12:45:00+00:00,83.873,83.927,83.63,83.92,20447.7
2026-02-10 12:50:00+00:00,83.92,84.026,83.882,83.935,14937.1
2026-02-10 12:55:00+00:00,83.935,84.013,83.907,83.909,2026.4
2026-02-10 13:00:00+00:00,83.909,84.008,83.764,83.79,13143.1
2026-02-10 13:05:00+00:00,83.79,83.991,83.617,83.9,36256.9
2026-02-10 13:10:00+00:00,83.9,84.0,83.736,83.98,17338.5
2026-02-10 13:15:00+00:00,83.98,84.2,83.863,84.051,56790.9
2026-02-10 13:20:00+00:00,84.051,84.19,83.993,84.19,6180.9
2026-02-10 13:25:00+00:00,84.19,84.267,84.114,84.186,4806.8
2026-02-10 13:30:00+00:00,84.186,84.771,83.988,84.714,53755.6
2026-02-10 13:35:00+00:00,84.714,84.736,84.528,84.602,13392.4
2026-02-10 13:40:00+00:00,84.602,84.684,84.512,84.675,4735.1
2026-02-10 13:45:00+00:00,84.675,84.72,84.444,84.458,9613.6
2026-02-10 13:50:00+00:00,84.458,84.654,84.389,84.632,5519.0
2026-02-10 13:55:00+00:00,84.632,84.669,84.524,84.606,14717.8
2026-02-10 14:00:00+00:00,84.606,84.622,84.321,84.345,14094.0
2026-02-10 14:05:00+00:00,84.345,84.554,84.345,84.537,3969.0
2026-02-10 14:10:00+00:00,84.537,84.608,84.449,84.528,7440.9
2026-02-10 14:15:00+00:00,84.528,85.212,84.511,85.07,102831.5
2026-02-10 14:20:00+00:00,85.07,85.071,84.421,84.451,25452.9
2026-02-10 14:25:00+00:00,84.451,84.459,84.039,84.177,48312.0
2026-02-10 14:30:00+00:00,84.177,84.729,84.131,84.492,23863.1
2026-02-10 14:35:00+00:00,84.492,84.598,83.637,83.951,64072.0
2026-02-10 14:40:00+00:00,83.951,83.951,83.186,83.63,78658.0
2026-02-10 14:45:00+00:00,83.63,83.763,83.14,83.309,40762.4
2026-02-10 14:50:00+00:00,83.309,83.96,83.223,83.9,49896.4
2026-02-10 14:55:00+00:00,83.9,84.059,83.676,83.686,13538.7
2026-02-10 15:00:00+00:00,83.686,83.741,83.362,83.592,14672.0
2026-02-10 15:05:00+00:00,83.592,84.412,83.467,84.096,84823.3
2026-02-10 15:10:00+00:00,84.096,84.388,83.647,83.768,23779.0
2026-02-10 15:15:00+00:00,83.768,84.006,83.554,83.96,19398.1
2026-02-10 15:20:00+00:00,83.96,84.35,83.901,84.023,31355.5
2026-02-10 15:25:00+00:00,84.023,84.462,84.007,84.12,20607.8
2026-02-10 15:30:00+00:00,84.12,84.47,84.095,84.231,18312.5
2026-02-10 15:35:00+00:00,84.231,84.472,84.105,84.213,13270.6
2026-02-10 15:40:00+00:00,84.213,84.429,84.095,84.233,19211.6
2026-02-10 15:45:00+00:00,84.233,84.375,83.99,84.323,29377.1
2026-02-10 15:50:00+00:00,84.323,84.323,83.913,84.305,9299.9
2026-02-10 15:55:00+00:00,84.305,84.391,83.974,84.249,14038.9
2026-02-10 16:00:00+00:00,84.249,84.33,83.965,83.989,11866.0
2026-02-10 16:05:00+00:00,83.989,84.177,83.708,83.96,34339.1
2026-02-10 16:10:00+00:00,83.96,84.906,83.949,84.719,35112.2
2026-02-10 16:15:00+00:00,84.719,84.809,84.4,84.435,25461.1
2026-02-10 16:20:00+00:00,84.435,84.499,84.136,84.388,20167.4
2026-02-10 16:25:00+00:00,84.388,84.573,84.297,84.308,14414.3
2026-02-10 16:30:00+00:00,84.308,84.398,84.112,84.357,10317.2
2026-02-10 16:35:00+00:00,84.357,84.791,84.329,84.685,31862.7
2026-02-10 16:40:00+00:00,84.685,84.791,84.383,84.487,13842.7
2026-02-10 16:45:00+00:00,84.487,84.656,84.301,84.375,5991.7
2026-02-10 16:50:00+00:00,84.375,84.416,84.114,84.285,5018.2
2026-02-10 16:55:00+00:00,84.285,84.492,84.245,84.411,4226.2
2026-02-10 17:00:00+00:00,84.411,84.429,84.157,84.218,11559.6
2026-02-10 17:05:00+00:00,84.218,84.342,84.145,84.302,7506.0
2026-02-10 17:10:00+00:00,84.302,84.374,84.171,84.239,2565.8
2026-02-10 17:15:00+00:00,84.239,84.65,84.191,84.581,5178.8
2026-02-10 17:20:00+00:00,84.581,84.74,84.43,84.551,7563.8
2026-02-10 17:25:00+00:00,84.551,84.699,84.464,84.522,2978.3
2026-02-10 17:30:00+00:00,84.522,84.932,84.455,84.801,11254.4
2026-02-10 17:35:00+00:00,84.801,85.062,84.747,84.917,11991.1
2026-02-10 17:40:00+00:00,84.917,85.133,84.826,84.901,23694.4
2026-02-10 17:45:00+00:00,84.901,85.0,84.8,84.831,4441.7
2026-02-10 17:50:00+00:00,84.831,84.952,84.651,84.719,2838.1
2026-02-10 17:55:00+00:00,84.719,84.869,84.661,84.869,7878.0
2026-02-10 18:00:00+00:00,84.869,84.932,84.513,84.513,12037.9
2026-02-10 18:05:00+00:00,84.513,84.562,84.309,84.467,11466.0
2026-02-10 18:10:00+00:00,84.467,84.49,84.222,84.377,11975.0
2026-02-10 18:15:00+00:00,84.377,84.54,84.315,84.487,4798.3
2026-02-10 18:20:00+00:00,84.487,84.539,83.884,84.013,31677.2
2026-02-10 18:25:00+00:00,84.013,84.083,83.324,83.391,71262.8
2026-02-10 18:30:00+00:00,83.391,83.635,83.02,83.151,33329.6
2026-02-10 18:35:00+00:00,83.151,83.637,83.133,83.511,9501.4
2026-02-10 18:40:00+00:00,83.511,83.6,83.304,83.37,7466.2
2026-02-10 18:45:00+00:00,83.37,83.402,82.648,82.779,82657.4
2026-02-10 18:50:00+00:00,82.779,83.033,82.772,82.936,10916.1
2026-02-10 18:55:00+00:00,82.936,83.169,82.82,82.885,13518.9
2026-02-10 19:00:00+00:00,82.885,83.033,82.555,82.642,16075.6
2026-02-10 19:05:00+00:00,82.642,82.935,82.62,82.881,16505.2
2026-02-10 19:10:00+00:00,82.881,82.961,82.699,82.88,6334.3
2026-02-10 19:15:00+00:00,82.88,82.965,82.392,82.645,41479.7
2026-02-10 19:20:00+00:00,82.645,82.798,82.589,82.741,5452.9
2026-02-10 19:25:00+00:00,82.741,82.777,82.545,82.75,15798.1
2026-02-10 19:30:00+00:00,82.75,83.142,82.743,82.967,23684.7
2026-02-10 19:35:00+00:00,82.967,83.475,82.931,83.409,19589.0
2026-02-10 19:40:00+00:00,83.409,83.409,83.285,83.349,7191.9
2026-02-10 19:45:00+00:00,83.349,83.473,83.202,83.275,9128.4
2026-02-10 19:50:00+00:00,83.275,83.287,82.972,82.972,6220.5
2026-02-10 19:55:00+00:00,82.972,83.085,82.941,83.058,8361.7
2026-02-10 20:00:00+00:00,83.058,83.183,82.824,82.908,6515.7
2026-02-10 20:05:00+00:00,82.908,83.004,82.729,82.76,5112.2
2026-02-10 20:10:00+00:00,82.76,82.792,82.587,82.611,6116.8
2026-02-10 20:15:00+00:00,82.611,82.818,82.605,82.779,4485.8
2026-02-10 20:20:00+00:00,82.779,82.896,82.674,82.676,3039.2
2026-02-10 20:25:00+00:00,82.676,82.807,82.557,82.655,40742.6
2026-02-10 20:30:00+00:00,82.655,82.999,82.28,82.394,25540.3
2026-02-10 20:35:00+00:00,82.394,82.627,82.232,82.608,16054.2
2026-02-10 20:40:00+00:00,82.608,82.712,82.531,82.712,2473.4
2026-02-10 20:45:00+00:00,82.712,82.852,82.539,82.683,14318.1
2026-02-10 20:50:00+00:00,82.683,82.696,82.437,82.64,6520.0
2026-02-10 20:55:00+00:00,82.64,82.746,82.494,82.599,33405.9
2026-02-10 21:00:00+00:00,82.599,82.8,82.528,82.733,5245.3
2026-02-10 21:05:00+00:00,82.733,82.912,82.684,82.741,3768.5
2026-02-10 21:10:00+00:00,82.741,82.763,82.589,82.664,3229.3
2026-02-10 21:15:00+00:00,82.664,82.773,82.612,82.759,3182.0
2026-02-10 21:20:00+00:00,82.759,82.826,82.601,82.646,3525.3
2026-02-10 21:25:00+00:00,82.646,82.688,82.36,82.368,6280.2
2026-02-10 21:30:00+00:00,82.368,82.399,81.849,81.97,58170.4
2026-02-10 21:35:00+00:00,81.97,82.111,81.879,82.053,12874.4
2026-02-10 21:40:00+00:00,82.053,82.173,81.892,82.121,13460.6
2026-02-10 21:45:00+00:00,82.121,82.386,82.107,82.281,33668.8
2026-02-10 21:50:00+00:00,82.281,82.448,82.281,82.435,18619.3
2026-02-10 21:55:00+00:00,82.435,82.489,82.282,82.41,16184.1
2026-02-10 22:00:00+00:00,82.41,82.63,82.41,82.572,39893.0
2026-02-10 22:05:00+00:00,82.572,82.626,82.315,82.398,5485.2
2026-02-10 22:10:00+00:00,82.398,82.494,82.346,82.355,5298.2
2026-02-10 22:15:00+00:00,82.355,82.498,82.35,82.35,3444.1
2026-02-10 22:20:00+00:00,82.35,82.526,82.326,82.492,1941.5
2026-02-10 22:25:00+00:00,82.492,82.619,82.431,82.597,5509.3
2026-02-10 22:30:00+00:00,82.597,82.734,82.534,82.725,23873.9
2026-02-10 22:35:00+00:00,82.725,82.929,82.714,82.867,21071.5
2026-02-10 22:40:00+00:00,82.867,82.927,82.596,82.702,4144.9
2026-02-10 22:45:00+00:00,82.702,82.772,82.552,82.602,9003.3
2026-02-10 22:50:00+00:00,82.602,82.674,82.581,82.636,1546.6
2026-02-10 22:55:00+00:00,82.636,82.801,82.476,82.532,4668.9
2026-02-10 23:00:00+00:00,82.532,82.682,82.467,82.544,7666.6
2026-02-10 23:05:00+00:00,82.544,82.547,82.368,82.467,5068.5
2026-02-10 23:10:00+00:00,82.467,82.585,82.45,82.499,2078.7
2026-02-10 23:15:00+00:00,82.499,82.512,82.288,82.459,4783.8
2026-02-10 23:20:00+00:00,82.459,82.599,82.459,82.462,2344.1
2026-02-10 23:25:00+00:00,82.462,82.67,82.446,82.617,4897.7
2026-02-10 23:30:00+00:00,82.617,82.895,82.589,82.733,4325.2
2026-02-10 23:35:00+00:00,82.733,82.888,82.72,82.803,1400.6
2026-02-10 23:40:00+00:00,82.803,82.926,82.719,82.879,5798.3
2026-02-10 23:45:00+00:00,82.879,82.941,82.74,82.879,4895.3
2026-02-10 23:50:00+00:00,82.879,82.912,82.778,82.872,2577.6
2026-02-10 23:55:00+00:00,82.872,82.983,82.853,82.957,2878.2
2026-02-11 00:00:00+00:00,82.957,83.088,82.86,83.054,8455.1
2026-02-11 00:05:00+00:00,83.054,83.27,83.04,83.144,19672.7
2026-02-11 00:10:00+00:00,83.144,83.163,82.937,82.975,6717.5
2026-02-11 00:15:00+00:00,82.975,83.183,82.967,83.137,8988.3
2026-02-11 00:20:00+00:00,83.137,83.336,83.088,83.267,7008.9
2026-02-11 00:25:00+00:00,83.267,83.476,83.26,83.421,10327.2
2026-02-11 00:30:00+00:00,83.421,83.472,83.343,83.438,3766.4
2026-02-11 00:35:00+00:00,83.438,83.69,83.383,83.416,17706.2
2026-02-11 00:40:00+00:00,83.416,83.455,83.192,83.306,14950.3
2026-02-11 00:45:00+00:00,83.306,83.372,83.211,83.368,5177.6
2026-02-11 00:50:00+00:00,83.368,83.541,83.317,83.539,3886.1
2026-02-11 00:55:00+00:00,83.539,83.55,83.393,83.416,3325.4
2026-02-11 01:00:00+00:00,83.416,83.603,83.381,83.562,3827.2
2026-02-11 01:05:00+00:00,83.562,83.562,83.267,83.355,2923.3
2026-02-11 01:10:00+00:00,83.355,83.423,83.246,83.423,4347.1
2026-02-11 01:15:00+00:00,83.423,83.545,83.377,83.545,3585.1
2026-02-11 01:20:00+00:00,83.545,83.546,83.134,83.179,9075.1
2026-02-11 01:25:00+00:00,83.179,83.281,83.137,83.225,3435.4
2026-02-11 01:30:00+00:00,83.225,83.45,83.225,83.45,4533.2
2026-02-11 01:35:00+00:00,83.45,83.645,83.437,83.44,7705.2
2026-02-11 01:40:00+00:00,83.44,83.738,83.44,83.66,4991.7
2026-02-11 01:45:00+00:00,83.66,83.736,83.532,83.587,5335.2
2026-02-11 01:50:00+00:00,83.587,83.699,83.497,83.595,3166.4
2026-02-11 01:55:00+00:00,83.595,83.72,83.544,83.72,4423.6
2026-02-11 02:00:00+00:00,83.72,84.173,83.643,84.022,86218.2
2026-02-11 02:05:00+00:00,84.022,84.029,83.9,84.005,10731.1
2026-02-11 02:10:00+00:00,84.005,84.07,83.871,83.872,7313.0
2026-02-11 02:15:00+00:00,83.872,84.095,83.869,84.053,10074.1
2026-02-11 02:20:00+00:00,84.053,84.344,84.021,84.133,10416.8
2026-02-11 02:25:00+00:00,84.133,84.28,84.086,84.192,3859.6
2026-02-11 02:30:00+00:00,84.192,84.285,84.165,84.2,1791.4
2026-02-11 02:35:00+00:00,84.2,84.22,83.987,83.988,3736.0
2026-02-11 02:40:00+00:00,83.988,84.096,83.904,83.927,11523.8
2026-02-11 02:45:00+00:00,83.927,83.945,83.552,83.587,34555.7
2026-02-11 02:50:00+00:00,83.587,83.714,83.567,83.612,8057.3
2026-02-11 02:55:00+00:00,83.612,83.696,83.461,83.495,4177.4
2026-02-11 03:00:00+00:00,83.495,83.557,83.264,83.376,18115.1
2026-02-11 03:05:00+00:00,83.376,83.61,83.289,83.576,6595.3
2026-02-11 03:10:00+00:00,83.576,83.617,83.196,83.206,6138.6
2026-02-11 03:15:00+00:00,83.206,83.248,82.598,82.636,58453.6
2026-02-11 03:20:00+00:00,82.636,82.941,82.518,82.914,23972.4
2026-02-11 03:25:00+00:00,82.914,83.301,82.903,83.016,30847.5
2026-02-11 03:30:00+00:00,83.016,83.24,82.968,83.148,3069.7
2026-02-11 03:35:00+00:00,83.148,83.342,83.144,83.294,2202.6
2026-02-11 03:40:00+00:00,83.294,83.799,83.294,83.634,35013.4
2026-02-11 03:45:00+00:00,83.634,83.732,83.493,83.505,4414.5
2026-02-11 03:50:00+00:00,83.505,83.561,83.325,83.341,3596.3
2026-02-11 03:55:00+00:00,83.341,83.42,83.217,83.274,6056.6
2026-02-11 04:00:00+00:00,83.274,83.473,83.249,83.336,4434.0
2026-02-11 04:05:00+00:00,83.336,83.403,83.04,83.216,14636.1
2026-02-11 04:10:00+00:00,83.216,83.216,82.815,82.889,28180.4
2026-02-11 04:15:00+00:00,82.889,82.988,82.671,82.931,14057.9
2026-02-11 04:20:00+00:00,82.931,82.973,82.265,82.485,36840.9
2026-02-11 04:25:00+00:00,82.485,82.717,82.474,82.51,20085.1
2026-02-11 04:30:00+00:00,82.51,82.586,82.248,82.364,16477.7
2026-02-11 04:35:00+00:00,82.364,82.504,81.955,82.078,31154.5
2026-02-11 04:40:00+00:00,82.078,82.23,81.881,82.109,21144.6
2026-02-11 04:45:00+00:00,82.109,82.349,82.083,82.328,6017.8
2026-02-11 04:50:00+00:00,82.328,82.339,81.618,81.754,37263.2
2026-02-11 04:55:00+00:00,81.754,81.989,81.65,81.92,13682.1
2026-02-11 05:00:00+00:00,81.92,82.318,81.91,82.154,16497.5
2026-02-11 05:05:00+00:00,82.154,82.282,82.14,82.279,5156.3
2026-02-11 05:10:00+00:00,82.279,82.352,82.1,82.18,11535.8
2026-02-11 05:15:00+00:00,82.18,82.307,82.0,82.011,13551.7
2026-02-11 05:20:00+00:00,82.011,82.218,81.958,82.1,7577.2
2026-02-11 05:25:00+00:00,82.1,82.12,81.93,82.014,7032.9
2026-02-11 05:30:00+00:00,82.014,82.084,81.936,82.001,5068.1
2026-02-11 05:35:00+00:00,82.001,82.109,81.85,82.015,8355.4
2026-02-11 05:40:00+00:00,82.015,82.051,81.76,81.766,6099.0
2026-02-11 05:45:00+00:00,81.766,81.906,81.672,81.884,4883.3
2026-02-11 05:50:00+00:00,81.884,81.992,81.834,81.898,3530.6
2026-02-11 05:55:00+00:00,81.898,81.936,81.781,81.833,5461.6
2026-02-11 06:00:00+00:00,81.833,81.922,81.782,81.792,4224.3
2026-02-11 06:05:00+00:00,81.792,81.82,81.212,81.216,39845.8
2026-02-11 06:10:00+00:00,81.216,81.333,80.756,80.872,72067.0
2026-02-11 06:15:00+00:00,80.872,81.044,80.517,80.787,78813.0
2026-02-11 06:20:00+00:00,80.787,81.254,80.642,81.197,72069.3
2026-02-11 06:25:00+00:00,81.197,81.595,81.197,81.468,19987.0
2026-02-11 06:30:00+00:00,81.468,81.596,81.297,81.326,22927.1
2026-02-11 06:35:00+00:00,81.326,81.434,81.282,81.33,8100.6
2026-02-11 06:40:00+00:00,81.33,81.361,81.079,81.097,26864.3
2026-02-11 06:45:00+00:00,81.097,81.179,80.873,80.889,17779.9
2026-02-11 06:50:00+00:00,80.889,81.015,80.674,80.92,34442.4
2026-02-11 06:55:00+00:00,80.92,80.957,80.8,80.84,24202.5
2026-02-11 07:00:00+00:00,80.84,80.899,80.672,80.865,28225.7
2026-02-11 07:05:00+00:00,80.865,81.135,80.681,80.704,23392.3
2026-02-11 07:10:00+00:00,80.704,80.774,80.556,80.644,19552.3
2026-02-11 07:15:00+00:00,80.644,80.672,80.364,80.593,45104.4
2026-02-11 07:20:00+00:00,80.593,80.626,80.245,80.581,22267.2
2026-02-11 07:25:00+00:00,80.581,80.817,80.52,80.758,30098.5
2026-02-11 07:30:00+00:00,80.758,80.959,80.644,80.945,12904.0
2026-02-11 07:35:00+00:00,80.945,81.194,80.929,81.008,10391.4
2026-02-11 07:40:00+00:00,81.008,81.144,80.873,81.143,19689.4
2026-02-11 07:45:00+00:00,81.143,81.272,81.08,81.08,12181.9
2026-02-11 07:50:00+00:00,81.08,81.333,81.071,81.217,17580.8
2026-02-11 07:55:00+00:00,81.217,81.217,80.952,80.952,10166.1
2026-02-11 08:00:00+00:00,80.952,81.035,80.837,80.863,18348.7
2026-02-11 08:05:00+00:00,80.863,81.037,80.54,80.666,17996.1
2026-02-11 08:10:00+00:00,80.666,80.9,80.493,80.78,10886.8
2026-02-11 08:15:00+00:00,80.78,80.964,80.657,80.945,6713.1
2026-02-11 08:20:00+00:00,80.945,81.074,80.873,80.902,12001.2
2026-02-11 08:25:00+00:00,80.902,80.998,80.724,80.855,2645.3
2026-02-11 08:30:00+00:00,80.855,80.977,80.696,80.921,11672.0
2026-02-11 08:35:00+00:00,80.921,81.158,80.822,80.903,10921.9
2026-02-11 08:40:00+00:00,80.903,81.07,80.85,81.061,3074.0
2026-02-11 08:45:00+00:00,81.061,81.155,81.017,81.017,12838.8
2026-02-11 08:50:00+00:00,81.017,81.156,80.858,80.916,3426.3
2026-02-11 08:55:00+00:00,80.916,81.089,80.88,81.037,2554.8
2026-02-11 09:00:00+00:00,81.037,81.248,80.979,81.003,6053.1
2026-02-11 09:05:00+00:00,81.003,81.098,80.809,80.856,3696.9
2026-02-11 09:10:00+00:00,80.856,80.972,80.848,80.951,6298.5
2026-02-11 09:15:00+00:00,80.951,81.115,80.816,80.924,9333.6
2026-02-11 09:20:00+00:00,80.924,80.99,80.761,80.818,4450.1
2026-02-11 09:25:00+00:00,80.818,81.094,80.818,81.061,4676.6
2026-02-11 09:30:00+00:00,81.061,81.227,81.025,81.025,8775.6
2026-02-11 09:35:00+00:00,81.025,81.125,80.976,81.003,2941.3
2026-02-11 09:40:00+00:00,81.003,81.083,80.872,80.976,8062.4
2026-02-11 09:45:00+00:00,80.976,80.984,80.675,80.718,12779.6
2026-02-11 09:50:00+00:00,80.718,80.84,80.619,80.687,11671.1
2026-02-11 09:55:00+00:00,80.687,80.776,80.642,80.772,5779.9
2026-02-11 10:00:00+00:00,80.772,80.8,80.536,80.618,10340.5
2026-02-11 10:05:00+00:00,80.618,80.754,80.544,80.59,17286.1
2026-02-11 10:10:00+00:00,80.59,80.885,80.578,80.663,12913.4
2026-02-11 10:15:00+00:00,80.663,80.788,80.617,80.694,5081.0
2026-02-11 10:20:00+00:00,80.694,80.889,80.638,80.776,5379.4
2026-02-11 10:25:00+00:00,80.776,80.988,80.696,80.881,19752.2
2026-02-11 10:30:00+00:00,80.881,80.892,80.526,80.526,8674.8
2026-02-11 10:35:00+00:00,80.526,80.582,80.349,80.541,20600.0
2026-02-11 10:40:00+00:00,80.541,80.69,80.504,80.656,7963.3
2026-02-11 10:45:00+00:00,80.656,80.743,80.551,80.559,6667.2
2026-02-11 10:50:00+00:00,80.559,80.676,80.401,80.464,24894.2
2026-02-11 10:55:00+00:00,80.464,80.736,80.367,80.666,8957.0
2026-02-11 11:00:00+00:00,80.666,80.963,80.618,80.953,12365.4
2026-02-11 11:05:00+00:00,80.953,81.0,80.779,80.839,6156.5
2026-02-11 11:10:00+00:00,80.839,80.961,80.818,80.818,3476.0
2026-02-11 11:15:00+00:00,80.818,81.085,80.778,81.028,6471.5
2026-02-11 11:20:00+00:00,81.028,81.287,81.028,81.253,29573.8
2026-02-11 11:25:00+00:00,81.253,81.448,81.142,81.303,25986.1
2026-02-11 11:30:00+00:00,81.303,81.376,81.229,81.292,11258.5
2026-02-11 11:35:00+00:00,81.292,81.417,81.257,81.28,13652.5
2026-02-11 11:40:00+00:00,81.28,81.288,81.08,81.114,18852.5
2026-02-11 11:45:00+00:00,81.114,81.205,81.018,81.152,5515.7
2026-02-11 11:50:00+00:00,81.152,81.324,81.127,81.259,43258.6
2026-02-11 11:55:00+00:00,81.259,81.259,81.187,81.211,5301.4
2026-02-11 12:00:00+00:00,81.211,81.242,80.967,80.976,9691.9
2026-02-11 12:05:00+00:00,80.976,81.361,80.976,81.179,45363.8
2026-02-11 12:10:00+00:00,81.179,81.179,80.896,80.948,10077.2
2026-02-11 12:15:00+00:00,80.948,81.044,80.924,81.034,13381.8
2026-02-11 12:20:00+00:00,81.034,81.418,81.026,81.388,12769.3
2026-02-11 12:25:00+00:00,81.388,81.404,81.2,81.247,21001.3
2026-02-11 12:30:00+00:00,81.247,81.286,81.16,81.235,4410.1
2026-02-11 12:35:00+00:00,81.235,81.419,81.162,81.213,56856.5
2026-02-11 12:40:00+00:00,81.213,81.217,81.078,81.16,10272.5
2026-02-11 12:45:00+00:00,81.16,81.16,81.046,81.111,8126.9
2026-02-11 12:50:00+00:00,81.111,81.191,81.07,81.156,4228.1
2026-02-11 12:55:00+00:00,81.156,81.191,81.08,81.133,3227.0
2026-02-11 13:00:00+00:00,81.133,81.246,81.066,81.077,5175.9
2026-02-11 13:05:00+00:00,81.077,81.283,80.926,81.006,9771.6
2026-02-11 13:10:00+00:00,81.006,81.028,80.865,81.018,8638.9
2026-02-11 13:15:00+00:00,81.018,81.018,80.841,80.904,14558.0
2026-02-11 13:20:00+00:00,80.904,81.069,80.895,80.94,6751.0
2026-02-11 13:25:00+00:00,80.94,80.94,80.626,80.891,19549.2
2026-02-11 13:30:00+00:00,80.891,81.776,80.58,81.665,217303.4
2026-02-11 13:35:00+00:00,81.665,81.681,81.232,81.543,29479.4
2026-02-11 13:40:00+00:00,81.543,81.543,81.089,81.23,16550.5
2026-02-11 13:45:00+00:00,81.23,81.512,81.2,81.368,17131.4
2026-02-11 13:50:00+00:00,81.368,81.453,80.85,81.137,31880.4
2026-02-11 13:55:00+00:00,81.137,81.767,81.136,81.599,20944.0
2026-02-11 14:00:00+00:00,81.599,82.189,81.55,82.016,73803.9
2026-02-11 14:05:00+00:00,82.016,82.22,81.76,82.066,35459.6
2026-02-11 14:10:00+00:00,82.066,83.159,81.97,82.816,201529.4
2026-02-11 14:15:00+00:00,82.816,82.938,82.537,82.638,30922.2
2026-02-11 14:20:00+00:00,82.638,82.638,81.829,81.854,95309.5
2026-02-11 14:25:00+00:00,81.854,82.047,81.767,81.845,21396.4
2026-02-11 14:30:00+00:00,81.845,82.284,81.168,81.36,95059.0
2026-02-11 14:35:00+00:00,81.36,81.58,80.963,80.973,61523.6
2026-02-11 14:40:00+00:00,80.973,81.216,80.598,81.1,44730.2
2026-02-11 14:45:00+00:00,81.1,81.284,80.554,80.662,25723.0
2026-02-11 14:50:00+00:00,80.662,80.892,80.299,80.696,46802.4
2026-02-11 14:55:00+00:00,80.696,80.805,79.685,79.882,76112.8
2026-02-11 15:00:00+00:00,79.882,80.281,79.45,79.59,58254.3
2026-02-11 15:05:00+00:00,79.59,79.908,78.714,78.895,104285.4
2026-02-11 15:10:00+00:00,78.895,79.321,78.491,79.123,78771.2
2026-02-11 15:15:00+00:00,79.123,79.548,78.887,79.297,54880.4
2026-02-11 15:20:00+00:00,79.297,79.846,79.017,79.397,45626.7
2026-02-11 15:25:00+00:00,79.397,79.616,78.979,79.294,24159.6
2026-02-11 15:30:00+00:00,79.294,79.55,79.233,79.512,34137.7
2026-02-11 15:35:00+00:00,79.512,79.825,79.376,79.647,19358.6
2026-02-11 15:40:00+00:00,79.647,80.193,79.642,80.071,40291.3
2026-02-11 15:45:00+00:00,80.071,80.203,79.47,79.485,21623.5
2026-02-11 15:50:00+00:00,79.485,79.997,79.271,79.899,30738.7
2026-02-11 15:55:00+00:00,79.899,80.101,79.589,79.625,15409.5
2026-02-11 16:00:00+00:00,79.625,79.853,79.494,79.734,31569.5
2026-02-11 16:05:00+00:00,79.734,79.901,79.658,79.862,16903.8
2026-02-11 16:10:00+00:00,79.862,80.708,79.812,80.654,66761.9
2026-02-11 16:15:00+00:00,80.654,80.796,80.334,80.499,35251.7
2026-02-11 16:20:00+00:00,80.499,80.861,80.388,80.499,16043.3
2026-02-11 16:25:00+00:00,80.499,80.666,79.936,79.982,38546.0
2026-02-11 16:30:00+00:00,79.982,80.123,79.732,79.888,19035.2
2026-02-11 16:35:00+00:00,79.888,79.934,78.97,79.069,204076.2
2026-02-11 16:40:00+00:00,79.069,79.368,79.069,79.116,29168.1
2026-02-11 16:45:00+00:00,79.116,79.281,78.651,78.79,29205.4
2026-02-11 16:50:00+00:00,78.79,78.969,78.639,78.875,16345.7
2026-02-11 16:55:00+00:00,78.875,78.931,78.643,78.648,23975.9
2026-02-11 17:00:00+00:00,78.648,78.713,77.931,78.135,63801.0
2026-02-11 17:05:00+00:00,78.135,78.551,78.135,78.528,23739.4
2026-02-11 17:10:00+00:00,78.528,78.819,78.507,78.683,26874.6
2026-02-11 17:15:00+00:00,78.683,79.14,78.683,79.019,61919.9
2026-02-11 17:20:00+00:00,79.019,79.569,79.015,79.302,37050.9
2026-02-11 17:25:00+00:00,79.302,79.785,79.282,79.764,37478.4
2026-02-11 17:30:00+00:00,79.764,79.998,79.44,79.652,28311.6
2026-02-11 17:35:00+00:00,79.652,79.81,79.54,79.571,12892.1
2026-02-11 17:40:00+00:00,79.571,79.656,79.328,79.363,26072.5
2026-02-11 17:45:00+00:00,79.363,79.383,79.045,79.283,13582.0
2026-02-11 17:50:00+00:00,79.283,79.523,79.127,79.251,16126.8
2026-02-11 17:55:00+00:00,79.251,79.265,78.928,78.949,17158.7
2026-02-11 18:00:00+00:00,78.949,79.074,78.837,78.864,9858.6
2026-02-11 18:05:00+00:00,78.864,78.864,78.578,78.634,19324.2
2026-02-11 18:10:00+00:00,78.634,78.82,78.456,78.81,19666.7
2026-02-11 18:15:00+00:00,78.81,79.486,78.785,79.316,32350.9
2026-02-11 18:20:00+00:00,79.316,79.71,79.181,79.625,11403.7
2026-02-11 18:25:00+00:00,79.625,79.896,79.552,79.613,20681.5
2026-02-11 18:30:00+00:00,79.613,79.653,79.376,79.488,13628.7
2026-02-11 18:35:00+00:00,79.488,79.759,79.341,79.714,22009.6
2026-02-11 18:40:00+00:00,79.714,79.84,79.569,79.708,19454.9
2026-02-11 18:45:00+00:00,79.708,79.937,79.646,79.897,23480.3
2026-02-11 18:50:00+00:00,79.897,79.949,79.617,79.772,11419.8
2026-02-11 18:55:00+00:00,79.772,79.904,79.633,79.756,4599.2
2026-02-11 19:00:00+00:00,79.756,79.943,79.579,79.907,6938.2
2026-02-11 19:05:00+00:00,79.907,80.309,79.704,80.031,53461.9
2026-02-11 19:10:00+00:00,80.031,80.24,79.885,80.097,13954.7
2026-02-11 19:15:00+00:00,80.097,80.2,79.792,79.819,11934.6
2026-02-11 19:20:00+00:00,79.819,79.964,79.656,79.881,6546.0
2026-02-11 19:25:00+00:00,79.881,79.917,79.52,79.536,10633.5
2026-02-11 19:30:00+00:00,79.536,79.568,79.234,79.472,15198.9
2026-02-11 19:35:00+00:00,79.472,79.832,79.434,79.724,7944.7
2026-02-11 19:40:00+00:00,79.724,80.04,79.705,79.934,10480.8
2026-02-11 19:45:00+00:00,79.934,80.02,79.667,79.774,11290.4
2026-02-11 19:50:00+00:00,79.774,79.878,79.594,79.719,3769.5
2026-02-11 19:55:00+00:00,79.719,79.783,79.597,79.658,2749.1
2026-02-11 20:00:00+00:00,79.658,79.839,79.537,79.593,4069.0
2026-02-11 20:05:00+00:00,79.593,79.617,79.355,79.489,10625.3
2026-02-11 20:10:00+00:00,79.489,79.771,79.425,79.751,5052.7
2026-02-11 20:15:00+00:00,79.751,79.964,79.543,79.592,8074.4
2026-02-11 20:20:00+00:00,79.592,79.682,79.303,79.344,9773.9
2026-02-11 20:25:00+00:00,79.344,79.369,78.96,78.989,24406.5
2026-02-11 20:30:00+00:00,78.989,79.277,78.9,79.265,7021.8
2026-02-11 20:35:00+00:00,79.265,79.44,79.201,79.329,5331.9
2026-02-11 20:40:00+00:00,79.329,79.402,79.234,79.329,4268.8
2026-02-11 20:45:00+00:00,79.329,79.849,79.288,79.78,13771.1
2026-02-11 20:50:00+00:00,79.78,79.795,79.522,79.522,7888.8
2026-02-11 20:55:00+00:00,79.522,79.778,79.489,79.592,10533.1
2026-02-11 21:00:00+00:00,79.592,79.822,79.579,79.76,6329.4
2026-02-11 21:05:00+00:00,79.76,80.177,79.76,80.127,11807.9
2026-02-11 21:10:00+00:00,80.127,80.248,80.012,80.1,17425.4
2026-02-11 21:15:00+00:00,80.1,80.192,79.867,80.027,11487.5
2026-02-11 21:20:00+00:00,80.027,80.412,79.843,80.368,41631.2
2026-02-11 21:25:00+00:00,80.368,80.907,80.287,80.566,96539.7
2026-02-11 21:30:00+00:00,80.566,80.762,80.417,80.624,79116.6
2026-02-11 21:35:00+00:00,80.624,81.051,80.624,80.77,21114.8
2026-02-11 21:40:00+00:00,80.77,80.816,80.215,80.3,22516.8
2026-02-11 21:45:00+00:00,80.3,80.368,80.201,80.261,10515.6
2026-02-11 21:50:00+00:00,80.261,80.379,80.173,80.268,5631.5
2026-02-11 21:55:00+00:00,80.268,80.279,80.083,80.086,5698.9
2026-02-11 22:00:00+00:00,80.086,80.173,79.875,79.938,6410.4
2026-02-11 22:05:00+00:00,79.938,80.144,79.938,79.982,4825.0
2026-02-11 22:10:00+00:00,79.982,79.997,79.668,79.84,12730.8
2026-02-11 22:15:00+00:00,79.84,79.979,79.785,79.825,5078.7
2026-02-11 22:20:00+00:00,79.825,79.937,79.636,79.81,5234.2
2026-02-11 22:25:00+00:00,79.81,79.953,79.619,79.783,8558.6
2026-02-11 22:30:00+00:00,79.783,79.92,79.697,79.889,6491.8
2026-02-11 22:35:00+00:00,79.889,79.941,79.633,79.893,8788.5
2026-02-11 22:40:00+00:00,79.893,80.097,79.873,79.91,7432.7
2026-02-11 22:45:00+00:00,79.91,79.977,79.81,79.936,3398.6
2026-02-11 22:50:00+00:00,79.936,79.936,79.392,79.577,45966.8
2026-02-11 22:55:00+00:00,79.577,79.613,79.413,79.436,3775.1
2026-02-11 23:00:00+00:00,79.436,79.486,79.207,79.449,10934.7
2026-02-11 23:05:00+00:00,79.449,79.676,79.364,79.465,7167.5
2026-02-11 23:10:00+00:00,79.465,79.519,79.189,79.353,36535.5
2026-02-11 23:15:00+00:00,79.353,79.472,79.285,79.332,19156.1
2026-02-11 23:20:00+00:00,79.332,79.4,78.744,78.96,157838.0
2026-02-11 23:25:00+00:00,78.96,79.131,78.856,79.036,6816.2
2026-02-11 23:30:00+00:00,79.036,79.242,79.015,79.186,7112.1
2026-02-11 23:35:00+00:00,79.186,79.577,79.01,79.576,27410.9
2026-02-11 23:40:00+00:00,79.576,79.6,79.463,79.586,10175.5
2026-02-11 23:45:00+00:00,79.586,79.586,79.236,79.254,13185.4
2026-02-11 23:50:00+00:00,79.254,79.282,79.08,79.231,15157.4
2026-02-11 23:55:00+00:00,79.231,79.355,79.161,79.236,8483.9
2026-02-12 00:00:00+00:00,79.236,79.446,79.215,79.374,16656.4
2026-02-12 00:05:00+00:00,79.374,79.699,79.365,79.621,24211.9
2026-02-12 00:10:00+00:00,79.621,79.72,79.577,79.713,3712.0
2026-02-12 00:15:00+00:00,79.713,79.81,79.6,79.663,6576.2
2026-02-12 00:20:00+00:00,79.663,79.751,79.525,79.751,5374.7
2026-02-12 00:25:00+00:00,79.751,79.856,79.631,79.737,10596.9
2026-02-12 00:30:00+00:00,79.737,79.912,79.682,79.839,5799.5
2026-02-12 00:35:00+00:00,79.839,80.166,79.806,79.872,19639.7
2026-02-12 00:40:00+00:00,79.872,80.007,79.868,79.969,3508.4
2026-02-12 00:45:00+00:00,79.969,80.118,79.873,79.944,6775.0
2026-02-12 00:50:00+00:00,79.944,79.981,79.85,79.976,5910.7
2026-02-12 00:55:00+00:00,79.976,80.096,79.915,79.915,4154.9
2026-02-12 01:00:00+00:00,79.915,80.266,79.909,80.152,14468.0
2026-02-12 01:05:00+00:00,80.152,80.281,80.04,80.18,8757.4
2026-02-12 01:10:00+00:00,80.18,80.355,80.18,80.326,4737.1
2026-02-12 01:15:00+00:00,80.326,80.362,80.142,80.182,17882.2
2026-02-12 01:20:00+00:00,80.182,80.182,80.022,80.122,4390.2
2026-02-12 01:25:00+00:00,80.122,80.48,80.107,80.368,7903.6
2026-02-12 01:30:00+00:00,80.368,80.454,80.236,80.316,10099.7
2026-02-12 01:35:00+00:00,80.316,80.733,80.276,80.591,114520.7
2026-02-12 01:40:00+00:00,80.591,80.679,80.466,80.545,5611.4
2026-02-12 01:45:00+00:00,80.545,80.56,80.344,80.4,12659.0
2026-02-12 01:50:00+00:00,80.4,80.481,80.257,80.296,5771.6
2026-02-12 01:55:00+00:00,80.296,80.416,80.289,80.363,2512.3
2026-02-12 02:00:00+00:00,80.363,80.384,80.134,80.191,3026.2
2026-02-12 02:05:00+00:00,80.191,80.493,80.114,80.304,7185.0
2026-02-12 02:10:00+00:00,80.304,80.307,79.941,79.984,9601.0
2026-02-12 02:15:00+00:00,79.984,80.055,79.872,79.912,14403.9
2026-02-12 02:20:00+00:00,79.912,80.124,79.885,80.088,3642.6
2026-02-12 02:25:00+00:00,80.088,80.188,80.033,80.188,4142.8
2026-02-12 02:30:00+00:00,80.188,80.639,80.148,80.615,9595.5
2026-02-12 02:35:00+00:00,80.615,80.678,80.448,80.484,12117.4
2026-02-12 02:40:00+00:00,80.484,80.528,80.384,80.44,4234.1
2026-02-12 02:45:00+00:00,80.44,80.454,80.257,80.376,8573.3
2026-02-12 02:50:00+00:00,80.376,80.383,80.273,80.342,2989.0
2026-02-12 02:55:00+00:00,80.342,80.344,80.24,80.261,3065.9
2026-02-12 03:00:00+00:00,80.261,80.417,80.15,80.349,3219.3
2026-02-12 03:05:00+00:00,80.349,80.405,80.282,80.363,2666.9
2026-02-12 03:10:00+00:00,80.363,80.438,80.312,80.34,2289.6
2026-02-12 03:15:00+00:00,80.34,80.392,80.1,80.152,4216.8
2026-02-12 03:20:00+00:00,80.152,80.213,80.036,80.089,4937.1
2026-02-12 03:25:00+00:00,80.089,80.171,80.024,80.141,2659.6
2026-02-12 03:30:00+00:00,80.141,80.419,80.128,80.415,3958.3
2026-02-12 03:35:00+00:00,80.415,80.48,80.308,80.478,1988.9
2026-02-12 03:45:00+00:00,80.44,80.573,80.389,80.42,4949.5
2026-02-12 03:50:00+00:00,80.42,80.519,80.31,80.507,2285.1
2026-02-12 03:55:00+00:00,80.507,80.62,80.435,80.589,4147.1
2026-02-12 04:00:00+00:00,80.589,80.808,80.364,80.64,20058.0
2026-02-12 04:05:00+00:00,80.64,80.928,80.59,80.928,42261.5
2026-02-12 04:10:00+00:00,80.928,80.928,80.682,80.718,7384.5
2026-02-12 04:15:00+00:00,80.718,80.844,80.404,80.587,13799.2
2026-02-12 04:20:00+00:00,80.587,80.656,80.465,80.509,2816.2
2026-02-12 04:25:00+00:00,80.509,80.578,80.425,80.443,3595.1
2026-02-12 04:30:00+00:00,80.443,80.597,80.294,80.558,5105.5
2026-02-12 04:35:00+00:00,80.558,80.782,80.558,80.692,6122.1
2026-02-12 04:40:00+00:00,80.692,80.709,80.608,80.63,1761.3
2026-02-12 04:45:00+00:00,80.63,80.711,80.536,80.536,1365.1
2026-02-12 04:50:00+00:00,80.536,80.582,80.338,80.409,4368.5
2026-02-12 04:55:00+00:00,80.409,80.45,80.23,80.253,5349.1
2026-02-12 05:00:00+00:00,80.253,80.347,80.169,80.328,5166.8
2026-02-12 05:05:00+00:00,80.328,80.358,80.201,80.214,3643.4
2026-02-12 05:10:00+00:00,80.214,80.274,79.712,79.755,36011.3
2026-02-12 05:15:00+00:00,79.755,79.842,79.364,79.644,90607.4
2026-02-12 05:20:00+00:00,79.644,80.155,79.644,80.023,41738.4
2026-02-12 05:25:00+00:00,80.023,80.17,79.948,80.155,9720.2
2026-02-12 05:30:00+00:00,80.155,80.545,80.096,80.432,28583.5
2026-02-12 05:35:00+00:00,80.432,80.438,80.23,80.291,3149.9
2026-02-12 05:40:00+00:00,80.291,80.52,80.291,80.464,5623.1
2026-02-12 05:45:00+00:00,80.464,80.555,80.339,80.344,13252.5
2026-02-12 05:50:00+00:00,80.344,80.427,80.333,80.385,3200.5
2026-02-12 05:55:00+00:00,80.385,80.554,80.385,80.533,3383.6
2026-02-12 06:00:00+00:00,80.533,80.696,80.432,80.432,9348.6
2026-02-12 06:05:00+00:00,80.432,80.472,80.323,80.433,6353.5
2026-02-12 06:10:00+00:00,80.433,80.75,80.424,80.63,5287.9
2026-02-12 06:15:00+00:00,80.63,80.75,80.508,80.55,5156.5
2026-02-12 06:20:00+00:00,80.55,80.735,80.505,80.72,3406.8
2026-02-12 06:25:00+00:00,80.72,80.973,80.72,80.829,12638.9
2026-02-12 06:30:00+00:00,80.829,80.911,80.719,80.738,3665.6
2026-02-12 06:35:00+00:00,80.738,80.755,80.576,80.679,5937.5
2026-02-12 06:40:00+00:00,80.679,80.797,80.572,80.64,3109.7
2026-02-12 06:45:00+00:00,80.64,80.742,80.549,80.595,2577.3
2026-02-12 06:50:00+00:00,80.595,80.6,80.464,80.507,3511.5
2026-02-12 06:55:00+00:00,80.507,80.54,80.449,80.528,5598.5
2026-02-12 07:00:00+00:00,80.528,80.555,80.304,80.534,7098.6
2026-02-12 07:05:00+00:00,80.534,80.534,80.301,80.319,1646.7
2026-02-12 07:10:00+00:00,80.319,80.336,80.247,80.319,3223.9
2026-02-12 07:15:00+00:00,80.319,80.443,80.245,80.435,5066.7
2026-02-12 07:20:00+00:00,80.435,80.668,80.407,80.658,3710.4
2026-02-12 07:25:00+00:00,80.658,80.84,80.658,80.768,7064.4
2026-02-12 07:30:00+00:00,80.768,80.864,80.72,80.766,7818.0
2026-02-12 07:35:00+00:00,80.766,80.839,80.691,80.839,4327.7
2026-02-12 07:40:00+00:00,80.839,80.902,80.684,80.696,3574.0
2026-02-12 07:45:00+00:00,80.696,80.769,80.653,80.744,3089.2
2026-02-12 07:50:00+00:00,80.744,80.749,80.618,80.618,2301.2
2026-02-12 07:55:00+00:00,80.618,80.794,80.611,80.719,4028.3
2026-02-12 08:00:00+00:00,80.719,80.86,80.65,80.673,5197.6
2026-02-12 08:05:00+00:00,80.673,80.888,80.55,80.784,3580.6
2026-02-12 08:10:00+00:00,80.784,80.8,80.622,80.647,2228.9
2026-02-12 08:15:00+00:00,80.647,80.647,80.454,80.461,4111.3
2026-02-12 08:20:00+00:00,80.461,80.555,80.405,80.492,3937.0
2026-02-12 08:25:00+00:00,80.492,80.492,80.267,80.363,5521.0
2026-02-12 08:30:00+00:00,80.363,80.512,80.284,80.437,4314.5
2026-02-12 08:35:00+00:00,80.437,80.57,80.424,80.51,2544.6
2026-02-12 08:40:00+00:00,80.51,80.636,80.48,80.491,6851.5
2026-02-12 08:45:00+00:00,80.491,80.574,80.467,80.506,2876.2
2026-02-12 08:50:00+00:00,80.506,80.7,80.506,80.699,1871.0
2026-02-12 08:55:00+00:00,80.699,80.728,80.653,80.728,3195.3
2026-02-12 09:00:00+00:00,80.728,80.728,80.552,80.647,4229.9
2026-02-12 09:05:00+00:00,80.647,80.75,80.512,80.744,4316.0
2026-02-12 09:10:00+00:00,80.744,81.311,80.67,81.248,46250.7
2026-02-12 09:15:00+00:00,81.248,81.296,81.035,81.19,11542.0
2026-02-12 09:20:00+00:00,81.19,81.245,81.125,81.184,8599.8
2026-02-12 09:25:00+00:00,81.184,81.736,81.145,81.658,43484.9
2026-02-12 09:30:00+00:00,81.658,81.831,81.47,81.744,25151.2
2026-02-12 09:35:00+00:00,81.744,81.744,81.489,81.509,8206.8
2026-02-12 09:40:00+00:00,81.509,81.634,81.477,81.623,7586.4
2026-02-12 09:45:00+00:00,81.623,81.65,81.435,81.456,7218.7
2026-02-12 09:50:00+00:00,81.456,81.644,81.389,81.555,8530.3
2026-02-12 09:55:00+00:00,81.555,81.873,81.513,81.742,79576.6
2026-02-12 10:00:00+00:00,81.742,81.968,81.676,81.71,23442.4
2026-02-12 10:05:00+00:00,81.71,81.743,81.523,81.551,8059.5
2026-02-12 10:10:00+00:00,81.551,81.596,81.486,81.549,15570.0
2026-02-12 10:15:00+00:00,81.549,81.549,81.331,81.341,10541.9
2026-02-12 10:20:00+00:00,81.341,81.427,81.301,81.392,5806.1
2026-02-12 10:25:00+00:00,81.392,81.741,81.388,81.645,7297.4
2026-02-12 10:30:00+00:00,81.645,81.86,81.614,81.659,9496.9
2026-02-12 10:35:00+00:00,81.659,81.724,81.616,81.639,2235.7
2026-02-12 10:40:00+00:00,81.639,81.655,81.499,81.619,2947.9
2026-02-12 10:45:00+00:00,81.619,81.885,81.47,81.799,8237.7
2026-02-12 10:50:00+00:00,81.799,82.053,81.746,82.052,14550.1
2026-02-12 10:55:00+00:00,82.052,82.193,81.94,82.126,11644.1
2026-02-12 11:00:00+00:00,82.126,82.179,82.009,82.072,11004.3
2026-02-12 11:05:00+00:00,82.072,82.083,81.819,81.884,23855.0
2026-02-12 11:10:00+00:00,81.884,81.885,81.649,81.73,75485.4
2026-02-12 11:15:00+00:00,81.73,81.876,81.645,81.677,12680.8
2026-02-12 11:20:00+00:00,81.677,81.895,81.668,81.895,2846.2
2026-02-12 11:25:00+00:00,81.895,82.151,81.814,82.102,18962.6
2026-02-12 11:30:00+00:00,82.102,82.194,81.915,81.979,12263.2
2026-02-12 11:35:00+00:00,81.979,82.008,81.867,81.916,6092.8
2026-02-12 11:40:00+00:00,81.916,81.931,81.745,81.811,8470.4
2026-02-12 11:45:00+00:00,81.811,81.895,81.726,81.86,4319.7
2026-02-12 11:50:00+00:00,81.86,81.904,81.762,81.842,5614.2
2026-02-12 11:55:00+00:00,81.842,81.9,81.763,81.805,3833.9
2026-02-12 12:00:00+00:00,81.805,81.9,81.59,81.59,12381.0
2026-02-12 12:05:00+00:00,81.59,81.678,81.452,81.608,21524.8
2026-02-12 12:10:00+00:00,81.608,81.725,81.485,81.587,11169.3
2026-02-12 12:15:00+00:00,81.587,81.6,81.436,81.495,8056.1
2026-02-12 12:20:00+00:00,81.495,81.557,81.333,81.408,14997.8
2026-02-12 12:25:00+00:00,81.408,81.491,81.358,81.438,3559.0
2026-02-12 12:30:00+00:00,81.438,81.446,81.1,81.106,14054.5
2026-02-12 12:35:00+00:00,81.106,81.208,81.104,81.193,5635.7
2026-02-12 12:40:00+00:00,81.193,81.276,81.152,81.154,5449.7
2026-02-12 12:45:00+00:00,81.154,81.232,81.001,81.222,7818.1
2026-02-12 12:50:00+00:00,81.222,81.277,80.834,80.857,28988.7
2026-02-12 12:55:00+00:00,80.857,81.077,80.778,81.041,23391.7
2026-02-12 13:00:00+00:00,81.041,81.093,80.831,80.949,6535.4
2026-02-12 13:05:00+00:00,80.949,81.149,80.886,81.104,25638.5
2026-02-12 13:10:00+00:00,81.104,81.156,80.959,80.986,8162.5
2026-02-12 13:15:00+00:00,80.986,81.189,80.973,81.055,29590.2
2026-02-12 13:20:00+00:00,81.055,81.121,81.0,81.098,3429.8
2026-02-12 13:25:00+00:00,81.098,81.099,80.65,80.898,24509.3
2026-02-12 13:30:00+00:00,80.898,81.456,80.845,81.277,37681.4
2026-02-12 13:35:00+00:00,81.277,81.399,81.233,81.327,46691.2
2026-02-12 13:40:00+00:00,81.327,81.614,81.327,81.55,30870.1
2026-02-12 13:45:00+00:00,81.55,81.625,81.35,81.385,12821.2
2026-02-12 13:50:00+00:00,81.385,81.63,81.385,81.519,5964.4
2026-02-12 13:55:00+00:00,81.519,82.08,81.518,81.907,35436.3
2026-02-12 14:00:00+00:00,81.907,81.938,81.376,81.464,22504.9
2026-02-12 14:05:00+00:00,81.464,81.514,81.243,81.36,17830.9
2026-02-12 14:10:00+00:00,81.36,81.543,81.296,81.31,10875.0
2026-02-12 14:15:00+00:00,81.31,81.403,81.118,81.29,13400.8
2026-02-12 14:20:00+00:00,81.29,81.496,81.206,81.274,11711.1
2026-02-12 14:25:00+00:00,81.274,81.401,81.217,81.394,7119.9
2026-02-12 14:30:00+00:00,81.394,81.716,81.16,81.562,14721.1
2026-02-12 14:35:00+00:00,81.562,81.643,81.081,81.264,19556.0
2026-02-12 14:40:00+00:00,81.264,81.47,80.982,81.089,15776.2
2026-02-12 14:45:00+00:00,81.089,81.352,80.934,81.206,23961.9
2026-02-12 14:50:00+00:00,81.206,81.554,81.181,81.525,12450.6
2026-02-12 14:55:00+00:00,81.525,81.534,81.049,81.073,37384.5
2026-02-12 15:00:00+00:00,81.073,81.47,80.723,80.797,43013.9
2026-02-12 15:05:00+00:00,80.797,80.831,80.251,80.374,86318.6
2026-02-12 15:10:00+00:00,80.374,80.679,80.072,80.663,32470.4
2026-02-12 15:15:00+00:00,80.663,81.071,80.594,80.632,21995.4
2026-02-12 15:20:00+00:00,80.632,81.339,80.632,81.176,15859.8
2026-02-12 15:25:00+00:00,81.176,81.329,80.968,81.329,8396.0
2026-02-12 15:30:00+00:00,81.329,81.473,80.831,80.932,12347.4
2026-02-12 15:35:00+00:00,80.932,80.943,80.308,80.397,26399.2
2026-02-12 15:40:00+00:00,80.397,80.654,80.145,80.626,30760.4
2026-02-12 15:45:00+00:00,80.626,80.9,80.528,80.777,18227.6
2026-02-12 15:50:00+00:00,80.777,80.838,80.196,80.201,13048.7
2026-02-12 15:55:00+00:00,80.201,80.31,80.011,80.06,16341.3
2026-02-12 16:00:00+00:00,80.06,80.153,79.748,80.121,44840.2
2026-02-12 16:05:00+00:00,80.121,80.161,79.133,79.23,66278.7
2026-02-12 16:10:00+00:00,79.23,79.479,78.92,78.966,38290.3
2026-02-12 16:15:00+00:00,78.966,79.326,78.752,79.0,37904.9
2026-02-12 16:20:00+00:00,79.0,79.095,78.541,78.772,60384.1
2026-02-12 16:25:00+00:00,78.772,78.967,78.187,78.332,58777.7
2026-02-12 16:30:00+00:00,78.332,78.619,78.126,78.618,68429.7
2026-02-12 16:35:00+00:00,78.618,79.375,78.618,79.242,97353.0
2026-02-12 16:40:00+00:00,79.242,79.489,78.93,78.954,40549.4
2026-02-12 16:45:00+00:00,78.954,79.125,78.667,78.856,17292.0
2026-02-12 16:50:00+00:00,78.856,78.947,78.15,78.248,48823.1
2026-02-12 16:55:00+00:00,78.248,78.444,78.12,78.259,25196.7
2026-02-12 17:00:00+00:00,78.259,78.639,78.03,78.16,33758.6
2026-02-12 17:05:00+00:00,78.16,78.235,77.661,78.069,45892.0
2026-02-12 17:10:00+00:00,78.069,78.119,77.455,77.779,35743.5
2026-02-12 17:15:00+00:00,77.779,78.12,77.741,77.788,19897.2
2026-02-12 17:20:00+00:00,77.788,78.432,77.788,78.349,18919.4
2026-02-12 17:25:00+00:00,78.349,78.449,77.972,78.143,17479.4
2026-02-12 17:30:00+00:00,78.143,78.194,77.809,77.998,13880.0
2026-02-12 17:35:00+00:00,77.998,78.591,77.915,78.256,25758.7
2026-02-12 17:40:00+00:00,78.256,78.407,78.131,78.208,4586.8
2026-02-12 17:45:00+00:00,78.208,78.315,77.923,78.086,20401.5
2026-02-12 17:50:00+00:00,78.086,78.25,77.883,77.989,12469.0
2026-02-12 17:55:00+00:00,77.989,78.017,77.742,77.861,20722.6
2026-02-12 18:00:00+00:00,77.861,78.153,77.776,78.071,13692.3
2026-02-12 18:05:00+00:00,78.071,78.34,77.989,78.224,11062.2
2026-02-12 18:10:00+00:00,78.224,78.419,78.183,78.274,6310.1
2026-02-12 18:15:00+00:00,78.274,78.311,77.492,77.493,47502.8
2026-02-12 18:20:00+00:00,77.493,77.683,77.336,77.565,45875.9
2026-02-12 18:25:00+00:00,77.565,77.764,77.163,77.304,29338.2
2026-02-12 18:30:00+00:00,77.304,77.52,77.126,77.341,23368.9
2026-02-12 18:35:00+00:00,77.341,77.85,77.31,77.74,12924.8
2026-02-12 18:40:00+00:00,77.74,77.74,77.4,77.416,15462.4
2026-02-12 18:45:00+00:00,77.416,77.876,77.258,77.747,38012.7
2026-02-12 18:50:00+00:00,77.747,77.851,77.631,77.672,8153.4
2026-02-12 18:55:00+00:00,77.672,77.802,77.486,77.556,8146.1
2026-02-12 19:00:00+00:00,77.556,77.875,77.51,77.589,9466.3
2026-02-12 19:05:00+00:00,77.589,77.787,77.24,77.265,11212.3
2026-02-12 19:10:00+00:00,77.265,77.496,76.947,77.409,57014.3
2026-02-12 19:15:00+00:00,77.409,77.86,77.301,77.714,28689.3
2026-02-12 19:20:00+00:00,77.714,78.389,77.663,78.263,58903.4
2026-02-12 19:25:00+00:00,78.263,78.274,77.925,78.079,11554.7
2026-02-12 19:30:00+00:00,78.079,78.445,77.968,78.199,47461.4
2026-02-12 19:35:00+00:00,78.199,78.584,77.968,78.064,13856.9
2026-02-12 19:40:00+00:00,78.064,78.064,77.842,77.906,6422.7
2026-02-12 19:45:00+00:00,77.906,78.125,77.849,77.939,11593.7
2026-02-12 19:50:00+00:00,77.939,77.98,77.38,77.412,22886.3
2026-02-12 19:55:00+00:00,77.412,77.699,77.341,77.586,18641.1
2026-02-12 20:00:00+00:00,77.586,77.888,77.404,77.592,24734.1
2026-02-12 20:05:00+00:00,77.592,77.647,77.36,77.36,17557.1
2026-02-12 20:10:00+00:00,77.36,77.385,77.027,77.348,25835.3
2026-02-12 20:15:00+00:00,77.348,77.499,77.244,77.348,11280.1
2026-02-12 20:20:00+00:00,77.348,77.367,77.003,77.12,24316.5
2026-02-12 20:25:00+00:00,77.12,77.249,77.013,77.08,18306.6
2026-02-12 20:30:00+00:00,77.08,77.179,76.929,77.07,37701.7
2026-02-12 20:35:00+00:00,77.07,77.365,77.054,77.275,34062.0
2026-02-12 20:40:00+00:00,77.275,77.332,76.992,77.126,26105.2
2026-02-12 20:45:00+00:00,77.126,77.157,76.592,76.753,35244.0
2026-02-12 20:50:00+00:00,76.753,76.907,76.531,76.876,19883.5
2026-02-12 20:55:00+00:00,76.876,76.999,76.756,76.873,14713.0
2026-02-12 21:00:00+00:00,76.873,77.286,76.873,77.234,21924.3
2026-02-12 21:05:00+00:00,77.234,77.256,77.034,77.132,10526.9
2026-02-12 21:10:00+00:00,77.132,77.207,76.912,77.202,6787.0
2026-02-12 21:15:00+00:00,77.202,77.346,77.088,77.288,29758.6
2026-02-12 21:20:00+00:00,77.288,77.298,76.945,77.139,5623.1
2026-02-12 21:25:00+00:00,77.139,77.185,77.015,77.128,4482.5
2026-02-12 21:30:00+00:00,77.128,77.408,77.073,77.388,11865.3
2026-02-12 21:35:00+00:00,77.388,77.52,77.355,77.4,28964.4
2026-02-12 21:40:00+00:00,77.4,77.488,77.331,77.442,4204.6
2026-02-12 21:45:00+00:00,77.442,77.445,77.265,77.324,4895.5
2026-02-12 21:50:00+00:00,77.324,77.504,77.308,77.342,8343.4
2026-02-12 21:55:00+00:00,77.342,77.352,77.255,77.283,2248.3
2026-02-12 22:00:00+00:00,77.283,77.337,77.159,77.327,5040.3
2026-02-12 22:05:00+00:00,77.327,77.361,77.224,77.319,3295.4
2026-02-12 22:10:00+00:00,77.319,77.383,77.243,77.34,1521.2
2026-02-12 22:15:00+00:00,77.34,77.34,77.067,77.109,7874.7
2026-02-12 22:20:00+00:00,77.109,77.263,76.915,77.263,13444.2
2026-02-12 22:25:00+00:00,77.263,77.421,77.12,77.371,22729.4
2026-02-12 22:30:00+00:00,77.371,77.494,77.085,77.085,9707.3
2026-02-12 22:35:00+00:00,77.085,77.375,77.085,77.158,5608.0
2026-02-12 22:40:00+00:00,77.158,77.551,77.07,77.524,12122.8
2026-02-12 22:45:00+00:00,77.524,77.882,77.524,77.74,66297.9
2026-02-12 22:50:00+00:00,77.74,77.838,77.608,77.789,12080.2
2026-02-12 22:55:00+00:00,77.789,78.079,77.72,78.066,26448.3
2026-02-12 23:00:00+00:00,78.066,78.236,78.001,78.161,24163.5
2026-02-12 23:05:00+00:00,78.161,78.438,78.06,78.277,12078.5
2026-02-12 23:10:00+00:00,78.277,78.3,77.94,78.064,12199.2
2026-02-12 23:15:00+00:00,78.064,78.188,77.768,77.882,16862.8
2026-02-12 23:20:00+00:00,77.882,78.348,77.828,78.327,8300.1
2026-02-12 23:25:00+00:00,78.327,78.461,78.266,78.289,7283.5
2026-02-12 23:30:00+00:00,78.289,78.409,78.086,78.247,16727.1
2026-02-12 23:35:00+00:00,78.247,78.254,78.069,78.193,9361.6
2026-02-12 23:40:00+00:00,78.193,78.354,78.18,78.219,27950.9
2026-02-12 23:45:00+00:00,78.219,78.285,78.173,78.267,6944.6
2026-02-12 23:50:00+00:00,78.267,78.368,78.206,78.342,3434.8
2026-02-12 23:55:00+00:00,78.342,78.481,78.31,78.353,8441.2
2026-02-13 00:00:00+00:00,78.353,78.74,78.257,78.518,29644.0
2026-02-13 00:05:00+00:00,78.518,78.656,78.367,78.382,4717.2
2026-02-13 00:10:00+00:00,78.382,78.462,78.272,78.36,4772.0
2026-02-13 00:15:00+00:00,78.36,78.379,78.021,78.075,19899.8
2026-02-13 00:20:00+00:00,78.075,78.153,77.886,77.948,23710.1
2026-02-13 00:25:00+00:00,77.948,77.981,77.816,77.876,14738.6
2026-02-13 00:30:00+00:00,77.876,77.966,77.671,77.856,11250.7
2026-02-13 00:35:00+00:00,77.856,78.059,77.822,78.028,12543.4
2026-02-13 00:40:00+00:00,78.028,78.119,77.763,77.778,6375.7
2026-02-13 00:45:00+00:00,77.778,77.885,77.572,77.699,8008.8
2026-02-13 00:50:00+00:00,77.699,78.054,77.456,77.98,14660.8
2026-02-13 00:55:00+00:00,77.98,78.191,77.968,77.978,7032.1
2026-02-13 01:00:00+00:00,77.978,78.22,77.968,78.182,4502.0
2026-02-13 01:05:00+00:00,78.182,78.712,78.168,78.584,16883.2
2026-02-13 01:10:00+00:00,78.584,78.614,78.493,78.528,4786.6
2026-02-13 01:15:00+00:00,78.528,78.597,78.408,78.465,4719.4
2026-02-13 01:20:00+00:00,78.465,78.522,78.193,78.194,10565.7
2026-02-13 01:25:00+00:00,78.194,78.449,78.105,78.353,3991.1
2026-02-13 01:30:00+00:00,78.353,78.522,78.289,78.41,3358.9
2026-02-13 01:35:00+00:00,78.41,78.518,78.252,78.457,5196.1
2026-02-13 01:40:00+00:00,78.457,78.733,78.401,78.593,9100.6
2026-02-13 01:45:00+00:00,78.593,78.815,78.588,78.668,17408.2
2026-02-13 01:50:00+00:00,78.668,78.744,78.427,78.479,2717.8
2026-02-13 01:55:00+00:00,78.479,78.551,78.307,78.551,6672.8
2026-02-13 02:00:00+00:00,78.551,78.619,78.453,78.592,5802.2
2026-02-13 02:05:00+00:00,78.592,78.747,78.521,78.705,3225.8
2026-02-13 02:10:00+00:00,78.705,78.718,78.583,78.655,7063.3
2026-02-13 02:15:00+00:00,78.655,78.696,78.536,78.556,4697.7
2026-02-13 02:20:00+00:00,78.556,78.746,78.4,78.746,2622.2
2026-02-13 02:25:00+00:00,78.746,78.828,78.687,78.7,30735.2
2026-02-13 02:30:00+00:00,78.7,78.749,78.598,78.664,2072.1
2026-02-13 02:35:00+00:00,78.664,78.696,78.426,78.469,3047.3
2026-02-13 02:40:00+00:00,78.469,78.865,78.4,78.841,15309.6
2026-02-13 02:45:00+00:00,78.841,78.866,78.626,78.634,4382.0
2026-02-13 02:50:00+00:00,78.634,79.2,78.633,79.152,25304.3
2026-02-13 02:55:00+00:00,79.152,79.269,79.053,79.095,17771.4
2026-02-13 03:00:00+00:00,79.095,79.185,79.041,79.096,6523.2
2026-02-13 03:05:00+00:00,79.096,79.096,78.763,78.957,14564.1
2026-02-13 03:10:00+00:00,78.957,78.996,78.852,78.896,2112.1
2026-02-13 03:15:00+00:00,78.896,79.085,78.842,79.036,3150.4
2026-02-13 03:20:00+00:00,79.036,79.039,78.898,78.952,3825.5
2026-02-13 03:25:00+00:00,78.952,79.13,78.952,79.13,4156.0
2026-02-13 03:30:00+00:00,79.13,79.454,79.129,79.173,11746.9
2026-02-13 03:35:00+00:00,79.173,79.253,79.088,79.175,5764.2
2026-02-13 03:40:00+00:00,79.175,79.237,79.064,79.07,1650.3
2026-02-13 03:45:00+00:00,79.07,79.133,78.942,78.96,4264.3
2026-02-13 03:50:00+00:00,78.96,79.056,78.851,78.994,5180.8
2026-02-13 03:55:00+00:00,78.994,79.008,78.894,79.008,3540.5
2026-02-13 04:00:00+00:00,79.008,79.141,78.918,78.919,12424.1
2026-02-13 04:05:00+00:00,78.919,79.09,78.818,78.989,12217.3
2026-02-13 04:10:00+00:00,78.989,79.039,78.84,79.02,2441.4
2026-02-13 04:15:00+00:00,79.02,79.224,78.99,79.119,7349.4
2026-02-13 04:20:00+00:00,79.119,79.14,78.837,78.959,3513.5
2026-02-13 04:25:00+00:00,78.959,79.032,78.878,78.878,2748.4
2026-02-13 04:30:00+00:00,78.878,78.878,78.572,78.656,15750.7
2026-02-13 04:35:00+00:00,78.656,78.755,78.547,78.611,3904.1
2026-02-13 04:40:00+00:00,78.611,78.641,78.46,78.508,7233.4
2026-02-13 04:45:00+00:00,78.508,78.532,78.414,78.493,4117.4
2026-02-13 04:50:00+00:00,78.493,78.64,78.493,78.63,3143.7
2026-02-13 04:55:00+00:00,78.63,78.664,78.416,78.462,5360.0
2026-02-13 05:00:00+00:00,78.462,78.599,78.421,78.476,10197.6
2026-02-13 05:05:00+00:00,78.476,78.482,78.169,78.247,10630.6
2026-02-13 05:10:00+00:00,78.247,78.324,78.176,78.176,6522.3
2026-02-13 05:15:00+00:00,78.176,78.329,78.111,78.256,4249.8
2026-02-13 05:20:00+00:00,78.256,78.418,78.238,78.293,5017.3
2026-02-13 05:25:00+00:00,78.293,78.415,78.202,78.312,4371.9
2026-02-13 05:30:00+00:00,78.312,78.505,78.296,78.43,6328.2
2026-02-13 05:35:00+00:00,78.43,78.648,78.407,78.477,10309.2
2026-02-13 05:40:00+00:00,78.477,78.699,78.372,78.662,4522.1
2026-02-13 05:45:00+00:00,78.662,78.71,78.547,78.662,4822.2
2026-02-13 05:50:00+00:00,78.662,78.662,78.477,78.477,2717.3
2026-02-13 05:55:00+00:00,78.477,78.567,78.224,78.242,6962.3
2026-02-13 06:00:00+00:00,78.242,78.399,78.21,78.316,6472.6
2026-02-13 06:05:00+00:00,78.316,78.394,78.31,78.363,1706.7
2026-02-13 06:10:00+00:00,78.363,78.459,78.316,78.339,1698.5
2026-02-13 06:15:00+00:00,78.339,78.456,78.312,78.329,4310.2
2026-02-13 06:20:00+00:00,78.329,78.409,77.858,77.935,63960.5
2026-02-13 06:25:00+00:00,77.935,77.987,77.877,77.977,8524.4
2026-02-13 06:30:00+00:00,77.977,78.033,77.804,77.998,10171.9
2026-02-13 06:35:00+00:00,77.998,78.075,77.963,77.968,3137.3
2026-02-13 06:40:00+00:00,77.968,78.073,77.962,78.014,6800.0
2026-02-13 06:45:00+00:00,78.014,78.14,77.944,78.03,4479.1
2026-02-13 06:50:00+00:00,78.03,78.323,78.02,78.248,12095.4
2026-02-13 06:55:00+00:00,78.248,78.624,78.235,78.574,35591.1
2026-02-13 07:00:00+00:00,78.574,78.839,78.528,78.795,9258.5
2026-02-13 07:05:00+00:00,78.795,78.872,78.634,78.664,5866.0
2026-02-13 07:10:00+00:00,78.664,79.202,78.664,79.083,32419.4
2026-02-13 07:15:00+00:00,79.083,79.16,78.937,78.963,6012.1
2026-02-13 07:20:00+00:00,78.963,79.032,78.887,78.984,13867.2
2026-02-13 07:25:00+00:00,78.984,78.999,78.852,78.936,4989.8
2026-02-13 07:30:00+00:00,78.936,78.936,78.807,78.841,13329.7
2026-02-13 07:35:00+00:00,78.841,78.893,78.563,78.575,8386.0
2026-02-13 07:40:00+00:00,78.575,78.601,78.504,78.543,9156.0
2026-02-13 07:45:00+00:00,78.543,78.726,78.472,78.724,7825.4
2026-02-13 07:50:00+00:00,78.724,79.01,78.602,79.01,8806.5
2026-02-13 07:55:00+00:00,79.01,79.046,78.867,78.911,10153.7
2026-02-13 08:00:00+00:00,78.911,79.054,78.793,79.014,8364.3
2026-02-13 08:05:00+00:00,79.014,79.177,78.99,79.035,9216.4
2026-02-13 08:10:00+00:00,79.035,79.168,78.936,78.936,9741.6
2026-02-13 08:15:00+00:00,78.936,79.032,78.875,79.01,4957.0
2026-02-13 08:20:00+00:00,79.01,79.324,78.897,79.088,7877.7
2026-02-13 08:25:00+00:00,79.088,79.38,79.088,79.26,7558.2
2026-02-13 08:30:00+00:00,79.26,79.396,79.202,79.338,9479.3
2026-02-13 08:35:00+00:00,79.338,79.364,79.215,79.236,5728.4
2026-02-13 08:40:00+00:00,79.236,79.359,79.184,79.355,3438.9
2026-02-13 08:45:00+00:00,79.355,79.859,79.355,79.759,35759.8
2026-02-13 08:50:00+00:00,79.759,79.819,79.572,79.624,6976.9
2026-02-13 08:55:00+00:00,79.624,79.678,79.547,79.666,6356.6
2026-02-13 09:00:00+00:00,79.666,79.67,79.513,79.522,5373.7
2026-02-13 09:05:00+00:00,79.522,79.692,79.492,79.6,6074.5
2026-02-13 09:10:00+00:00,79.6,79.719,79.362,79.436,8984.9
2026-02-13 09:15:00+00:00,79.436,79.624,79.417,79.519,5423.2
2026-02-13 09:20:00+00:00,79.519,79.698,79.481,79.629,5083.6
2026-02-13 09:25:00+00:00,79.629,79.688,79.601,79.688,2721.0
2026-02-13 09:30:00+00:00,79.688,79.746,79.584,79.632,11137.7
2026-02-13 09:35:00+00:00,79.632,79.656,79.48,79.53,6054.2
2026-02-13 09:40:00+00:00,79.53,79.569,79.435,79.483,2400.3
2026-02-13 09:45:00+00:00,79.483,79.737,79.459,79.721,4415.2
2026-02-13 09:50:00+00:00,79.721,79.905,79.676,79.782,14622.4
2026-02-13 09:55:00+00:00,79.782,79.851,79.77,79.835,6666.9
2026-02-13 10:00:00+00:00,79.835,79.901,79.711,79.745,19294.9
2026-02-13 10:05:00+00:00,79.745,79.913,79.726,79.794,7866.5
2026-02-13 10:10:00+00:00,79.794,80.065,79.794,80.059,30780.3
2026-02-13 10:15:00+00:00,80.059,80.382,80.033,80.219,25077.4
2026-02-13 10:20:00+00:00,80.219,80.219,79.812,79.892,35556.7
2026-02-13 10:25:00+00:00,79.892,80.089,79.867,80.072,5222.5
2026-02-13 10:30:00+00:00,80.072,80.329,79.944,80.301,9629.6
2026-02-13 10:35:00+00:00,80.301,80.335,80.078,80.104,11955.6
2026-02-13 10:40:00+00:00,80.104,80.28,80.079,80.267,16126.7
2026-02-13 10:45:00+00:00,80.267,80.336,80.145,80.227,8866.1
2026-02-13 10:50:00+00:00,80.227,80.552,80.071,80.471,30438.2
2026-02-13 10:55:00+00:00,80.471,80.579,80.286,80.296,13424.1
2026-02-13 11:00:00+00:00,80.296,80.311,80.125,80.207,10950.8
2026-02-13 11:05:00+00:00,80.207,80.332,80.064,80.098,5010.2
2026-02-13 11:10:00+00:00,80.098,80.099,79.943,80.021,11028.8
2026-02-13 11:15:00+00:00,80.021,80.128,79.921,80.111,6953.8
2026-02-13 11:20:00+00:00,80.111,80.167,79.884,79.937,5237.1
2026-02-13 11:25:00+00:00,79.937,80.132,79.908,80.032,4103.7
2026-02-13 11:30:00+00:00,80.032,80.063,79.72,79.92,26721.6
2026-02-13 11:35:00+00:00,79.92,80.049,79.881,79.952,5136.8
2026-02-13 11:40:00+00:00,79.952,80.182,79.944,80.133,5948.4
2026-02-13 11:45:00+00:00,80.133,80.289,80.057,80.152,7363.7
2026-02-13 11:50:00+00:00,80.152,80.332,80.13,80.244,7647.3
2026-02-13 11:55:00+00:00,80.244,80.36,80.136,80.265,19156.5
2026-02-13 12:00:00+00:00,80.265,80.269,79.937,79.97,10836.0
2026-02-13 12:05:00+00:00,79.97,79.991,79.806,79.97,11180.8
2026-02-13 12:10:00+00:00,79.97,80.115,79.887,79.887,6731.9
2026-02-13 12:15:00+00:00,79.887,79.999,79.834,79.95,3731.1
2026-02-13 12:20:00+00:00,79.95,80.05,79.92,79.934,2788.1
2026-02-13 12:25:00+00:00,79.934,80.135,79.917,80.053,3541.9
2026-02-13 12:30:00+00:00,80.053,80.119,79.963,79.963,3195.1
2026-02-13 12:35:00+00:00,79.963,80.095,79.9,79.975,3777.9
2026-02-13 12:40:00+00:00,79.975,80.036,79.862,79.942,3028.9
2026-02-13 12:45:00+00:00,79.942,79.993,79.89,79.993,4766.6
2026-02-13 12:50:00+00:00,79.993,80.1,79.934,80.1,3647.2
2026-02-13 12:55:00+00:00,80.1,80.124,79.852,79.913,5909.3
2026-02-13 13:00:00+00:00,79.913,80.092,79.9,80.061,13821.9
2026-02-13 13:05:00+00:00,80.061,80.064,79.656,79.803,24304.1
2026-02-13 13:10:00+00:00,79.803,79.893,79.761,79.792,9047.4
2026-02-13 13:15:00+00:00,79.792,80.012,79.78,80.002,4334.7
2026-02-13 13:20:00+00:00,80.002,80.23,79.935,80.196,13635.3
2026-02-13 13:25:00+00:00,80.196,80.474,80.195,80.259,50530.4
2026-02-13 13:30:00+00:00,80.259,80.836,80.237,80.64,130134.6
2026-02-13 13:35:00+00:00,80.64,80.644,80.064,80.152,26809.0
2026-02-13 13:40:00+00:00,80.152,80.29,80.065,80.106,14882.6
2026-02-13 13:45:00+00:00,80.106,80.218,79.888,80.215,16785.4
2026-02-13 13:50:00+00:00,80.215,80.456,80.172,80.312,16499.4
2026-02-13 13:55:00+00:00,80.312,80.423,80.195,80.231,5778.3
2026-02-13 14:00:00+00:00,80.231,80.284,79.912,79.953,13968.9
2026-02-13 14:05:00+00:00,79.953,80.03,79.826,79.939,15127.3
2026-02-13 14:10:00+00:00,79.939,80.04,79.8,79.87,12216.3
2026-02-13 14:15:00+00:00,79.87,80.301,79.87,80.263,20474.7
2026-02-13 14:20:00+00:00,80.263,80.316,80.189,80.273,5221.0
2026-02-13 14:25:00+00:00,80.273,80.707,80.22,80.553,72973.4
2026-02-13 14:30:00+00:00,80.553,81.529,80.482,81.465,165836.0
2026-02-13 14:35:00+00:00,81.465,81.483,80.837,80.948,44276.2
2026-02-13 14:40:00+00:00,80.948,81.066,80.347,81.066,68485.7
2026-02-13 14:45:00+00:00,81.066,81.911,81.066,81.709,79015.1
2026-02-13 14:50:00+00:00,81.709,81.798,81.223,81.3,36632.0
2026-02-13 14:55:00+00:00,81.3,81.526,81.08,81.287,24162.1
2026-02-13 15:00:00+00:00,81.287,81.692,81.214,81.265,27502.2
2026-02-13 15:05:00+00:00,81.265,81.95,81.043,81.926,42864.5
2026-02-13 15:10:00+00:00,81.926,82.623,81.827,82.248,73032.2
2026-02-13 15:15:00+00:00,82.248,82.581,82.098,82.148,44625.8
2026-02-13 15:20:00+00:00,82.148,82.389,81.952,82.225,25579.8
2026-02-13 15:25:00+00:00,82.225,83.657,82.171,83.595,96828.0
2026-02-13 15:30:00+00:00,83.595,84.3,83.585,83.826,105045.8
2026-02-13 15:35:00+00:00,83.826,84.12,83.51,83.569,50215.6
2026-02-13 15:40:00+00:00,83.569,83.583,83.026,83.129,36708.3
2026-02-13 15:45:00+00:00,83.129,83.3,82.825,82.916,49061.0
2026-02-13 15:50:00+00:00,82.916,83.266,82.855,83.101,43514.9
2026-02-13 15:55:00+00:00,83.101,83.3,82.825,83.14,14132.7
2026-02-13 16:00:00+00:00,83.14,83.317,82.865,83.174,15427.3
2026-02-13 16:05:00+00:00,83.174,84.088,83.127,83.844,126435.6
2026-02-13 16:10:00+00:00,83.844,83.862,83.397,83.714,19525.5
2026-02-13 16:15:00+00:00,83.714,83.904,83.469,83.482,11687.8
2026-02-13 16:20:00+00:00,83.482,83.698,83.362,83.616,8848.5
2026-02-13 16:25:00+00:00,83.616,84.055,83.528,84.051,15431.6
2026-02-13 16:30:00+00:00,84.051,84.954,83.901,84.42,96991.2
2026-02-13 16:35:00+00:00,84.42,84.588,84.212,84.466,41341.9
2026-02-13 16:40:00+00:00,84.466,84.5,84.272,84.445,23298.9
2026-02-13 16:45:00+00:00,84.445,84.471,84.108,84.195,7969.6
2026-02-13 16:50:00+00:00,84.195,84.534,84.185,84.395,42311.8
2026-02-13 16:55:00+00:00,84.395,84.574,84.089,84.153,11286.0
2026-02-13 17:00:00+00:00,84.153,84.175,83.801,83.886,28820.4
2026-02-13 17:05:00+00:00,83.886,83.982,83.491,83.519,29944.5
2026-02-13 17:10:00+00:00,83.519,84.1,83.516,84.095,30225.5
2026-02-13 17:15:00+00:00,84.095,84.319,83.988,84.174,14842.5
2026-02-13 17:20:00+00:00,84.174,84.45,84.147,84.275,19925.5
2026-02-13 17:25:00+00:00,84.275,84.367,84.053,84.312,20642.4
2026-02-13 17:30:00+00:00,84.312,84.687,84.293,84.467,11093.5
2026-02-13 17:35:00+00:00,84.467,84.519,84.322,84.435,9618.9
2026-02-13 17:40:00+00:00,84.435,84.526,84.289,84.321,7358.1
2026-02-13 17:45:00+00:00,84.321,84.436,84.087,84.232,7422.9
2026-02-13 17:50:00+00:00,84.232,84.482,84.16,84.286,6309.1
2026-02-13 17:55:00+00:00,84.286,84.464,84.238,84.282,3709.5
2026-02-13 18:00:00+00:00,84.282,84.665,84.058,84.592,23612.5
2026-02-13 18:05:00+00:00,84.592,84.833,84.472,84.636,17384.0
2026-02-13 18:10:00+00:00,84.636,84.805,84.433,84.475,47046.2
2026-02-13 18:15:00+00:00,84.475,84.585,84.262,84.354,6182.5
2026-02-13 18:20:00+00:00,84.354,84.743,84.335,84.647,7505.4
2026-02-13 18:25:00+00:00,84.647,84.725,84.483,84.608,13094.5
2026-02-13 18:30:00+00:00,84.608,84.8,84.53,84.708,30304.0
2026-02-13 18:35:00+00:00,84.708,85.407,84.661,85.177,49093.8
2026-02-13 18:40:00+00:00,85.177,85.35,85.02,85.122,14467.0
2026-02-13 18:45:00+00:00,85.122,85.452,85.058,85.153,19399.4
2026-02-13 18:50:00+00:00,85.153,85.564,85.137,85.43,38315.0
2026-02-13 18:55:00+00:00,85.43,85.503,85.179,85.343,21363.8
2026-02-13 19:00:00+00:00,85.343,85.463,85.111,85.145,8562.3
2026-02-13 19:05:00+00:00,85.145,85.399,85.106,85.36,8838.5
2026-02-13 19:10:00+00:00,85.36,85.571,85.195,85.25,15983.4
2026-02-13 19:15:00+00:00,85.25,85.25,84.91,85.116,19198.6
2026-02-13 19:20:00+00:00,85.116,85.356,85.091,85.304,6929.6
2026-02-13 19:25:00+00:00,85.304,85.335,84.714,84.731,8911.5
2026-02-13 19:30:00+00:00,84.731,84.856,84.623,84.742,13748.2
2026-02-13 19:35:00+00:00,84.742,84.848,84.651,84.732,11112.4
2026-02-13 19:40:00+00:00,84.732,84.739,84.482,84.576,11565.1
2026-02-13 19:45:00+00:00,84.576,84.697,84.54,84.582,4649.3
2026-02-13 19:50:00+00:00,84.582,84.764,84.582,84.725,7808.3
2026-02-13 19:55:00+00:00,84.725,84.899,84.573,84.603,6028.8
2026-02-13 20:00:00+00:00,84.603,84.652,84.399,84.49,35771.3
2026-02-13 20:05:00+00:00,84.49,84.619,84.391,84.466,8987.0
2026-02-13 20:10:00+00:00,84.466,84.585,84.239,84.271,14998.9
2026-02-13 20:15:00+00:00,84.271,84.47,84.109,84.47,20889.7
2026-02-13 20:20:00+00:00,84.47,84.701,84.381,84.569,19524.4
2026-02-13 20:25:00+00:00,84.569,84.61,84.374,84.493,11857.8
2026-02-13 20:30:00+00:00,84.493,84.74,84.409,84.552,7104.6
2026-02-13 20:35:00+00:00,84.552,84.716,84.371,84.512,27508.9
2026-02-13 20:40:00+00:00,84.512,84.695,84.45,84.677,7957.2
2026-02-13 20:45:00+00:00,84.677,85.035,84.632,85.0,14310.3
2026-02-13 20:50:00+00:00,85.0,85.013,84.793,84.865,6189.7
2026-02-13 20:55:00+00:00,84.865,84.865,84.588,84.735,16978.8
2026-02-13 21:00:00+00:00,84.735,85.01,84.628,84.946,30115.0
2026-02-13 21:05:00+00:00,84.946,85.139,84.891,85.067,19802.1
2026-02-13 21:10:00+00:00,85.067,85.133,84.916,85.036,10189.6
2026-02-13 21:15:00+00:00,85.036,85.044,84.849,84.859,2961.0
2026-02-13 21:20:00+00:00,84.859,84.962,84.809,84.885,5408.2
2026-02-13 21:25:00+00:00,84.885,85.028,84.774,84.774,4508.1
2026-02-13 21:30:00+00:00,84.774,84.853,84.73,84.782,4696.7
2026-02-13 21:35:00+00:00,84.782,84.786,84.664,84.669,4973.6
2026-02-13 21:40:00+00:00,84.669,84.798,84.659,84.759,3117.5
2026-02-13 21:45:00+00:00,84.759,84.759,84.575,84.726,3855.5
2026-02-13 21:50:00+00:00,84.726,84.732,84.505,84.541,2185.2
2026-02-13 21:55:00+00:00,84.541,84.804,84.517,84.802,23292.2
2026-02-13 22:00:00+00:00,84.802,84.809,84.62,84.641,3354.2
2026-02-13 22:05:00+00:00,84.641,84.898,84.641,84.783,5203.4
2026-02-13 22:10:00+00:00,84.783,84.853,84.415,84.423,11786.1
2026-02-13 22:15:00+00:00,84.423,84.559,84.398,84.491,4934.7
2026-02-13 22:20:00+00:00,84.491,84.632,84.49,84.538,14082.6
2026-02-13 22:25:00+00:00,84.538,84.7,84.538,84.648,1510.8
2026-02-13 22:30:00+00:00,84.648,84.691,84.516,84.587,4096.2
2026-02-13 22:35:00+00:00,84.587,84.587,84.448,84.448,1760.6
2026-02-13 22:40:00+00:00,84.448,84.636,84.414,84.584,15073.6
2026-02-13 22:45:00+00:00,84.584,84.659,84.526,84.563,2343.0
2026-02-13 22:50:00+00:00,84.563,84.599,84.497,84.555,10876.2
2026-02-13 22:55:00+00:00,84.555,84.618,84.449,84.616,2116.9
2026-02-13 23:00:00+00:00,84.616,84.616,84.449,84.488,1325.9
2026-02-13 23:05:00+00:00,84.488,84.488,84.287,84.321,11007.6
2026-02-13 23:10:00+00:00,84.321,84.392,84.3,84.324,4085.7
2026-02-13 23:15:00+00:00,84.324,84.47,84.172,84.21,32868.8
2026-02-13 23:20:00+00:00,84.21,84.359,84.192,84.27,14030.9
2026-02-13 23:25:00+00:00,84.27,84.34,84.232,84.232,2005.1
2026-02-13 23:30:00+00:00,84.232,84.377,84.232,84.376,2219.9
2026-02-13 23:35:00+00:00,84.376,84.382,84.154,84.171,2353.7
2026-02-13 23:40:00+00:00,84.171,84.264,84.08,84.158,10182.4
2026-02-13 23:45:00+00:00,84.158,84.302,84.146,84.273,3448.0
2026-02-13 23:50:00+00:00,84.273,84.315,84.162,84.266,1495.1
2026-02-13 23:55:00+00:00,84.266,84.354,84.233,84.282,14614.3
2026-02-14 00:00:00+00:00,84.282,84.325,84.211,84.281,2333.8
2026-02-14 00:05:00+00:00,84.281,84.317,84.182,84.224,2213.7
2026-02-14 00:10:00+00:00,84.224,84.343,84.151,84.322,3440.0
2026-02-14 00:15:00+00:00,84.322,84.462,84.264,84.433,3230.5
2026-02-14 00:20:00+00:00,84.433,84.452,84.299,84.352,6432.4
2026-02-14 00:25:00+00:00,84.352,84.417,84.334,84.417,1847.8
2026-02-14 00:30:00+00:00,84.417,84.673,84.378,84.636,9140.1
2026-02-14 00:35:00+00:00,84.636,84.652,84.524,84.65,2510.3
2026-02-14 00:40:00+00:00,84.65,84.933,84.609,84.891,24417.7
2026-02-14 00:45:00+00:00,84.891,84.899,84.772,84.859,2759.4
2026-02-14 00:50:00+00:00,84.859,85.019,84.798,84.958,6916.7
2026-02-14 00:55:00+00:00,84.958,85.034,84.853,84.91,5775.2
2026-02-14 01:00:00+00:00,84.91,84.91,84.729,84.793,5325.8
2026-02-14 01:05:00+00:00,84.793,84.855,84.737,84.855,3476.0
2026-02-14 01:10:00+00:00,84.855,84.903,84.724,84.885,3008.4
2026-02-14 01:15:00+00:00,84.885,85.143,84.866,85.104,6618.4
2026-02-14 01:20:00+00:00,85.104,85.125,84.781,84.822,6213.5
2026-02-14 01:25:00+00:00,84.822,84.885,84.755,84.872,3135.5
2026-02-14 01:30:00+00:00,84.872,84.887,84.742,84.859,4907.8
2026-02-14 01:35:00+00:00,84.859,84.999,84.845,84.908,2337.2
2026-02-14 01:40:00+00:00,84.908,84.995,84.849,84.875,3253.7
2026-02-14 01:45:00+00:00,84.875,85.0,84.875,84.97,1453.5
2026-02-14 01:50:00+00:00,84.97,85.02,84.889,84.902,1130.5
2026-02-14 01:55:00+00:00,84.902,84.962,84.867,84.932,3463.8
2026-02-14 02:00:00+00:00,84.932,84.932,84.762,84.853,3085.2
2026-02-14 02:05:00+00:00,84.853,84.911,84.81,84.886,1792.6
2026-02-14 02:10:00+00:00,84.886,84.94,84.858,84.935,3603.0
2026-02-14 02:15:00+00:00,84.935,84.936,84.767,84.777,3742.3
2026-02-14 02:20:00+00:00,84.777,84.777,84.617,84.617,5808.0
2026-02-14 02:25:00+00:00,84.617,84.72,84.589,84.644,5235.1
2026-02-14 02:30:00+00:00,84.644,84.737,84.51,84.721,7443.0
2026-02-14 02:35:00+00:00,84.721,84.841,84.685,84.837,3288.2
2026-02-14 02:40:00+00:00,84.837,84.845,84.752,84.818,4669.8
2026-02-14 02:45:00+00:00,84.818,84.856,84.768,84.828,1784.8
2026-02-14 02:50:00+00:00,84.828,84.847,84.726,84.827,1640.0
2026-02-14 02:55:00+00:00,84.827,84.861,84.805,84.817,1877.1
2026-02-14 03:00:00+00:00,84.817,84.91,84.746,84.761,3857.4
2026-02-14 03:05:00+00:00,84.761,84.985,84.756,84.905,3146.5
2026-02-14 03:10:00+00:00,84.905,84.985,84.902,84.985,3017.7
2026-02-14 03:15:00+00:00,84.985,84.991,84.801,84.844,4266.5
2026-02-14 03:20:00+00:00,84.844,84.899,84.8,84.89,1498.5
2026-02-14 03:25:00+00:00,84.89,84.989,84.89,84.927,2707.0
2026-02-14 03:30:00+00:00,84.927,85.119,84.927,85.108,4936.0
2026-02-14 03:35:00+00:00,85.108,85.248,85.007,85.071,15857.0
2026-02-14 03:40:00+00:00,85.071,85.112,84.981,84.981,4033.2
2026-02-14 03:45:00+00:00,84.981,84.994,84.913,84.961,2045.0
2026-02-14 03:50:00+00:00,84.961,85.022,84.916,84.971,2043.4
2026-02-14 03:55:00+00:00,84.971,85.099,84.971,85.012,2741.6
2026-02-14 04:00:00+00:00,85.012,85.013,84.902,84.909,2268.7
2026-02-14 04:05:00+00:00,84.909,84.968,84.825,84.827,1755.6
2026-02-14 04:10:00+00:00,84.827,84.9,84.825,84.895,1332.4
2026-02-14 04:15:00+00:00,84.895,84.966,84.829,84.93,1422.6
2026-02-14 04:20:00+00:00,84.93,84.93,84.765,84.838,2579.3
2026-02-14 04:25:00+00:00,84.838,84.964,84.818,84.959,1789.7
2026-02-14 04:30:00+00:00,84.959,85.042,84.903,84.964,3082.0
2026-02-14 04:35:00+00:00,84.964,84.964,84.858,84.926,4356.9
2026-02-14 04:40:00+00:00,84.926,84.928,84.843,84.908,1974.4
2026-02-14 04:45:00+00:00,84.908,84.911,84.816,84.848,3611.4
2026-02-14 04:50:00+00:00,84.848,84.864,84.784,84.789,850.7
2026-02-14 04:55:00+00:00,84.789,84.84,84.733,84.757,3041.2
2026-02-14 05:00:00+00:00,84.757,84.787,84.643,84.773,4804.4
2026-02-14 05:05:00+00:00,84.773,84.801,84.7,84.701,2537.8
2026-02-14 05:10:00+00:00,84.701,84.911,84.7,84.88,2418.0
2026-02-14 05:15:00+00:00,84.88,84.938,84.856,84.901,1854.5
2026-02-14 05:20:00+00:00,84.901,84.982,84.833,84.942,3332.3
2026-02-14 05:25:00+00:00,84.942,84.949,84.889,84.891,2104.6
2026-02-14 05:30:00+00:00,84.891,84.959,84.834,84.858,3257.1
2026-02-14 05:35:00+00:00,84.858,84.878,84.735,84.753,4272.7
2026-02-14 05:40:00+00:00,84.753,84.765,84.705,84.748,4236.5
2026-02-14 05:45:00+00:00,84.748,84.802,84.728,84.788,5616.2
2026-02-14 05:50:00+00:00,84.788,84.84,84.658,84.696,8369.7
2026-02-14 05:55:00+00:00,84.696,84.704,84.558,84.559,2209.7
2026-02-14 06:00:00+00:00,84.559,84.621,84.458,84.458,13545.9
2026-02-14 06:05:00+00:00,84.458,84.542,84.291,84.305,9256.2
2026-02-14 06:10:00+00:00,84.305,84.479,84.265,84.478,10742.6
2026-02-14 06:15:00+00:00,84.478,84.683,84.474,84.612,4976.5
2026-02-14 06:20:00+00:00,84.612,84.621,84.494,84.551,2311.2
2026-02-14 06:25:00+00:00,84.551,84.72,84.551,84.679,15779.1
2026-02-14 06:30:00+00:00,84.679,84.755,84.628,84.652,1740.6
2026-02-14 06:35:00+00:00,84.652,84.746,84.608,84.705,1046.5
2026-02-14 06:40:00+00:00,84.705,84.716,84.651,84.694,2092.0
2026-02-14 06:45:00+00:00,84.694,84.771,84.648,84.748,2003.2
2026-02-14 06:50:00+00:00,84.748,84.888,84.748,84.822,2568.4
2026-02-14 06:55:00+00:00,84.822,84.88,84.758,84.792,1210.1
2026-02-14 07:00:00+00:00,84.792,84.879,84.728,84.825,3776.8
2026-02-14 07:05:00+00:00,84.825,84.863,84.777,84.783,569.0
2026-02-14 07:10:00+00:00,84.783,84.82,84.766,84.806,2653.3
2026-02-14 07:15:00+00:00,84.806,84.883,84.755,84.787,1112.5
2026-02-14 07:20:00+00:00,84.787,84.867,84.708,84.866,4656.1
2026-02-14 07:25:00+00:00,84.866,84.888,84.822,84.885,3889.7
2026-02-14 07:30:00+00:00,84.885,84.956,84.832,84.92,6851.3
2026-02-14 07:35:00+00:00,84.92,84.92,84.8,84.825,1423.4
2026-02-14 07:40:00+00:00,84.825,85.007,84.806,84.983,5551.5
2026-02-14 07:45:00+00:00,84.983,85.055,84.892,85.045,5890.6
2026-02-14 07:50:00+00:00,85.045,85.221,85.011,85.092,11751.6
2026-02-14 07:55:00+00:00,85.092,85.215,85.014,85.13,4673.7
2026-02-14 08:00:00+00:00,85.13,85.406,85.097,85.337,26185.7
2026-02-14 08:05:00+00:00,85.337,86.112,85.248,85.614,161868.3
2026-02-14 08:10:00+00:00,85.614,85.624,85.376,85.506,14438.2
2026-02-14 08:15:00+00:00,85.506,85.792,85.488,85.694,8008.9
2026-02-14 08:20:00+00:00,85.694,85.694,85.409,85.472,11180.4
2026-02-14 08:25:00+00:00,85.472,85.511,85.38,85.413,8384.9
2026-02-14 08:30:00+00:00,85.413,85.735,85.394,85.703,10560.4
2026-02-14 08:35:00+00:00,85.703,86.145,85.701,85.975,16312.3
2026-02-14 08:40:00+00:00,85.975,86.071,85.913,85.995,12130.8
2026-02-14 08:45:00+00:00,85.995,86.296,85.96,86.042,22927.8
2026-02-14 08:50:00+00:00,86.042,86.073,85.798,86.021,17546.3
2026-02-14 08:55:00+00:00,86.021,86.373,85.976,86.124,16513.0
2026-02-14 09:00:00+00:00,86.124,86.292,86.102,86.227,22234.6
2026-02-14 09:05:00+00:00,86.227,86.254,86.095,86.216,11220.2
2026-02-14 09:10:00+00:00,86.216,86.308,85.932,86.032,16836.2
2026-02-14 09:15:00+00:00,86.032,86.183,85.918,86.172,7424.4
2026-02-14 09:20:00+00:00,86.172,86.267,85.85,85.879,16739.6
2026-02-14 09:25:00+00:00,85.879,85.951,85.782,85.837,9106.1
2026-02-14 09:30:00+00:00,85.837,85.973,85.794,85.817,5898.2
2026-02-14 09:35:00+00:00,85.817,85.985,85.791,85.967,8939.0
2026-02-14 09:40:00+00:00,85.967,85.974,85.87,85.916,3394.1
2026-02-14 09:45:00+00:00,85.916,86.054,85.913,85.989,10302.0
2026-02-14 09:50:00+00:00,85.989,86.051,85.903,86.022,2991.9
2026-02-14 09:55:00+00:00,86.022,86.043,85.95,85.953,4908.0
2026-02-14 10:00:00+00:00,85.953,85.953,85.669,85.731,9947.8
2026-02-14 10:05:00+00:00,85.731,85.808,85.719,85.792,3705.4
2026-02-14 10:10:00+00:00,85.792,85.885,85.792,85.852,4311.7
2026-02-14 10:15:00+00:00,85.852,85.945,85.784,85.812,9774.3
2026-02-14 10:20:00+00:00,85.812,85.859,85.783,85.841,1951.2
2026-02-14 10:25:00+00:00,85.841,85.85,85.686,85.776,4870.8
2026-02-14 10:30:00+00:00,85.776,85.855,85.763,85.807,1835.3
2026-02-14 10:35:00+00:00,85.807,85.944,85.807,85.887,4323.9
2026-02-14 10:40:00+00:00,85.887,85.896,85.761,85.761,2272.1
2026-02-14 10:45:00+00:00,85.761,85.797,85.672,85.678,5566.0
2026-02-14 10:50:00+00:00,85.678,85.847,85.678,85.717,5968.0
2026-02-14 10:55:00+00:00,85.717,85.797,85.717,85.762,2073.0
2026-02-14 11:00:00+00:00,85.762,85.896,85.756,85.873,1553.4
2026-02-14 11:05:00+00:00,85.873,86.02,85.818,85.976,6331.6
2026-02-14 11:10:00+00:00,85.976,86.65,85.976,86.567,41946.3
2026-02-14 11:15:00+00:00,86.567,86.748,86.379,86.443,49219.8
2026-02-14 11:20:00+00:00,86.443,87.107,86.434,87.037,74549.6
2026-02-14 11:25:00+00:00,87.037,87.046,86.6,86.725,15220.9
2026-02-14 11:30:00+00:00,86.725,86.847,86.488,86.617,32959.5
2026-02-14 11:35:00+00:00,86.617,86.695,86.555,86.593,8131.2
2026-02-14 11:40:00+00:00,86.593,86.84,86.585,86.719,12470.1
2026-02-14 11:45:00+00:00,86.719,86.884,86.666,86.862,22747.9
2026-02-14 11:50:00+00:00,86.862,87.244,86.833,87.173,27161.5
2026-02-14 11:55:00+00:00,87.173,87.268,87.053,87.224,15935.9
2026-02-14 12:00:00+00:00,87.224,87.256,87.016,87.056,8866.4
2026-02-14 12:05:00+00:00,87.056,87.198,87.016,87.182,15370.8
2026-02-14 12:10:00+00:00,87.182,87.21,86.999,87.202,20322.1
2026-02-14 12:15:00+00:00,87.202,87.211,86.89,86.978,10037.0
2026-02-14 12:20:00+00:00,86.978,87.19,86.977,87.053,5538.1
2026-02-14 12:25:00+00:00,87.053,87.11,86.885,87.0,12851.5
2026-02-14 12:30:00+00:00,87.0,87.0,86.873,86.873,8244.3
2026-02-14 12:35:00+00:00,86.873,86.954,86.436,86.519,41769.9
2026-02-14 12:40:00+00:00,86.519,86.585,86.411,86.499,13701.3
2026-02-14 12:45:00+00:00,86.499,86.61,86.411,86.433,36393.8
2026-02-14 12:50:00+00:00,86.433,86.492,86.2,86.387,23340.6
2026-02-14 12:55:00+00:00,86.387,86.529,86.299,86.362,18197.3
2026-02-14 13:00:00+00:00,86.362,86.566,86.222,86.356,17377.0
2026-02-14 13:05:00+00:00,86.356,86.831,86.35,86.806,35056.7
2026-02-14 13:10:00+00:00,86.806,86.855,86.673,86.705,10011.6
2026-02-14 13:15:00+00:00,86.705,86.705,86.304,86.366,22217.9
2026-02-14 13:20:00+00:00,86.366,86.408,86.066,86.159,23016.2
2026-02-14 13:25:00+00:00,86.159,86.256,85.964,86.005,16259.0
2026-02-14 13:30:00+00:00,86.005,86.264,85.968,86.253,30926.9
2026-02-14 13:35:00+00:00,86.253,86.384,86.214,86.25,9669.1
2026-02-14 13:40:00+00:00,86.25,86.348,86.159,86.335,9153.9
2026-02-14 13:45:00+00:00,86.335,86.621,86.297,86.519,11890.8
2026-02-14 13:50:00+00:00,86.519,86.609,86.217,86.217,13890.1
2026-02-14 13:55:00+00:00,86.217,86.399,86.197,86.385,4953.4
2026-02-14 14:00:00+00:00,86.385,86.545,86.321,86.545,4724.1
2026-02-14 14:05:00+00:00,86.545,86.667,86.449,86.635,6307.0
2026-02-14 14:10:00+00:00,86.635,86.78,86.547,86.735,4356.5
2026-02-14 14:15:00+00:00,86.735,86.912,86.653,86.777,19089.1
2026-02-14 14:20:00+00:00,86.777,86.978,86.546,86.554,13893.1
2026-02-14 14:25:00+00:00,86.554,86.747,86.51,86.739,5707.0
2026-02-14 14:30:00+00:00,86.739,87.08,86.715,87.019,21409.6
2026-02-14 14:35:00+00:00,87.019,87.136,86.95,87.071,8623.0
2026-02-14 14:40:00+00:00,87.071,87.08,86.88,86.971,9596.5
2026-02-14 14:45:00+00:00,86.971,87.071,86.888,86.995,5093.0
2026-02-14 14:50:00+00:00,86.995,87.193,86.994,87.119,11418.5
2026-02-14 14:55:00+00:00,87.119,87.499,87.119,87.207,26525.7
2026-02-14 15:00:00+00:00,87.207,87.363,87.093,87.269,27015.8
2026-02-14 15:05:00+00:00,87.269,87.428,87.166,87.228,35438.2
2026-02-14 15:10:00+00:00,87.228,87.26,87.053,87.182,15359.4
2026-02-14 15:15:00+00:00,87.182,87.574,87.087,87.459,25366.2
2026-02-14 15:20:00+00:00,87.459,87.573,87.319,87.509,9396.8
2026-02-14 15:25:00+00:00,87.509,87.672,87.357,87.375,15469.4
2026-02-14 15:30:00+00:00,87.375,87.479,87.337,87.452,8538.1
2026-02-14 15:35:00+00:00,87.452,87.485,87.111,87.218,12700.0
2026-02-14 15:40:00+00:00,87.218,87.318,87.095,87.302,12325.6
2026-02-14 15:45:00+00:00,87.302,87.448,87.258,87.438,5555.1
2026-02-14 15:50:00+00:00,87.438,87.467,87.228,87.252,8947.7
2026-02-14 15:55:00+00:00,87.252,87.441,87.18,87.362,4705.5
2026-02-14 16:00:00+00:00,87.362,87.416,87.216,87.399,6668.3
2026-02-14 16:05:00+00:00,87.399,87.399,87.25,87.251,3995.0
2026-02-14 16:10:00+00:00,87.251,87.468,87.234,87.365,14904.0
2026-02-14 16:15:00+00:00,87.365,87.48,87.138,87.138,17120.0
2026-02-14 16:20:00+00:00,87.138,87.19,86.932,87.062,15711.8
2026-02-14 16:25:00+00:00,87.062,87.366,87.062,87.294,13745.1
2026-02-14 16:30:00+00:00,87.294,87.764,87.064,87.624,32249.3
2026-02-14 16:35:00+00:00,87.624,87.749,87.367,87.733,17186.4
2026-02-14 16:40:00+00:00,87.733,87.944,87.577,87.855,32514.1
2026-02-14 16:45:00+00:00,87.855,88.062,87.732,87.922,33871.3
2026-02-14 16:50:00+00:00,87.922,88.186,87.843,88.021,29676.7
2026-02-14 16:55:00+00:00,88.021,88.152,87.975,88.054,11340.9
2026-02-14 17:00:00+00:00,88.054,88.105,87.869,87.882,12953.5
2026-02-14 17:05:00+00:00,87.882,87.997,87.761,87.846,8146.5
2026-02-14 17:10:00+00:00,87.846,88.128,87.805,88.019,14130.4
2026-02-14 17:15:00+00:00,88.019,88.079,87.908,87.976,7922.9
2026-02-14 17:20:00+00:00,87.976,88.249,87.95,88.222,28456.3
2026-02-14 17:25:00+00:00,88.222,88.398,88.112,88.213,24025.1
2026-02-14 17:30:00+00:00,88.213,88.32,88.157,88.164,8336.6
2026-02-14 17:35:00+00:00,88.164,88.173,87.791,87.91,16024.4
2026-02-14 17:40:00+00:00,87.91,88.024,87.843,88.008,5601.4
2026-02-14 17:45:00+00:00,88.008,88.059,87.792,87.921,8002.2
2026-02-14 17:50:00+00:00,87.921,88.084,87.889,87.951,9383.3
2026-02-14 17:55:00+00:00,87.951,88.026,87.881,87.975,3168.1
2026-02-14 18:00:00+00:00,87.975,88.09,87.88,88.007,9496.3
2026-02-14 18:05:00+00:00,88.007,88.15,87.948,87.984,5143.0
2026-02-14 18:10:00+00:00,87.984,88.07,87.924,87.952,6159.3
2026-02-14 18:15:00+00:00,87.952,88.064,87.799,88.042,4514.4
2026-02-14 18:20:00+00:00,88.042,88.08,87.89,87.895,4945.5
2026-02-14 18:25:00+00:00,87.895,87.937,87.72,87.859,9538.2
2026-02-14 18:30:00+00:00,87.859,88.083,87.789,88.042,3764.4
2026-02-14 18:35:00+00:00,88.042,88.138,87.936,88.099,13998.0
2026-02-14 18:40:00+00:00,88.099,88.145,87.975,88.033,4078.3
2026-02-14 18:45:00+00:00,88.033,88.207,87.962,88.068,8203.0
2026-02-14 18:50:00+00:00,88.068,88.104,87.989,87.997,3263.3
2026-02-14 18:55:00+00:00,87.997,88.06,87.904,87.944,2219.2
2026-02-14 19:00:00+00:00,87.944,87.963,87.654,87.963,8226.9
2026-02-14 19:05:00+00:00,87.963,87.975,87.766,87.82,4325.7
2026-02-14 19:10:00+00:00,87.82,87.938,87.791,87.797,2014.7
2026-02-14 19:15:00+00:00,87.797,87.925,87.482,87.909,12703.8
2026-02-14 19:20:00+00:00,87.909,87.992,87.684,87.864,5634.2
2026-02-14 19:25:00+00:00,87.864,87.946,87.752,87.884,1173.6
2026-02-14 19:30:00+00:00,87.884,88.085,87.883,88.066,4845.5
2026-02-14 19:35:00+00:00,88.066,88.066,87.932,87.996,4527.6
2026-02-14 19:40:00+00:00,87.996,88.054,87.96,88.039,1252.8
2026-02-14 19:45:00+00:00,88.039,88.264,87.968,88.21,14697.2
2026-02-14 19:50:00+00:00,88.21,88.266,88.133,88.149,10286.5
2026-02-14 19:55:00+00:00,88.149,88.149,88.027,88.127,3608.8
2026-02-14 20:00:00+00:00,88.127,88.366,88.116,88.247,13557.5
2026-02-14 20:05:00+00:00,88.247,88.287,87.8,87.825,20252.7
2026-02-14 20:10:00+00:00,87.825,87.931,87.76,87.827,11293.4
2026-02-14 20:15:00+00:00,87.827,87.991,87.804,87.804,3386.1
2026-02-14 20:20:00+00:00,87.804,87.899,87.601,87.886,13224.5
2026-02-14 20:25:00+00:00,87.886,87.932,87.739,87.775,6480.3
2026-02-14 20:30:00+00:00,87.775,87.789,87.651,87.78,2992.2
2026-02-14 20:35:00+00:00,87.78,87.825,87.617,87.825,1767.7
2026-02-14 20:40:00+00:00,87.825,87.938,87.801,87.892,4834.5
2026-02-14 20:45:00+00:00,87.892,88.072,87.863,87.993,19096.0
2026-02-14 20:50:00+00:00,87.993,88.046,87.932,87.993,4528.8
2026-02-14 20:55:00+00:00,87.993,88.129,87.988,88.081,10372.9
2026-02-14 21:00:00+00:00,88.081,88.241,88.027,88.174,55003.9
2026-02-14 21:05:00+00:00,88.174,88.379,88.115,88.258,20196.6
2026-02-14 21:10:00+00:00,88.258,88.263,88.056,88.152,4666.8
2026-02-14 21:15:00+00:00,88.152,88.25,88.081,88.221,4261.8
2026-02-14 21:20:00+00:00,88.221,88.238,87.751,87.759,11058.1
2026-02-14 21:25:00+00:00,87.759,87.835,87.7,87.727,12384.7
2026-02-14 21:30:00+00:00,87.727,87.77,87.579,87.646,38056.2
2026-02-14 21:35:00+00:00,87.646,87.646,87.222,87.391,33800.1
2026-02-14 21:40:00+00:00,87.391,87.653,87.338,87.62,29663.1
2026-02-14 21:45:00+00:00,87.62,87.754,87.62,87.676,5282.3
2026-02-14 21:50:00+00:00,87.676,87.825,87.643,87.81,4369.1
2026-02-14 21:55:00+00:00,87.81,88.049,87.737,87.997,11125.6
2026-02-14 22:00:00+00:00,87.997,88.082,87.92,88.072,7553.8
2026-02-14 22:05:00+00:00,88.072,88.107,87.99,87.99,2957.5
2026-02-14 22:10:00+00:00,87.99,88.234,87.953,88.196,13400.0
2026-02-14 22:15:00+00:00,88.196,88.216,87.993,88.049,4672.3
2026-02-14 22:20:00+00:00,88.049,88.08,87.837,88.006,6197.5
2026-02-14 22:25:00+00:00,88.006,88.059,87.945,88.022,1261.5
2026-02-14 22:30:00+00:00,88.022,88.15,88.009,88.081,2802.6
2026-02-14 22:35:00+00:00,88.081,88.698,88.081,88.694,99445.5
2026-02-14 22:40:00+00:00,88.694,88.85,88.49,88.524,34592.5
2026-02-14 22:45:00+00:00,88.524,88.65,88.456,88.552,15728.8
2026-02-14 22:50:00+00:00,88.552,88.72,88.531,88.585,21034.4
2026-02-14 22:55:00+00:00,88.585,88.642,88.407,88.432,8677.1
2026-02-14 23:00:00+00:00,88.432,88.605,88.29,88.35,7076.9
2026-02-14 23:05:00+00:00,88.35,88.575,88.35,88.464,3016.5
2026-02-14 23:10:00+00:00,88.464,88.783,88.464,88.703,10891.8
2026-02-14 23:15:00+00:00,88.703,88.842,88.399,88.479,11513.6
2026-02-14 23:20:00+00:00,88.479,88.551,88.232,88.252,12656.6
2026-02-14 23:25:00+00:00,88.252,88.407,88.157,88.357,11185.4
2026-02-14 23:30:00+00:00,88.357,88.544,88.164,88.318,15849.5
2026-02-14 23:35:00+00:00,88.318,88.318,88.005,88.285,12922.0
2026-02-14 23:40:00+00:00,88.285,88.313,88.164,88.164,6148.9
2026-02-14 23:45:00+00:00,88.164,88.274,88.119,88.174,5158.9
2026-02-14 23:50:00+00:00,88.174,88.211,88.007,88.112,12516.7
2026-02-14 23:55:00+00:00,88.112,88.138,87.959,88.01,3742.7
2026-02-15 00:00:00+00:00,88.01,88.057,87.817,88.032,7355.5
2026-02-15 00:05:00+00:00,88.032,88.176,87.773,87.911,29665.0
2026-02-15 00:10:00+00:00,87.911,88.001,87.727,87.857,8684.6
2026-02-15 00:15:00+00:00,87.857,88.299,87.857,88.296,6355.1
2026-02-15 00:20:00+00:00,88.296,88.383,87.959,88.043,8527.3
2026-02-15 00:25:00+00:00,88.043,88.104,87.952,88.069,4986.4
2026-02-15 00:30:00+00:00,88.069,88.151,87.925,87.943,4580.6
2026-02-15 00:35:00+00:00,87.943,87.992,87.823,87.849,13024.6
2026-02-15 00:40:00+00:00,87.849,87.957,87.777,87.809,5884.0
2026-02-15 00:45:00+00:00,87.809,87.925,87.761,87.918,5059.7
2026-02-15 00:50:00+00:00,87.918,88.043,87.897,88.025,2422.3
2026-02-15 00:55:00+00:00,88.025,88.285,88.025,88.12,12073.5
2026-02-15 01:00:00+00:00,88.12,88.275,88.077,88.206,4334.6
2026-02-15 01:05:00+00:00,88.206,88.683,88.206,88.625,19240.6
2026-02-15 01:10:00+00:00,88.625,88.673,88.345,88.38,6646.3
2026-02-15 01:15:00+00:00,88.38,88.454,88.306,88.35,3087.2
2026-02-15 01:20:00+00:00,88.35,88.352,87.79,87.833,24746.0
2026-02-15 01:25:00+00:00,87.833,87.983,87.618,87.743,23887.6
2026-02-15 01:30:00+00:00,87.743,87.895,87.715,87.718,16964.6
2026-02-15 01:35:00+00:00,87.718,87.863,87.537,87.74,30828.0
2026-02-15 01:40:00+00:00,87.74,87.929,87.545,87.665,10369.1
2026-02-15 01:45:00+00:00,87.665,87.8,87.558,87.8,5566.5
2026-02-15 01:50:00+00:00,87.8,88.108,87.788,88.011,13605.0
2026-02-15 01:55:00+00:00,88.011,88.261,87.985,88.23,3342.2
2026-02-15 02:00:00+00:00,88.23,88.302,88.029,88.151,8829.3
2026-02-15 02:05:00+00:00,88.151,88.469,87.917,88.024,19445.4
2026-02-15 02:10:00+00:00,88.024,88.123,87.912,88.114,3859.8
2026-02-15 02:15:00+00:00,88.114,88.236,88.045,88.045,8248.9
2026-02-15 02:20:00+00:00,88.045,88.058,87.725,87.833,7132.1
2026-02-15 02:25:00+00:00,87.833,87.915,87.749,87.877,1688.8
2026-02-15 02:30:00+00:00,87.877,87.877,87.513,87.738,10496.4
2026-02-15 02:35:00+00:00,87.738,88.028,87.458,87.984,22658.8
2026-02-15 02:40:00+00:00,87.984,88.104,87.898,87.931,6575.0
2026-02-15 02:45:00+00:00,87.931,88.181,87.86,87.903,8136.7
2026-02-15 02:50:00+00:00,87.903,88.089,87.882,88.062,2074.3
2026-02-15 02:55:00+00:00,88.062,88.186,87.937,87.937,2935.5
2026-02-15 03:00:00+00:00,87.937,88.094,87.934,88.064,2160.9
2026-02-15 03:05:00+00:00,88.064,88.204,88.044,88.171,2277.9
2026-02-15 03:10:00+00:00,88.171,88.216,88.025,88.025,6734.1
2026-02-15 03:15:00+00:00,88.025,88.164,87.984,88.124,1293.6
2026-02-15 03:20:00+00:00,88.124,88.132,87.931,87.978,2279.8
2026-02-15 03:25:00+00:00,87.978,88.069,87.84,87.841,5685.2
2026-02-15 03:30:00+00:00,87.841,87.981,87.628,87.666,39835.1
2026-02-15 03:35:00+00:00,87.666,87.697,87.31,87.532,34927.8
2026-02-15 03:40:00+00:00,87.532,87.6,87.392,87.489,18770.4
2026-02-15 03:45:00+00:00,87.489,88.339,87.489,88.237,30984.5
2026-02-15 03:50:00+00:00,88.237,88.4,88.204,88.371,7757.3
2026-02-15 03:55:00+00:00,88.371,88.748,88.37,88.544,46266.3
2026-02-15 04:00:00+00:00,88.544,88.954,88.527,88.617,46036.0
2026-02-15 04:05:00+00:00,88.617,89.194,88.503,89.146,45517.2
2026-02-15 04:10:00+00:00,89.146,89.559,89.015,89.411,81893.1
2026-02-15 04:15:00+00:00,89.411,89.75,89.011,89.048,55854.5
2026-02-15 04:20:00+00:00,89.048,89.048,88.469,88.561,36271.0
2026-02-15 04:25:00+00:00,88.561,88.663,88.345,88.373,60449.4
2026-02-15 04:30:00+00:00,88.373,88.703,88.337,88.663,38874.3
2026-02-15 04:35:00+00:00,88.663,88.758,88.518,88.595,5106.3
2026-02-15 04:40:00+00:00,88.595,88.879,88.574,88.771,11006.9
2026-02-15 04:45:00+00:00,88.771,89.115,88.69,89.04,6922.1
2026-02-15 04:50:00+00:00,89.04,89.063,88.577,88.603,6045.9
2026-02-15 04:55:00+00:00,88.603,88.776,88.554,88.743,8849.6
2026-02-15 05:00:00+00:00,88.743,88.974,88.696,88.818,8214.8
2026-02-15 05:05:00+00:00,88.818,89.139,88.786,89.031,5165.8
2026-02-15 05:10:00+00:00,89.031,89.095,88.905,88.985,3996.5
2026-02-15 05:15:00+00:00,88.985,89.365,88.894,89.259,12236.7
2026-02-15 05:20:00+00:00,89.259,89.333,89.056,89.284,5651.2
2026-02-15 05:25:00+00:00,89.284,89.396,89.218,89.339,6601.9
2026-02-15 05:30:00+00:00,89.339,89.622,89.205,89.529,13343.3
2026-02-15 05:35:00+00:00,89.529,89.586,89.353,89.438,8261.5
2026-02-15 05:40:00+00:00,89.438,89.721,89.392,89.676,11976.3
2026-02-15 05:45:00+00:00,89.676,90.0,89.563,89.758,43691.7
2026-02-15 05:50:00+00:00,89.758,90.0,89.674,89.764,10722.3
2026-02-15 05:55:00+00:00,89.764,89.793,89.593,89.626,11554.1
2026-02-15 06:00:00+00:00,89.626,89.712,89.432,89.531,12385.4
2026-02-15 06:05:00+00:00,89.531,89.819,89.498,89.685,8767.7
2026-02-15 06:10:00+00:00,89.685,89.699,89.381,89.552,4510.3
2026-02-15 06:15:00+00:00,89.552,89.747,89.457,89.717,7122.6
2026-02-15 06:20:00+00:00,89.717,89.884,89.639,89.802,11078.1
2026-02-15 06:25:00+00:00,89.802,90.0,89.655,89.667,11607.1
2026-02-15 06:30:00+00:00,89.667,89.819,89.616,89.751,8514.3
2026-02-15 06:35:00+00:00,89.751,90.138,89.751,89.887,31871.6
2026-02-15 06:40:00+00:00,89.887,89.894,89.728,89.752,9051.8
2026-02-15 06:45:00+00:00,89.752,89.9,89.298,89.317,15838.0
2026-02-15 06:50:00+00:00,89.317,89.583,89.279,89.549,11161.0
2026-02-15 06:55:00+00:00,89.549,89.63,89.488,89.549,5339.5
2026-02-15 07:00:00+00:00,89.549,89.565,89.351,89.547,11371.8
2026-02-15 07:05:00+00:00,89.547,89.62,89.474,89.474,3743.8
2026-02-15 07:10:00+00:00,89.474,89.879,89.456,89.782,5751.2
2026-02-15 07:15:00+00:00,89.782,90.099,89.782,89.901,23058.5
2026-02-15 07:20:00+00:00,89.901,90.066,89.796,89.875,17970.1
2026-02-15 07:25:00+00:00,89.875,89.914,89.735,89.776,4604.9
2026-02-15 07:30:00+00:00,89.776,90.069,89.642,90.022,11795.6
2026-02-15 07:35:00+00:00,90.022,90.924,90.022,90.615,108120.8
2026-02-15 07:40:00+00:00,90.615,90.668,90.322,90.428,14756.9
2026-02-15 07:45:00+00:00,90.428,90.549,90.375,90.481,12011.1
2026-02-15 07:50:00+00:00,90.481,90.698,90.467,90.634,18336.9
2026-02-15 07:55:00+00:00,90.634,90.85,90.509,90.696,44038.0
2026-02-15 08:00:00+00:00,90.696,91.195,90.604,90.986,63849.6
2026-02-15 08:05:00+00:00,90.986,91.195,90.849,90.944,35109.4
2026-02-15 08:10:00+00:00,90.944,90.992,90.482,90.665,22408.3
2026-02-15 08:15:00+00:00,90.665,90.875,90.626,90.834,14627.7
2026-02-15 08:20:00+00:00,90.834,90.889,90.618,90.657,37136.5
2026-02-15 08:25:00+00:00,90.657,90.715,89.945,89.951,79636.5
2026-02-15 08:30:00+00:00,89.951,90.014,89.157,89.423,64591.6
2026-02-15 08:35:00+00:00,89.423,89.61,89.187,89.365,24583.8
2026-02-15 08:40:00+00:00,89.365,89.58,89.344,89.469,11858.6
2026-02-15 08:45:00+00:00,89.469,89.687,89.212,89.608,74919.3
2026-02-15 08:50:00+00:00,89.608,89.608,89.379,89.467,8756.7
2026-02-15 08:55:00+00:00,89.467,89.735,89.436,89.62,31250.5
2026-02-15 09:00:00+00:00,89.62,89.949,89.397,89.818,17309.4
2026-02-15 09:05:00+00:00,89.818,90.432,89.741,90.401,36506.5
2026-02-15 09:10:00+00:00,90.401,90.464,90.127,90.226,19835.4
2026-02-15 09:15:00+00:00,90.226,90.497,90.034,90.059,18995.0
2026-02-15 09:20:00+00:00,90.059,90.331,90.059,90.3,5930.5
2026-02-15 09:25:00+00:00,90.3,90.351,90.217,90.253,9912.0
2026-02-15 09:30:00+00:00,90.253,90.315,90.068,90.288,9547.6
2026-02-15 09:35:00+00:00,90.288,90.389,90.07,90.076,4292.9
2026-02-15 09:40:00+00:00,90.076,90.106,89.93,90.076,14633.4
2026-02-15 09:45:00+00:00,90.076,90.155,89.909,89.921,5925.3
2026-02-15 09:50:00+00:00,89.921,89.946,89.726,89.911,20546.3
2026-02-15 09:55:00+00:00,89.911,90.031,89.872,89.943,4854.4
2026-02-15 10:00:00+00:00,89.943,90.043,89.776,89.82,7277.8
2026-02-15 10:05:00+00:00,89.82,89.827,89.306,89.48,21548.0
2026-02-15 10:10:00+00:00,89.48,89.524,89.25,89.302,47199.4
2026-02-15 10:15:00+00:00,89.302,89.38,89.05,89.285,27300.5
2026-02-15 10:20:00+00:00,89.285,89.436,89.225,89.355,10278.6
2026-02-15 10:25:00+00:00,89.355,89.444,89.275,89.337,3974.6
2026-02-15 10:30:00+00:00,89.337,89.468,89.131,89.242,6566.9
2026-02-15 10:35:00+00:00,89.242,89.298,89.059,89.093,10808.7
2026-02-15 10:40:00+00:00,89.093,89.409,89.093,89.409,3381.9
2026-02-15 10:45:00+00:00,89.409,89.58,89.338,89.558,18138.8
2026-02-15 10:50:00+00:00,89.558,89.654,89.461,89.531,7024.3
2026-02-15 10:55:00+00:00,89.531,89.6,89.453,89.471,7759.1
2026-02-15 11:00:00+00:00,89.471,89.548,89.337,89.538,6115.9
2026-02-15 11:05:00+00:00,89.538,89.76,89.452,89.582,7888.3
2026-02-15 11:10:00+00:00,89.582,89.662,89.478,89.488,2334.8
2026-02-15 11:15:00+00:00,89.488,89.596,89.363,89.37,3890.6
2026-02-15 11:20:00+00:00,89.37,89.413,89.178,89.233,16242.6
2026-02-15 11:25:00+00:00,89.233,89.329,89.214,89.302,2011.8
2026-02-15 11:30:00+00:00,89.302,89.329,89.133,89.142,7386.0
2026-02-15 11:35:00+00:00,89.142,89.259,89.137,89.216,6578.8
2026-02-15 11:40:00+00:00,89.216,89.293,89.123,89.181,3428.5
2026-02-15 11:45:00+00:00,89.181,89.291,89.123,89.195,6124.5
2026-02-15 11:50:00+00:00,89.195,89.242,88.926,88.978,16845.5
2026-02-15 11:55:00+00:00,88.978,89.123,88.949,89.112,5932.0
2026-02-15 12:00:00+00:00,89.112,89.201,89.029,89.155,12220.2
2026-02-15 12:05:00+00:00,89.155,89.172,88.902,89.129,31486.6
2026-02-15 12:10:00+00:00,89.129,89.226,89.054,89.199,10577.0
2026-02-15 12:15:00+00:00,89.199,89.328,89.101,89.15,20540.6
2026-02-15 12:20:00+00:00,89.15,89.568,89.087,89.401,15077.6
2026-02-15 12:25:00+00:00,89.401,89.436,89.253,89.371,6078.4
2026-02-15 12:30:00+00:00,89.371,89.484,89.188,89.436,8754.9
2026-02-15 12:35:00+00:00,89.436,89.449,88.959,89.08,16806.1
2026-02-15 12:40:00+00:00,89.08,89.142,89.0,89.002,6304.7
2026-02-15 12:45:00+00:00,89.002,89.012,88.424,88.446,73874.5
2026-02-15 12:50:00+00:00,88.446,88.529,87.758,87.807,82342.8
2026-02-15 12:55:00+00:00,87.807,87.905,87.252,87.264,110171.2
2026-02-15 13:00:00+00:00,87.264,87.914,87.256,87.864,57546.0
2026-02-15 13:05:00+00:00,87.864,88.206,87.605,88.093,61698.4
2026-02-15 13:10:00+00:00,88.093,88.257,87.887,88.205,46252.2
2026-02-15 13:15:00+00:00,88.205,88.346,88.033,88.166,31897.6
2026-02-15 13:20:00+00:00,88.166,88.166,87.942,88.031,39430.8
2026-02-15 13:25:00+00:00,88.031,88.048,87.467,87.545,48276.7
2026-02-15 13:30:00+00:00,87.545,87.683,87.149,87.256,85066.3
2026-02-15 13:35:00+00:00,87.256,87.556,87.242,87.412,25359.8
2026-02-15 13:40:00+00:00,87.412,87.611,87.283,87.351,37307.2
2026-02-15 13:45:00+00:00,87.351,87.48,87.109,87.173,33441.6
2026-02-15 13:50:00+00:00,87.173,87.226,86.758,86.907,44325.9
2026-02-15 13:55:00+00:00,86.907,87.103,86.894,86.915,10439.3
2026-02-15 14:00:00+00:00,86.915,87.052,86.701,86.826,17286.4
2026-02-15 14:05:00+00:00,86.826,87.163,86.779,87.037,17570.0
2026-02-15 14:10:00+00:00,87.037,87.093,86.596,87.013,15902.8
2026-02-15 14:15:00+00:00,87.013,87.296,87.013,87.154,22176.9
2026-02-15 14:20:00+00:00,87.154,87.335,87.14,87.256,17061.9
2026-02-15 14:25:00+00:00,87.256,87.415,87.167,87.243,9652.3
2026-02-15 14:30:00+00:00,87.243,87.486,87.01,87.068,36265.8
2026-02-15 14:35:00+00:00,87.068,87.35,87.038,87.281,17122.6
2026-02-15 14:40:00+00:00,87.281,87.595,87.265,87.489,30577.9
2026-02-15 14:45:00+00:00,87.489,87.538,87.293,87.352,12407.8
2026-02-15 14:50:00+00:00,87.352,87.428,87.229,87.332,6182.1
2026-02-15 14:55:00+00:00,87.332,87.416,87.229,87.314,3525.9
2026-02-15 15:00:00+00:00,87.314,87.444,87.209,87.317,10873.8
2026-02-15 15:10:00+00:00,87.554,87.637,87.505,87.566,17051.4
2026-02-15 15:15:00+00:00,87.566,87.566,87.21,87.252,19851.3
2026-02-15 15:20:00+00:00,87.252,87.291,87.111,87.173,5348.5
2026-02-15 15:25:00+00:00,87.173,87.294,86.947,86.947,14247.8
2026-02-15 15:30:00+00:00,86.947,87.139,86.918,87.079,5229.1
2026-02-15 15:35:00+00:00,87.079,87.224,86.89,87.192,7161.0
2026-02-15 15:40:00+00:00,87.192,87.265,87.108,87.234,13864.4
2026-02-15 15:45:00+00:00,87.234,87.28,87.161,87.272,2247.0
2026-02-15 15:50:00+00:00,87.272,87.272,87.062,87.096,4298.2
2026-02-15 15:55:00+00:00,87.096,87.449,87.053,87.361,15389.1
2026-02-15 16:00:00+00:00,87.361,87.361,87.057,87.074,10182.3
2026-02-15 16:05:00+00:00,87.074,87.129,86.664,86.883,42084.7
2026-02-15 16:10:00+00:00,86.883,87.427,86.879,87.427,15262.8
2026-02-15 16:15:00+00:00,87.427,87.532,87.216,87.412,27111.9
2026-02-15 16:20:00+00:00,87.412,87.499,87.1,87.179,31333.8
2026-02-15 16:25:00+00:00,87.179,87.482,87.179,87.481,3879.6
2026-02-15 16:30:00+00:00,87.481,87.481,87.246,87.279,13762.1
2026-02-15 16:35:00+00:00,87.279,87.36,87.168,87.229,3348.1
2026-02-15 16:40:00+00:00,87.229,87.428,87.229,87.428,2176.4
2026-02-15 16:45:00+00:00,87.428,87.588,87.355,87.527,8551.1
2026-02-15 16:50:00+00:00,87.527,87.57,87.403,87.52,1109.6
2026-02-15 16:55:00+00:00,87.52,87.623,87.469,87.508,9242.7
2026-02-15 17:00:00+00:00,87.508,87.706,87.486,87.58,16595.5
2026-02-15 17:05:00+00:00,87.58,87.838,87.517,87.703,35917.0
2026-02-15 17:10:00+00:00,87.703,87.736,87.49,87.565,13005.5
2026-02-15 17:15:00+00:00,87.565,87.59,87.2,87.257,12861.2
2026-02-15 17:20:00+00:00,87.257,87.405,87.24,87.344,5632.0
2026-02-15 17:25:00+00:00,87.344,87.348,87.114,87.274,5406.6
2026-02-15 17:30:00+00:00,87.274,87.295,87.119,87.131,3978.3
2026-02-15 17:35:00+00:00,87.131,87.417,87.12,87.336,3041.4
2026-02-15 17:40:00+00:00,87.336,87.413,86.941,87.009,18159.8
2026-02-15 17:45:00+00:00,87.009,87.009,85.706,85.926,234053.5
2026-02-15 17:50:00+00:00,85.926,86.556,85.909,86.36,25140.5
2026-02-15 17:55:00+00:00,86.36,86.45,86.145,86.364,15637.1
2026-02-15 18:00:00+00:00,86.364,86.369,85.985,86.105,15111.3
2026-02-15 18:05:00+00:00,86.105,86.568,85.951,86.393,41973.7
2026-02-15 18:10:00+00:00,86.393,86.574,86.39,86.448,12038.1
2026-02-15 18:15:00+00:00,86.448,86.696,86.339,86.561,7527.5
2026-02-15 18:20:00+00:00,86.561,86.806,86.556,86.729,15889.2
2026-02-15 18:25:00+00:00,86.729,86.771,86.33,86.36,15392.6
2026-02-15 18:30:00+00:00,86.36,86.391,86.061,86.18,35847.5
2026-02-15 18:35:00+00:00,86.18,86.536,85.981,86.393,33508.0
2026-02-15 18:40:00+00:00,86.393,86.499,86.228,86.433,9093.7
2026-02-15 18:45:00+00:00,86.433,86.495,85.949,86.084,33241.7
2026-02-15 18:50:00+00:00,86.084,86.24,86.084,86.167,8026.3
2026-02-15 18:55:00+00:00,86.167,86.192,85.983,86.168,4155.6
2026-02-15 19:00:00+00:00,86.168,86.298,85.784,85.801,15420.9
2026-02-15 19:05:00+00:00,85.801,85.835,85.486,85.601,53733.4
2026-02-15 19:10:00+00:00,85.601,85.929,85.597,85.799,26783.9
2026-02-15 19:15:00+00:00,85.799,85.98,85.659,85.761,7005.7
2026-02-15 19:20:00+00:00,85.761,86.188,85.709,86.161,26153.4
2026-02-15 19:25:00+00:00,86.161,86.173,85.962,85.981,25316.7
2026-02-15 19:30:00+00:00,85.981,85.998,85.6,85.621,8745.5
2026-02-15 19:35:00+00:00,85.621,85.636,85.232,85.267,22355.2
2026-02-15 19:40:00+00:00,85.267,85.439,85.137,85.266,15163.6
2026-02-15 19:45:00+00:00,85.266,85.5,85.245,85.376,13467.3
2026-02-15 19:50:00+00:00,85.376,85.487,85.209,85.335,12610.3
2026-02-15 19:55:00+00:00,85.335,85.48,85.268,85.276,3457.8
2026-02-15 20:00:00+00:00,85.276,85.315,84.832,84.852,28768.2
2026-02-15 20:05:00+00:00,84.852,85.355,84.852,85.203,21486.9
2026-02-15 20:10:00+00:00,85.203,85.49,85.143,85.396,16458.6
2026-02-15 20:15:00+00:00,85.396,85.469,85.101,85.295,31333.3
2026-02-15 20:20:00+00:00,85.295,85.491,85.275,85.384,6783.5
2026-02-15 20:25:00+00:00,85.384,85.665,85.384,85.651,17766.1
2026-02-15 20:30:00+00:00,85.651,85.74,85.486,85.719,16614.7
2026-02-15 20:35:00+00:00,85.719,85.932,85.689,85.82,24334.7
2026-02-15 20:40:00+00:00,85.82,85.856,85.693,85.751,6659.6
2026-02-15 20:45:00+00:00,85.751,85.899,85.686,85.703,8271.0
2026-02-15 20:50:00+00:00,85.703,85.71,85.533,85.666,3976.1
2026-02-15 20:55:00+00:00,85.666,85.841,85.666,85.826,5766.2
2026-02-15 21:00:00+00:00,85.826,86.192,85.821,86.139,29507.2
2026-02-15 21:05:00+00:00,86.139,86.25,86.064,86.141,42779.3
2026-02-15 21:10:00+00:00,86.141,86.195,86.073,86.11,6611.9
2026-02-15 21:15:00+00:00,86.11,86.136,85.954,86.11,6587.0
2026-02-15 21:20:00+00:00,86.11,86.176,86.067,86.155,3928.9
2026-02-15 21:25:00+00:00,86.155,86.191,85.973,86.166,24747.2
2026-02-15 21:30:00+00:00,86.166,86.396,86.152,86.21,31849.7
2026-02-15 21:35:00+00:00,86.21,86.237,86.072,86.156,5760.5
2026-02-15 21:40:00+00:00,86.156,86.178,85.922,85.988,6204.2
2026-02-15 21:45:00+00:00,85.988,86.144,85.865,86.082,8395.0
2026-02-15 21:50:00+00:00,86.082,86.175,86.068,86.105,3210.4
2026-02-15 21:55:00+00:00,86.105,86.199,86.09,86.118,5246.2
2026-02-15 22:00:00+00:00,86.118,86.241,85.996,86.212,9751.9
2026-02-15 22:05:00+00:00,86.212,86.585,86.201,86.41,15749.9
2026-02-15 22:10:00+00:00,86.41,86.462,86.316,86.346,6593.3
2026-02-15 22:15:00+00:00,86.346,86.448,86.204,86.215,4143.9
2026-02-15 22:20:00+00:00,86.215,86.436,86.201,86.435,2891.8
2026-02-15 22:25:00+00:00,86.435,86.599,86.425,86.5,8277.4
2026-02-15 22:30:00+00:00,86.5,86.637,86.366,86.522,7786.4
2026-02-15 22:35:00+00:00,86.522,86.573,86.391,86.533,6391.8
2026-02-15 22:40:00+00:00,86.533,86.539,86.365,86.493,3307.0
2026-02-15 22:45:00+00:00,86.493,86.582,86.4,86.457,25554.7
2026-02-15 22:50:00+00:00,86.457,86.457,86.28,86.399,4659.7
2026-02-15 22:55:00+00:00,86.399,86.413,86.261,86.291,3841.0
2026-02-15 23:00:00+00:00,86.291,86.314,85.681,85.824,19041.3
2026-02-15 23:05:00+00:00,85.824,85.828,85.09,85.338,36309.6
2026-02-15 23:10:00+00:00,85.338,85.587,85.312,85.362,19794.0
2026-02-15 23:15:00+00:00,85.362,85.53,85.229,85.315,17424.8
2026-02-15 23:20:00+00:00,85.315,85.409,85.025,85.363,13953.0
2026-02-15 23:25:00+00:00,85.363,85.65,85.322,85.617,15131.3
2026-02-15 23:30:00+00:00,85.617,86.053,85.617,85.841,14275.7
2026-02-15 23:35:00+00:00,85.841,85.956,85.683,85.683,8406.8
2026-02-15 23:40:00+00:00,85.683,85.86,85.67,85.834,2252.5
2026-02-15 23:45:00+00:00,85.834,85.937,85.834,85.859,5409.6
2026-02-15 23:50:00+00:00,85.859,86.023,85.849,85.969,3008.4
2026-02-15 23:55:00+00:00,85.969,86.122,85.941,86.107,4011.8
2026-02-16 00:00:00+00:00,86.107,86.172,85.926,85.95,7048.0
2026-02-16 00:05:00+00:00,85.95,86.44,85.94,86.414,19146.4
2026-02-16 00:10:00+00:00,86.414,86.442,86.055,86.062,9720.4
2026-02-16 00:15:00+00:00,86.062,86.316,85.974,85.99,6221.8
2026-02-16 00:20:00+00:00,85.99,86.019,85.696,85.701,10924.8
2026-02-16 00:25:00+00:00,85.701,85.889,85.59,85.849,56660.0
2026-02-16 00:30:00+00:00,85.849,86.257,85.798,86.233,8338.5
2026-02-16 00:35:00+00:00,86.233,86.332,85.921,85.941,5186.8
2026-02-16 00:40:00+00:00,85.941,86.017,85.779,85.779,6733.3
2026-02-16 00:45:00+00:00,85.779,85.997,85.717,85.989,5358.3
2026-02-16 00:50:00+00:00,85.989,86.187,85.989,86.113,4815.3
2026-02-16 00:55:00+00:00,86.113,86.175,86.075,86.119,2783.3
2026-02-16 01:00:00+00:00,86.119,86.356,86.034,86.284,8932.5
2026-02-16 01:05:00+00:00,86.284,86.46,86.255,86.428,4013.6
2026-02-16 01:10:00+00:00,86.428,86.577,86.189,86.212,10164.9
2026-02-16 01:15:00+00:00,86.212,86.343,86.179,86.19,4597.6
2026-02-16 01:20:00+00:00,86.19,86.198,85.829,85.902,7640.3
2026-02-16 01:25:00+00:00,85.902,85.973,85.74,85.94,13719.6
2026-02-16 01:30:00+00:00,85.94,86.113,85.825,85.851,3945.5
2026-02-16 01:35:00+00:00,85.851,85.94,85.381,85.398,45873.3
2026-02-16 01:40:00+00:00,85.398,85.548,85.324,85.481,8814.6
2026-02-16 01:45:00+00:00,85.481,85.688,85.481,85.657,8102.7
2026-02-16 01:50:00+00:00,85.657,85.657,85.55,85.633,2556.4
2026-02-16 01:55:00+00:00,85.633,85.766,85.633,85.712,3962.0
2026-02-16 02:00:00+00:00,85.712,86.023,85.598,86.004,25836.1
2026-02-16 02:05:00+00:00,86.004,86.145,85.812,85.826,14549.5
2026-02-16 02:10:00+00:00,85.826,86.079,85.6,86.058,6598.9
2026-02-16 02:15:00+00:00,86.058,86.142,85.914,85.952,16804.3
2026-02-16 02:20:00+00:00,85.952,85.968,85.753,85.878,4229.5
2026-02-16 02:25:00+00:00,85.878,85.946,85.609,85.662,9138.0
2026-02-16 02:30:00+00:00,85.662,85.815,85.564,85.757,5590.4
2026-02-16 02:35:00+00:00,85.757,85.864,85.706,85.765,4212.2
2026-02-16 02:40:00+00:00,85.765,85.858,85.719,85.723,5684.0
2026-02-16 02:45:00+00:00,85.723,85.797,85.501,85.529,3282.6
2026-02-16 02:50:00+00:00,85.529,85.643,85.339,85.371,8666.2
2026-02-16 02:55:00+00:00,85.371,85.379,85.152,85.324,23015.5
2026-02-16 03:00:00+00:00,85.324,85.433,85.257,85.314,8777.8
2026-02-16 03:05:00+00:00,85.314,85.452,85.311,85.347,3724.7
2026-02-16 03:10:00+00:00,85.347,85.499,85.319,85.359,2612.3
2026-02-16 03:15:00+00:00,85.359,85.436,85.262,85.329,4314.0
2026-02-16 03:20:00+00:00,85.329,85.4,84.964,85.073,17360.3
2026-02-16 03:25:00+00:00,85.073,85.091,84.745,84.855,56182.7
2026-02-16 03:30:00+00:00,84.855,85.057,84.847,84.951,14718.3
2026-02-16 03:35:00+00:00,84.951,85.074,84.921,84.972,2796.9
2026-02-16 03:40:00+00:00,84.972,85.09,84.788,85.086,6380.2
2026-02-16 03:45:00+00:00,85.086,85.099,84.987,85.059,6343.2
2026-02-16 03:50:00+00:00,85.059,85.174,85.007,85.007,3913.0
2026-02-16 03:55:00+00:00,85.007,85.14,85.002,85.095,2082.4
2026-02-16 04:00:00+00:00,85.095,85.334,85.03,85.218,8499.8
2026-02-16 04:05:00+00:00,85.218,85.356,85.151,85.349,8268.5
2026-02-16 04:10:00+00:00,85.349,85.407,85.257,85.336,6367.8
2026-02-16 04:15:00+00:00,85.336,85.455,85.222,85.392,7532.2
2026-02-16 04:20:00+00:00,85.392,85.566,85.377,85.476,8100.9
2026-02-16 04:25:00+00:00,85.476,85.49,85.403,85.424,2642.3
2026-02-16 04:30:00+00:00,85.424,85.478,85.272,85.273,7491.5
2026-02-16 04:35:00+00:00,85.273,85.445,85.273,85.365,6387.6
2026-02-16 04:40:00+00:00,85.365,85.38,85.207,85.249,4655.4
2026-02-16 04:45:00+00:00,85.249,85.418,85.196,85.386,4482.8
2026-02-16 04:50:00+00:00,85.386,85.718,85.366,85.717,8270.9
2026-02-16 04:55:00+00:00,85.717,85.788,85.659,85.756,11963.7
2026-02-16 05:00:00+00:00,85.756,85.849,85.458,85.474,15509.1
2026-02-16 05:05:00+00:00,85.474,85.474,85.163,85.285,6814.6
2026-02-16 05:10:00+00:00,85.285,85.302,84.993,85.018,100119.6
2026-02-16 05:15:00+00:00,85.018,85.09,84.892,85.05,13086.7
2026-02-16 05:20:00+00:00,85.05,85.139,84.731,84.779,18627.3
2026-02-16 05:25:00+00:00,84.779,84.931,84.753,84.931,11529.2
2026-02-16 05:30:00+00:00,84.931,84.981,84.747,84.764,9343.0
2026-02-16 05:35:00+00:00,84.764,84.804,84.401,84.501,36578.7
2026-02-16 05:40:00+00:00,84.501,84.63,84.494,84.6,28662.7
2026-02-16 05:45:00+00:00,84.6,84.7,84.528,84.551,15806.3
2026-02-16 05:50:00+00:00,84.551,84.667,84.517,84.638,6736.5
2026-02-16 05:55:00+00:00,84.638,84.706,84.586,84.643,3659.0
2026-02-16 06:00:00+00:00,84.643,84.844,84.622,84.834,12712.7
2026-02-16 06:05:00+00:00,84.834,84.844,84.711,84.784,1825.4
2026-02-16 06:10:00+00:00,84.784,84.799,84.711,84.723,5126.5
2026-02-16 06:15:00+00:00,84.723,84.807,84.71,84.749,4170.3
2026-02-16 06:20:00+00:00,84.749,84.749,84.484,84.731,37008.9
2026-02-16 06:25:00+00:00,84.731,84.79,84.643,84.786,16418.7
2026-02-16 06:30:00+00:00,84.786,85.162,84.727,85.027,10396.0
2026-02-16 06:35:00+00:00,85.027,85.065,84.977,85.06,4919.6
2026-02-16 06:40:00+00:00,85.06,85.06,84.938,85.007,15463.3
2026-02-16 06:45:00+00:00,85.007,85.088,84.943,84.977,3598.7
2026-02-16 06:50:00+00:00,84.977,85.086,84.977,84.991,6045.5
2026-02-16 06:55:00+00:00,84.991,85.057,84.959,85.004,6424.4
2026-02-16 07:00:00+00:00,85.004,85.013,84.76,84.876,7689.7
2026-02-16 07:05:00+00:00,84.876,85.111,84.876,85.024,7007.0
2026-02-16 07:10:00+00:00,85.024,85.252,84.946,85.219,23222.2
2026-02-16 07:15:00+00:00,85.219,85.309,85.159,85.175,4064.6
2026-02-16 07:20:00+00:00,85.175,85.27,85.088,85.257,36634.5
2026-02-16 07:25:00+00:00,85.257,85.466,85.255,85.34,14906.4
2026-02-16 07:30:00+00:00,85.34,85.381,85.208,85.356,10038.4
2026-02-16 07:35:00+00:00,85.356,85.369,85.009,85.016,8518.2
2026-02-16 07:40:00+00:00,85.016,85.122,84.975,85.072,7330.2
2026-02-16 07:45:00+00:00,85.072,85.379,85.072,85.357,5117.8
2026-02-16 07:50:00+00:00,85.357,85.358,85.173,85.192,8352.4
2026-02-16 07:55:00+00:00,85.192,85.192,84.896,85.01,21781.5
2026-02-16 08:00:00+00:00,85.01,85.228,84.992,85.198,6187.9
2026-02-16 08:05:00+00:00,85.198,85.283,85.185,85.211,4384.9
2026-02-16 08:10:00+00:00,85.211,85.211,85.0,85.044,10628.9
2026-02-16 08:15:00+00:00,85.044,85.322,85.02,85.322,2879.3
2026-02-16 08:20:00+00:00,85.322,85.46,85.303,85.373,11778.4
2026-02-16 08:25:00+00:00,85.373,85.416,85.327,85.39,12167.8
2026-02-16 08:30:00+00:00,85.39,85.414,85.267,85.37,2781.2
2026-02-16 08:35:00+00:00,85.37,85.37,85.217,85.304,1474.2
2026-02-16 08:40:00+00:00,85.304,85.355,85.18,85.3,13966.2
2026-02-16 08:45:00+00:00,85.3,85.412,85.223,85.326,17846.9
2026-02-16 08:50:00+00:00,85.326,85.39,85.222,85.387,7493.4
2026-02-16 08:55:00+00:00,85.387,85.44,85.325,85.328,3648.1
2026-02-16 09:00:00+00:00,85.328,85.822,85.328,85.812,44235.0
2026-02-16 09:05:00+00:00,85.812,85.812,85.569,85.615,11159.9
2026-02-16 09:10:00+00:00,85.615,85.733,85.563,85.679,5751.0
2026-02-16 09:15:00+00:00,85.679,85.731,85.516,85.599,10759.7
2026-02-16 09:20:00+00:00,85.599,85.703,85.555,85.598,1817.8
2026-02-16 09:25:00+00:00,85.598,86.024,85.598,85.987,37684.2
2026-02-16 09:30:00+00:00,85.987,85.998,85.736,85.927,8743.7
2026-02-16 09:35:00+00:00,85.927,86.181,85.878,86.165,37728.6
2026-02-16 09:40:00+00:00,86.165,86.219,86.025,86.076,18451.0
2026-02-16 09:45:00+00:00,86.076,86.111,85.908,85.939,5993.1
2026-02-16 09:50:00+00:00,85.939,86.05,85.863,85.885,6192.8
2026-02-16 09:55:00+00:00,85.885,85.962,85.866,85.956,11966.2
2026-02-16 10:00:00+00:00,85.956,85.957,85.838,85.877,2940.1
2026-02-16 10:05:00+00:00,85.877,85.949,85.788,85.949,11125.5
2026-02-16 10:10:00+00:00,85.949,85.987,85.883,85.961,2816.4
2026-02-16 10:15:00+00:00,85.961,85.971,85.82,85.899,2706.2
2026-02-16 10:20:00+00:00,85.899,85.946,85.663,85.669,6116.2
2026-02-16 10:25:00+00:00,85.669,85.715,85.554,85.641,5966.4
2026-02-16 10:30:00+00:00,85.641,85.785,85.611,85.742,2969.4
2026-02-16 10:35:00+00:00,85.742,85.832,85.683,85.731,2911.5
2026-02-16 10:40:00+00:00,85.731,85.749,85.609,85.728,1970.0
2026-02-16 10:45:00+00:00,85.728,85.85,85.718,85.833,3103.2
2026-02-16 10:50:00+00:00,85.833,85.875,85.668,85.676,4140.2
2026-02-16 10:55:00+00:00,85.676,85.778,85.669,85.71,10106.1
2026-02-16 11:00:00+00:00,85.71,85.851,85.689,85.827,6841.8
2026-02-16 11:05:00+00:00,85.827,85.915,85.432,85.501,20629.5
2026-02-16 11:10:00+00:00,85.501,85.513,84.846,84.973,47460.1
2026-02-16 11:15:00+00:00,84.973,85.066,84.876,85.023,21733.4
2026-02-16 11:20:00+00:00,85.023,85.059,84.456,84.639,67427.4
2026-02-16 11:25:00+00:00,84.639,85.282,84.589,85.248,25416.1
2026-02-16 11:30:00+00:00,85.248,85.359,85.101,85.22,25367.9
2026-02-16 11:35:00+00:00,85.22,85.314,85.15,85.257,9820.0
2026-02-16 11:40:00+00:00,85.257,85.316,85.129,85.196,6144.5
2026-02-16 11:45:00+00:00,85.196,85.335,85.165,85.297,2905.8
2026-02-16 11:50:00+00:00,85.297,85.667,85.262,85.652,11162.4
2026-02-16 11:55:00+00:00,85.652,85.785,85.418,85.462,30287.4
2026-02-16 12:00:00+00:00,85.462,85.581,85.446,85.555,4757.1
2026-02-16 12:05:00+00:00,85.555,85.61,85.352,85.556,10338.8
2026-02-16 12:10:00+00:00,85.556,85.584,85.421,85.452,2139.4
2026-02-16 12:15:00+00:00,85.452,85.527,85.212,85.289,7680.2
2026-02-16 12:20:00+00:00,85.289,85.412,85.251,85.353,2521.0
2026-02-16 12:25:00+00:00,85.353,86.341,85.353,86.24,111170.1
2026-02-16 12:30:00+00:00,86.24,86.257,85.84,86.14,33098.0
2026-02-16 12:35:00+00:00,86.14,86.373,85.928,86.328,14681.6
2026-02-16 12:40:00+00:00,86.328,86.368,86.035,86.249,11713.1
2026-02-16 12:45:00+00:00,86.249,86.249,85.848,86.049,30319.5
2026-02-16 12:50:00+00:00,86.049,86.363,85.962,86.048,50818.0
2026-02-16 12:55:00+00:00,86.048,86.162,85.962,86.142,16520.5
2026-02-16 13:00:00+00:00,86.142,86.912,86.079,86.664,82412.7
2026-02-16 13:05:00+00:00,86.664,86.769,86.356,86.468,50324.9
2026-02-16 13:10:00+00:00,86.468,86.497,86.216,86.244,12808.0
2026-02-16 13:15:00+00:00,86.244,86.468,86.168,86.184,14186.2
2026-02-16 13:20:00+00:00,86.184,86.236,85.676,85.732,33697.7
2026-02-16 13:25:00+00:00,85.732,85.74,84.661,84.942,239515.0
2026-02-16 13:30:00+00:00,84.942,85.139,84.544,84.544,62080.9
2026-02-16 13:35:00+00:00,84.544,84.919,84.154,84.265,87767.3
2026-02-16 13:40:00+00:00,84.265,84.57,84.141,84.447,26805.2
2026-02-16 13:45:00+00:00,84.447,84.519,84.078,84.198,36633.9
2026-02-16 13:50:00+00:00,84.198,84.22,83.792,83.913,72111.2
2026-02-16 13:55:00+00:00,83.913,84.194,83.817,84.096,50438.0
2026-02-16 14:00:00+00:00,84.096,84.18,83.743,84.115,18577.2
2026-02-16 14:05:00+00:00,84.115,84.43,84.115,84.32,23418.9
2026-02-16 14:10:00+00:00,84.32,84.36,83.935,84.123,15213.2
2026-02-16 14:15:00+00:00,84.123,84.295,83.873,84.071,11307.7
2026-02-16 14:20:00+00:00,84.071,84.317,84.039,84.27,12981.7
2026-02-16 14:25:00+00:00,84.27,84.284,83.404,83.624,85023.9
2026-02-16 14:30:00+00:00,83.624,84.225,83.57,84.187,23553.9
2026-02-16 14:35:00+00:00,84.187,84.45,84.033,84.221,15741.2
2026-02-16 14:40:00+00:00,84.221,84.335,83.998,84.143,53467.3
2026-02-16 14:45:00+00:00,84.143,84.308,83.958,84.305,37865.4
2026-02-16 14:50:00+00:00,84.305,84.633,83.904,83.913,28231.3
2026-02-16 14:55:00+00:00,83.913,84.151,83.851,83.98,8259.2
2026-02-16 15:00:00+00:00,83.98,84.455,83.968,84.322,11951.5
2026-02-16 15:05:00+00:00,84.322,84.507,84.271,84.271,28463.2
2026-02-16 15:10:00+00:00,84.271,84.33,83.874,83.895,11092.1
2026-02-16 15:15:00+00:00,83.895,83.99,83.585,83.755,19443.4
2026-02-16 15:20:00+00:00,83.755,83.983,83.709,83.854,12838.8
2026-02-16 15:25:00+00:00,83.854,83.984,83.668,83.755,9311.8
2026-02-16 15:30:00+00:00,83.755,83.768,82.615,82.638,166069.0
2026-02-16 15:35:00+00:00,82.638,82.943,82.502,82.8,43407.9
2026-02-16 15:40:00+00:00,82.8,83.048,82.693,82.938,16530.0
2026-02-16 15:45:00+00:00,82.938,83.168,82.8,83.044,18551.8
2026-02-16 15:50:00+00:00,83.044,83.333,82.972,83.176,14093.4
2026-02-16 15:55:00+00:00,83.176,83.26,83.034,83.136,6988.8
2026-02-16 16:00:00+00:00,83.136,83.339,83.028,83.303,26601.4
2026-02-16 16:05:00+00:00,83.303,83.949,83.303,83.7,33379.7
2026-02-16 16:10:00+00:00,83.7,83.866,83.542,83.686,11646.6
2026-02-16 16:15:00+00:00,83.686,83.764,83.386,83.481,12090.6
2026-02-16 16:20:00+00:00,83.481,83.938,83.414,83.703,13318.5
2026-02-16 16:25:00+00:00,83.703,83.807,83.571,83.745,23534.9
2026-02-16 16:30:00+00:00,83.745,83.854,83.287,83.326,104324.9
2026-02-16 16:35:00+00:00,83.326,83.451,83.281,83.345,8152.3
2026-02-16 16:40:00+00:00,83.345,83.941,83.272,83.933,104927.0
2026-02-16 16:45:00+00:00,83.933,84.062,83.8,83.974,37306.1
2026-02-16 16:50:00+00:00,83.974,84.003,83.774,83.841,25660.9
2026-02-16 16:55:00+00:00,83.841,83.946,83.826,83.92,5232.2
2026-02-16 17:00:00+00:00,83.92,84.2,83.877,84.126,22291.0
2026-02-16 17:05:00+00:00,84.126,84.396,84.012,84.028,25229.6
2026-02-16 17:10:00+00:00,84.028,84.196,83.916,84.075,15360.9
2026-02-16 17:15:00+00:00,84.075,84.15,83.827,84.013,13837.5
2026-02-16 17:20:00+00:00,84.013,84.489,83.965,84.446,16645.9
2026-02-16 17:25:00+00:00,84.446,84.738,84.367,84.595,18015.7
2026-02-16 17:30:00+00:00,84.595,84.763,84.532,84.622,29104.9
2026-02-16 17:35:00+00:00,84.622,84.622,84.36,84.467,17358.9
2026-02-16 17:40:00+00:00,84.467,84.61,84.467,84.517,9235.4
2026-02-16 17:45:00+00:00,84.517,84.517,84.286,84.414,19516.8
2026-02-16 17:50:00+00:00,84.414,84.444,84.258,84.425,8060.8
2026-02-16 17:55:00+00:00,84.425,84.541,84.357,84.46,11135.2
2026-02-16 18:00:00+00:00,84.46,84.672,84.456,84.61,7115.4
2026-02-16 18:05:00+00:00,84.61,84.659,84.516,84.644,8220.7
2026-02-16 18:10:00+00:00,84.644,84.728,84.638,84.676,5026.1
2026-02-16 18:15:00+00:00,84.676,84.873,84.652,84.673,12970.6
2026-02-16 18:20:00+00:00,84.673,84.922,84.626,84.896,32700.0
2026-02-16 18:25:00+00:00,84.896,85.118,84.691,84.778,27182.6
2026-02-16 18:30:00+00:00,84.778,84.851,84.689,84.825,7045.0
2026-02-16 18:35:00+00:00,84.825,84.825,84.616,84.681,8102.5
2026-02-16 18:40:00+00:00,84.681,84.775,84.555,84.616,7951.0
2026-02-16 18:45:00+00:00,84.616,84.814,84.464,84.54,12957.3
2026-02-16 18:50:00+00:00,84.54,84.735,84.5,84.702,12038.0
2026-02-16 18:55:00+00:00,84.702,84.74,84.434,84.457,17740.7
2026-02-16 19:00:00+00:00,84.457,84.657,84.451,84.476,7305.2
2026-02-16 19:05:00+00:00,84.476,84.578,84.453,84.49,9260.2
2026-02-16 19:10:00+00:00,84.49,84.581,84.489,84.542,7773.7
2026-02-16 19:15:00+00:00,84.542,84.596,84.335,84.349,5449.5
2026-02-16 19:20:00+00:00,84.349,84.739,84.181,84.739,18968.8
2026-02-16 19:25:00+00:00,84.739,84.863,84.622,84.622,13445.1
2026-02-16 19:30:00+00:00,84.622,84.846,84.594,84.774,13100.2
2026-02-16 19:35:00+00:00,84.774,85.072,84.774,84.861,15767.0
2026-02-16 19:40:00+00:00,84.861,84.864,84.715,84.817,6050.5
2026-02-16 19:45:00+00:00,84.817,84.842,84.62,84.741,7429.6
2026-02-16 19:50:00+00:00,84.741,84.794,84.67,84.768,3100.2
2026-02-16 19:55:00+00:00,84.768,84.774,84.553,84.586,3628.4
2026-02-16 20:00:00+00:00,84.586,84.645,84.521,84.637,4385.3
2026-02-16 20:05:00+00:00,84.637,84.637,84.439,84.616,2839.6
2026-02-16 20:10:00+00:00,84.616,84.616,84.483,84.56,7006.3
2026-02-16 20:15:00+00:00,84.56,84.72,84.477,84.477,7187.4
2026-02-16 20:20:00+00:00,84.477,84.886,84.463,84.87,7154.6
2026-02-16 20:25:00+00:00,84.87,85.139,84.847,84.992,13009.2
2026-02-16 20:30:00+00:00,84.992,85.074,84.896,85.07,46918.1
2026-02-16 20:35:00+00:00,85.07,85.07,84.87,84.889,6516.7
2026-02-16 20:40:00+00:00,84.889,85.177,84.882,85.094,19434.7
2026-02-16 20:45:00+00:00,85.094,85.147,85.028,85.097,4580.6
2026-02-16 20:50:00+00:00,85.097,85.429,85.043,85.273,52695.1
2026-02-16 20:55:00+00:00,85.273,85.391,85.207,85.304,7902.7
2026-02-16 21:00:00+00:00,85.304,85.337,85.055,85.148,15118.0
2026-02-16 21:05:00+00:00,85.148,85.317,85.127,85.211,3397.0
2026-02-16 21:10:00+00:00,85.211,85.512,85.185,85.502,9537.7
2026-02-16 21:15:00+00:00,85.502,85.668,85.318,85.367,20787.2
2026-02-16 21:20:00+00:00,85.367,85.798,85.367,85.61,13558.9
2026-02-16 21:25:00+00:00,85.61,85.665,85.454,85.526,8180.2
2026-02-16 21:30:00+00:00,85.526,85.631,85.42,85.509,8816.7
2026-02-16 21:35:00+00:00,85.509,85.629,85.424,85.591,4364.3
2026-02-16 21:40:00+00:00,85.591,85.698,85.532,85.652,7029.7
2026-02-16 21:45:00+00:00,85.652,85.652,85.467,85.575,7547.6
2026-02-16 21:50:00+00:00,85.575,85.617,85.483,85.552,5334.6
2026-02-16 21:55:00+00:00,85.552,86.081,85.546,85.959,50181.8
2026-02-16 22:00:00+00:00,85.959,86.2,85.925,85.965,21183.8
2026-02-16 22:05:00+00:00,85.965,86.049,85.857,85.941,14871.4
2026-02-16 22:10:00+00:00,85.941,86.038,85.87,85.881,12523.4
2026-02-16 22:15:00+00:00,85.881,85.965,85.756,85.802,6291.8
2026-02-16 22:20:00+00:00,85.802,85.915,85.66,85.735,5430.0
2026-02-16 22:25:00+00:00,85.735,85.82,85.651,85.775,6793.8
2026-02-16 22:30:00+00:00,85.775,86.0,85.659,85.918,39577.7
2026-02-16 22:35:00+00:00,85.918,86.118,85.912,86.013,13669.3
2026-02-16 22:40:00+00:00,86.013,86.071,85.934,85.98,14333.7
2026-02-16 22:45:00+00:00,85.98,85.98,85.711,85.846,5322.6
2026-02-16 22:50:00+00:00,85.846,85.872,85.551,85.835,11528.3
2026-02-16 22:55:00+00:00,85.835,85.872,85.661,85.666,5143.0
2026-02-16 23:00:00+00:00,85.666,85.865,85.609,85.823,5246.9
2026-02-16 23:05:00+00:00,85.823,86.043,85.772,85.897,15138.4
2026-02-16 23:10:00+00:00,85.897,86.099,85.866,86.096,8131.8
2026-02-16 23:15:00+00:00,86.096,86.395,85.996,86.093,29473.6
2026-02-16 23:20:00+00:00,86.093,86.28,86.045,86.28,7283.8
2026-02-16 23:25:00+00:00,86.28,86.307,86.122,86.2,7398.3
2026-02-16 23:30:00+00:00,86.2,86.369,86.101,86.119,6993.8
2026-02-16 23:35:00+00:00,86.119,86.323,86.025,86.282,11825.7
2026-02-16 23:40:00+00:00,86.282,86.349,86.173,86.173,8486.4
2026-02-16 23:45:00+00:00,86.173,86.467,86.173,86.399,9199.3
2026-02-16 23:50:00+00:00,86.399,86.615,86.323,86.614,8692.9
2026-02-16 23:55:00+00:00,86.614,86.623,86.377,86.381,8155.7
2026-02-17 00:00:00+00:00,86.381,86.491,86.271,86.401,11226.7
2026-02-17 00:05:00+00:00,86.401,86.615,86.214,86.494,12213.1
2026-02-17 00:10:00+00:00,86.494,86.582,86.421,86.544,3650.6
2026-02-17 00:15:00+00:00,86.544,86.583,86.232,86.414,6480.0
2026-02-17 00:20:00+00:00,86.414,86.553,86.345,86.445,4363.6
2026-02-17 00:25:00+00:00,86.445,86.687,86.418,86.53,8445.1
2026-02-17 00:30:00+00:00,86.53,86.622,86.347,86.583,9477.3
2026-02-17 00:35:00+00:00,86.583,86.741,86.555,86.64,10502.4
2026-02-17 00:40:00+00:00,86.64,86.728,86.488,86.561,11213.3
2026-02-17 00:45:00+00:00,86.561,87.122,86.521,87.102,36617.3
2026-02-17 00:50:00+00:00,87.102,87.106,86.742,86.769,14748.3
2026-02-17 00:55:00+00:00,86.769,86.774,86.427,86.562,13920.5
2026-02-17 01:00:00+00:00,86.562,86.831,86.54,86.586,9675.9
2026-02-17 01:05:00+00:00,86.586,86.769,86.47,86.769,14006.7
2026-02-17 01:10:00+00:00,86.769,86.98,86.769,86.895,9130.5
2026-02-17 01:15:00+00:00,86.895,86.948,86.712,86.864,6875.2
2026-02-17 01:20:00+00:00,86.864,87.05,86.812,86.999,9878.5
2026-02-17 01:25:00+00:00,86.999,87.004,86.686,86.706,6152.8
2026-02-17 01:30:00+00:00,86.706,86.919,86.577,86.883,7787.9
2026-02-17 01:35:00+00:00,86.883,86.928,86.778,86.928,4069.8
2026-02-17 01:40:00+00:00,86.928,86.936,86.688,86.716,8855.6
2026-02-17 01:45:00+00:00,86.716,86.858,86.571,86.571,3799.2
2026-02-17 01:50:00+00:00,86.571,86.604,86.181,86.197,19874.8
2026-02-17 01:55:00+00:00,86.197,86.281,86.044,86.133,12479.7
2026-02-17 02:00:00+00:00,86.133,86.168,85.715,85.971,21112.9
2026-02-17 02:05:00+00:00,85.971,86.621,85.921,86.609,26274.4
2026-02-17 02:10:00+00:00,86.609,87.186,86.552,86.836,35274.5
2026-02-17 02:15:00+00:00,86.836,87.002,86.832,86.885,12840.7
2026-02-17 02:20:00+00:00,86.885,87.403,86.826,87.37,41135.2
2026-02-17 02:25:00+00:00,87.37,87.37,87.129,87.144,17264.4
2026-02-17 02:30:00+00:00,87.144,87.245,87.039,87.245,5037.4
2026-02-17 02:35:00+00:00,87.245,87.245,87.027,87.04,16687.0
2026-02-17 02:40:00+00:00,87.04,87.348,87.035,87.285,3782.2
2026-02-17 02:45:00+00:00,87.285,87.431,87.247,87.378,10032.9
2026-02-17 02:50:00+00:00,87.378,87.545,87.327,87.411,25123.9
2026-02-17 02:55:00+00:00,87.411,87.67,87.237,87.247,27456.3
2026-02-17 03:00:00+00:00,87.247,87.327,87.068,87.068,34658.2
2026-02-17 03:05:00+00:00,87.068,87.199,87.004,87.021,17369.1
2026-02-17 03:10:00+00:00,87.021,87.038,86.825,86.878,20460.0
2026-02-17 03:15:00+00:00,86.878,86.882,86.703,86.739,14604.6
2026-02-17 03:20:00+00:00,86.739,86.977,86.676,86.692,18367.2
2026-02-17 03:25:00+00:00,86.692,86.859,86.601,86.817,12810.9
2026-02-17 03:30:00+00:00,86.817,86.822,86.61,86.723,4234.0
2026-02-17 03:35:00+00:00,86.723,86.723,86.458,86.497,7999.9
2026-02-17 03:40:00+00:00,86.497,86.582,86.428,86.501,2780.4
2026-02-17 03:45:00+00:00,86.501,86.543,86.355,86.406,7433.5
2026-02-17 03:50:00+00:00,86.406,86.525,86.406,86.475,3451.5
2026-02-17 03:55:00+00:00,86.475,86.487,86.271,86.323,6022.7
2026-02-17 04:00:00+00:00,86.323,86.364,86.236,86.256,20313.1
2026-02-17 04:05:00+00:00,86.256,86.273,85.975,86.113,16340.7
2026-02-17 04:10:00+00:00,86.113,86.416,86.113,86.307,11633.0
2026-02-17 04:15:00+00:00,86.307,86.34,86.12,86.329,10901.5
2026-02-17 04:20:00+00:00,86.329,86.617,86.329,86.55,20731.6
2026-02-17 04:25:00+00:00,86.55,86.55,86.385,86.48,7377.6
2026-02-17 04:30:00+00:00,86.48,86.48,85.872,86.076,22459.5
2026-02-17 04:35:00+00:00,86.076,86.284,86.064,86.249,3761.9
2026-02-17 04:40:00+00:00,86.249,86.355,86.239,86.288,5926.9
2026-02-17 04:45:00+00:00,86.288,86.5,86.113,86.459,27122.9
2026-02-17 04:50:00+00:00,86.459,86.459,86.31,86.377,12017.4
2026-02-17 04:55:00+00:00,86.377,86.382,86.263,86.324,3798.2
2026-02-17 05:00:00+00:00,86.324,86.39,86.215,86.39,4052.1
2026-02-17 05:05:00+00:00,86.39,86.445,86.218,86.287,4178.1
2026-02-17 05:10:00+00:00,86.287,86.393,86.107,86.134,4496.5
2026-02-17 05:15:00+00:00,86.134,86.159,85.823,85.895,12499.4
2026-02-17 05:20:00+00:00,85.895,86.057,85.751,85.832,31190.4
2026-02-17 05:25:00+00:00,85.832,86.011,85.8,85.913,7889.0
2026-02-17 05:30:00+00:00,85.913,85.929,85.514,85.606,29498.9
2026-02-17 05:35:00+00:00,85.606,85.696,85.389,85.638,26752.4
2026-02-17 05:40:00+00:00,85.638,86.061,85.597,86.053,27037.0
2026-02-17 05:45:00+00:00,86.053,86.248,86.053,86.17,10160.2
2026-02-17 05:50:00+00:00,86.17,86.22,86.054,86.125,3369.8
2026-02-17 05:55:00+00:00,86.125,86.296,86.098,86.17,2943.8
2026-02-17 06:00:00+00:00,86.17,86.399,86.166,86.381,14422.6
2026-02-17 06:05:00+00:00,86.381,86.528,86.368,86.469,13528.8
2026-02-17 06:10:00+00:00,86.469,86.509,86.337,86.365,6042.4
2026-02-17 06:15:00+00:00,86.365,86.462,86.359,86.368,4483.8
2026-02-17 06:20:00+00:00,86.368,86.452,86.352,86.425,2272.7
2026-02-17 06:25:00+00:00,86.425,86.768,86.354,86.593,15271.1
2026-02-17 06:30:00+00:00,86.593,86.593,86.416,86.544,5618.0
2026-02-17 06:35:00+00:00,86.544,86.6,86.505,86.594,3627.3
2026-02-17 06:40:00+00:00,86.594,86.724,86.582,86.634,10701.5
2026-02-17 06:45:00+00:00,86.634,86.687,86.52,86.535,3885.0
2026-02-17 06:50:00+00:00,86.535,86.597,86.529,86.561,3347.7
2026-02-17 06:55:00+00:00,86.561,86.562,86.432,86.442,7622.8
2026-02-17 07:00:00+00:00,86.442,86.456,86.3,86.34,6052.7
2026-02-17 07:05:00+00:00,86.34,86.358,86.049,86.074,8902.8
2026-02-17 07:10:00+00:00,86.074,86.15,86.044,86.08,5258.0
2026-02-17 07:15:00+00:00,86.08,86.229,86.005,86.017,4473.9
2026-02-17 07:20:00+00:00,86.017,86.118,85.974,86.037,4346.6
2026-02-17 07:25:00+00:00,86.037,86.08,85.901,85.972,4254.4
2026-02-17 07:30:00+00:00,85.972,86.04,85.869,85.999,4184.7
2026-02-17 07:35:00+00:00,85.999,86.467,85.995,86.411,15199.9
2026-02-17 07:40:00+00:00,86.411,86.432,86.317,86.358,4760.3
2026-02-17 07:45:00+00:00,86.358,86.48,86.248,86.404,16414.9
2026-02-17 07:50:00+00:00,86.404,86.48,86.372,86.438,3561.8
2026-02-17 07:55:00+00:00,86.438,86.479,86.35,86.422,1169.2
2026-02-17 08:00:00+00:00,86.422,86.699,86.412,86.572,8588.3
2026-02-17 08:05:00+00:00,86.572,86.603,86.494,86.515,4200.8
2026-02-17 08:10:00+00:00,86.515,86.624,86.462,86.503,7152.3
2026-02-17 08:15:00+00:00,86.503,86.516,86.382,86.405,7817.7
2026-02-17 08:20:00+00:00,86.405,86.529,86.384,86.399,4324.7
2026-02-17 08:25:00+00:00,86.399,86.414,86.248,86.265,9273.8
2026-02-17 08:30:00+00:00,86.265,86.43,86.204,86.263,9067.6
2026-02-17 08:35:00+00:00,86.263,86.346,85.946,86.067,26462.2
2026-02-17 08:40:00+00:00,86.067,86.158,85.988,86.093,18443.7
2026-02-17 08:45:00+00:00,86.093,86.155,86.004,86.004,3559.9
2026-02-17 08:50:00+00:00,86.004,86.03,85.816,86.011,15069.6
2026-02-17 08:55:00+00:00,86.011,86.035,85.907,85.908,4569.1
2026-02-17 09:00:00+00:00,85.908,86.122,85.9,86.122,6142.2
2026-02-17 09:05:00+00:00,86.122,86.132,85.96,85.96,8915.2
2026-02-17 09:10:00+00:00,85.96,85.96,85.68,85.78,19745.0
2026-02-17 09:15:00+00:00,85.78,85.888,85.66,85.77,13416.0
2026-02-17 09:20:00+00:00,85.77,85.91,85.753,85.82,5162.4
2026-02-17 09:25:00+00:00,85.82,85.91,85.805,85.843,4577.9
2026-02-17 09:30:00+00:00,85.843,85.894,85.761,85.8,3209.7
2026-02-17 09:35:00+00:00,85.8,85.851,85.678,85.679,4655.5
2026-02-17 09:40:00+00:00,85.679,85.775,85.605,85.763,14491.3
2026-02-17 09:45:00+00:00,85.763,85.941,85.763,85.825,6885.8
2026-02-17 09:50:00+00:00,85.825,86.008,85.811,85.969,11350.7
2026-02-17 09:55:00+00:00,85.969,86.013,85.884,85.907,4970.6
2026-02-17 10:00:00+00:00,85.907,86.005,85.845,85.875,4171.9
2026-02-17 10:05:00+00:00,85.875,85.909,85.714,85.833,19303.1
2026-02-17 10:10:00+00:00,85.833,85.877,85.668,85.72,4135.9
2026-02-17 10:15:00+00:00,85.72,85.721,85.156,85.206,37578.3
2026-02-17 10:20:00+00:00,85.206,85.384,85.206,85.294,9391.2
2026-02-17 10:25:00+00:00,85.294,85.296,85.05,85.05,13459.3
2026-02-17 10:30:00+00:00,85.05,85.199,84.989,85.023,17067.1
2026-02-17 10:35:00+00:00,85.023,85.046,84.88,84.996,11133.4
2026-02-17 10:40:00+00:00,84.996,85.111,84.961,85.022,10394.2
2026-02-17 10:45:00+00:00,85.022,85.092,84.907,84.961,6013.4
2026-02-17 10:50:00+00:00,84.961,84.98,84.809,84.94,9111.2
2026-02-17 10:55:00+00:00,84.94,85.008,84.904,84.984,6574.4
2026-02-17 11:00:00+00:00,84.984,85.256,84.984,85.055,9205.9
2026-02-17 11:05:00+00:00,85.055,85.134,84.728,84.898,15495.1
2026-02-17 11:10:00+00:00,84.898,85.02,84.868,84.965,8821.3
2026-02-17 11:15:00+00:00,84.965,85.055,84.753,84.878,8393.0
2026-02-17 11:20:00+00:00,84.878,85.015,84.8,84.8,4267.6
2026-02-17 11:25:00+00:00,84.8,85.057,84.673,85.057,12927.1
2026-02-17 11:30:00+00:00,85.057,85.088,84.912,85.015,4716.4
2026-02-17 11:35:00+00:00,85.015,85.015,84.849,84.943,8296.8
2026-02-17 11:40:00+00:00,84.943,85.01,84.911,84.922,1493.8
2026-02-17 11:45:00+00:00,84.922,84.964,84.804,84.951,6511.8
2026-02-17 11:50:00+00:00,84.951,85.073,84.92,85.045,5157.8
2026-02-17 11:55:00+00:00,85.045,85.109,84.96,85.046,9830.6
2026-02-17 12:00:00+00:00,85.046,85.196,84.978,85.134,4259.1
2026-02-17 12:05:00+00:00,85.134,85.407,85.081,85.218,17701.0
2026-02-17 12:10:00+00:00,85.218,85.286,85.141,85.244,6456.2
2026-02-17 12:15:00+00:00,85.244,85.256,85.114,85.166,6997.2
2026-02-17 12:20:00+00:00,85.166,85.286,85.111,85.177,4784.7
2026-02-17 12:25:00+00:00,85.177,85.352,85.119,85.275,5350.5
2026-02-17 12:30:00+00:00,85.275,85.312,85.112,85.21,3629.0
2026-02-17 12:35:00+00:00,85.21,85.534,85.21,85.291,13587.7
2026-02-17 12:40:00+00:00,85.291,85.335,85.069,85.092,7269.6
2026-02-17 12:45:00+00:00,85.092,85.135,84.764,84.843,17321.4
2026-02-17 12:50:00+00:00,84.843,84.904,84.611,84.877,7612.1
2026-02-17 12:55:00+00:00,84.877,84.988,84.46,84.588,30158.1
2026-02-17 13:00:00+00:00,84.588,84.594,84.325,84.412,15740.1
2026-02-17 13:05:00+00:00,84.412,84.775,84.332,84.751,21670.2
2026-02-17 13:10:00+00:00,84.751,84.973,84.733,84.861,18068.2
2026-02-17 13:15:00+00:00,84.861,84.929,84.679,84.794,11871.0
2026-02-17 13:20:00+00:00,84.794,85.336,84.777,85.268,69914.5
2026-02-17 13:25:00+00:00,85.268,85.306,84.841,84.922,26967.1
2026-02-17 13:30:00+00:00,84.922,84.949,84.649,84.949,11817.4
2026-02-17 13:35:00+00:00,84.949,85.019,84.924,85.005,5485.7
2026-02-17 13:40:00+00:00,85.005,85.009,84.901,84.97,5402.8
2026-02-17 13:45:00+00:00,84.97,84.993,84.908,84.934,3468.6
2026-02-17 13:50:00+00:00,84.934,85.481,84.907,85.319,44120.0
2026-02-17 13:55:00+00:00,85.319,85.389,84.871,84.919,9590.0
2026-02-17 14:00:00+00:00,84.919,85.087,84.626,85.05,14798.4
2026-02-17 14:05:00+00:00,85.05,85.378,85.04,85.173,30079.6
2026-02-17 14:10:00+00:00,85.173,85.184,85.04,85.054,6033.3
2026-02-17 14:15:00+00:00,85.054,85.112,84.951,85.103,10173.8
2026-02-17 14:20:00+00:00,85.103,85.131,84.931,85.0,4646.7
2026-02-17 14:25:00+00:00,85.0,85.06,84.931,84.932,2705.7
2026-02-17 14:30:00+00:00,84.932,85.296,84.771,85.217,54007.2
2026-02-17 14:35:00+00:00,85.217,85.234,84.401,84.666,37891.3
2026-02-17 14:40:00+00:00,84.666,84.666,83.534,83.778,75638.1
2026-02-17 14:45:00+00:00,83.778,83.815,83.186,83.522,103261.6
2026-02-17 14:50:00+00:00,83.522,83.645,82.95,83.202,105725.5
2026-02-17 14:55:00+00:00,83.202,83.481,82.978,83.201,33166.2
2026-02-17 15:00:00+00:00,83.201,83.497,83.168,83.464,24605.5
2026-02-17 15:05:00+00:00,83.464,83.8,83.226,83.521,32757.3
2026-02-17 15:10:00+00:00,83.521,83.79,83.323,83.344,61233.2
2026-02-17 15:15:00+00:00,83.344,83.847,83.261,83.771,47101.7
2026-02-17 15:20:00+00:00,83.771,83.85,83.296,83.424,24091.2
2026-02-17 15:25:00+00:00,83.424,83.514,83.063,83.394,17962.9
2026-02-17 15:30:00+00:00,83.394,83.495,82.876,83.0,66558.9
2026-02-17 15:35:00+00:00,83.0,83.366,83.0,83.147,23560.7
2026-02-17 15:40:00+00:00,83.147,83.408,83.099,83.371,12141.4
2026-02-17 15:45:00+00:00,83.371,83.7,83.339,83.436,28585.2
2026-02-17 15:50:00+00:00,83.436,83.639,83.319,83.522,13915.8
2026-02-17 15:55:00+00:00,83.522,83.8,83.472,83.752,20328.1
2026-02-17 16:00:00+00:00,83.752,84.74,83.667,84.529,66351.4
2026-02-17 16:05:00+00:00,84.529,84.96,84.44,84.57,30525.6
2026-02-17 16:10:00+00:00,84.57,84.624,84.344,84.487,14333.9
2026-02-17 16:15:00+00:00,84.487,84.889,84.429,84.757,16748.7
2026-02-17 16:20:00+00:00,84.757,84.776,84.153,84.382,22483.9
2026-02-17 16:25:00+00:00,84.382,84.435,84.058,84.102,7864.5
2026-02-17 16:30:00+00:00,84.102,84.792,84.004,84.736,16447.9
2026-02-17 16:35:00+00:00,84.736,85.438,84.722,85.155,40213.3
2026-02-17 16:40:00+00:00,85.155,85.185,84.755,84.846,19777.5
2026-02-17 16:45:00+00:00,84.846,84.893,84.454,84.496,15805.9
2026-02-17 16:50:00+00:00,84.496,84.543,84.269,84.519,35468.3
2026-02-17 16:55:00+00:00,84.519,84.62,84.068,84.138,19973.9
2026-02-17 17:00:00+00:00,84.138,84.217,83.909,84.102,23204.7
2026-02-17 17:05:00+00:00,84.102,84.276,83.976,83.982,6759.4
2026-02-17 17:10:00+00:00,83.982,84.01,83.209,83.575,53436.5
2026-02-17 17:15:00+00:00,83.575,83.876,83.574,83.71,13669.9
2026-02-17 17:20:00+00:00,83.71,83.862,83.601,83.812,12972.1
2026-02-17 17:25:00+00:00,83.812,84.059,83.722,83.972,19991.7
2026-02-17 17:30:00+00:00,83.972,83.989,83.481,83.682,30174.8
2026-02-17 17:35:00+00:00,83.682,83.834,83.611,83.663,3147.6
2026-02-17 17:40:00+00:00,83.663,83.663,83.235,83.272,13370.9
2026-02-17 17:45:00+00:00,83.272,83.551,83.087,83.38,42286.1
2026-02-17 17:50:00+00:00,83.38,83.668,83.354,83.485,8962.1
2026-02-17 17:55:00+00:00,83.485,83.76,83.472,83.66,4533.1
2026-02-17 18:00:00+00:00,83.66,83.743,83.521,83.604,3940.7
2026-02-17 18:05:00+00:00,83.604,83.798,83.571,83.798,3105.3
2026-02-17 18:10:00+00:00,83.798,83.948,83.701,83.853,10785.1
2026-02-17 18:15:00+00:00,83.853,83.922,83.689,83.822,9031.5
2026-02-17 18:20:00+00:00,83.822,84.677,83.816,84.488,43318.5
2026-02-17 18:25:00+00:00,84.488,84.936,84.405,84.863,29520.2
2026-02-17 18:30:00+00:00,84.863,84.969,84.736,84.832,22800.9
2026-02-17 18:35:00+00:00,84.832,85.051,84.678,84.888,14717.5
2026-02-17 18:40:00+00:00,84.888,85.375,84.886,85.065,45001.0
2026-02-17 18:45:00+00:00,85.065,85.208,84.972,85.104,8704.3
2026-02-17 18:50:00+00:00,85.104,85.351,85.063,85.174,9898.9
2026-02-17 18:55:00+00:00,85.174,85.392,85.049,85.057,25781.0
2026-02-17 19:00:00+00:00,85.057,85.22,84.995,85.142,15857.0
2026-02-17 19:05:00+00:00,85.142,85.415,85.023,85.286,68310.6
2026-02-17 19:10:00+00:00,85.286,85.557,85.131,85.527,31553.5
2026-02-17 19:15:00+00:00,85.527,85.736,85.228,85.266,25178.8
2026-02-17 19:20:00+00:00,85.266,85.544,85.018,85.018,14715.8
2026-02-17 19:25:00+00:00,85.018,85.037,84.67,84.856,49148.2
2026-02-17 19:30:00+00:00,84.856,85.019,84.77,84.889,9012.2
2026-02-17 19:35:00+00:00,84.889,84.951,84.582,84.736,6404.9
2026-02-17 19:40:00+00:00,84.736,84.86,84.691,84.859,4876.6
2026-02-17 19:45:00+00:00,84.859,85.084,84.784,84.814,4662.0
2026-02-17 19:50:00+00:00,84.814,84.895,84.628,84.797,4668.1
2026-02-17 19:55:00+00:00,84.797,84.951,84.79,84.826,4473.8
2026-02-17 20:00:00+00:00,84.826,85.068,84.751,84.888,5876.9
2026-02-17 20:05:00+00:00,84.888,84.938,84.68,84.743,14129.6
2026-02-17 20:10:00+00:00,84.743,84.925,84.724,84.88,6761.7
2026-02-17 20:15:00+00:00,84.88,84.99,84.784,84.796,3863.2
2026-02-17 20:20:00+00:00,84.796,84.932,84.603,84.756,3605.5
2026-02-17 20:25:00+00:00,84.756,85.041,84.746,84.883,5620.7
2026-02-17 20:30:00+00:00,84.883,84.883,84.463,84.86,8139.3
2026-02-17 20:35:00+00:00,84.86,84.933,84.661,84.87,4437.9
2026-02-17 20:40:00+00:00,84.87,85.16,84.87,85.106,5209.6
2026-02-17 20:45:00+00:00,85.106,85.209,84.953,85.021,6204.2
2026-02-17 20:50:00+00:00,85.021,85.129,84.941,84.997,7374.5
2026-02-17 20:55:00+00:00,84.997,85.079,84.843,84.925,13424.9
2026-02-17 21:00:00+00:00,84.925,85.185,84.898,85.118,7562.8
2026-02-17 21:05:00+00:00,85.118,85.219,85.005,85.067,6116.8
2026-02-17 21:10:00+00:00,85.067,85.394,85.033,85.328,7980.9
2026-02-17 21:15:00+00:00,85.328,85.338,85.091,85.17,5304.4
2026-02-17 21:20:00+00:00,85.17,85.204,84.9,84.938,4507.4
2026-02-17 21:25:00+00:00,84.938,85.012,84.92,84.943,1789.4
2026-02-17 21:30:00+00:00,84.943,84.974,84.784,84.81,3299.0
2026-02-17 21:35:00+00:00,84.81,84.884,84.81,84.879,3519.2
2026-02-17 21:40:00+00:00,84.879,85.005,84.879,85.003,3709.1
2026-02-17 21:45:00+00:00,85.003,85.059,84.936,84.999,2950.7
2026-02-17 21:50:00+00:00,84.999,85.041,84.982,85.016,747.5
2026-02-17 21:55:00+00:00,85.016,85.192,85.014,85.167,3870.3
2026-02-17 22:00:00+00:00,85.167,85.263,85.135,85.262,2766.2
2026-02-17 22:05:00+00:00,85.262,85.291,85.096,85.171,3420.1
2026-02-17 22:10:00+00:00,85.171,85.288,85.131,85.231,12348.4
2026-02-17 22:15:00+00:00,85.231,85.282,85.095,85.275,1440.2
2026-02-17 22:20:00+00:00,85.275,85.364,85.117,85.214,5564.0
2026-02-17 22:25:00+00:00,85.214,85.214,85.07,85.16,3345.9
2026-02-17 22:30:00+00:00,85.16,85.274,85.144,85.165,1943.1
2026-02-17 22:35:00+00:00,85.165,85.394,85.165,85.21,4685.4
2026-02-17 22:40:00+00:00,85.21,85.353,85.107,85.138,3828.8
2026-02-17 22:45:00+00:00,85.138,85.284,85.083,85.086,5915.2
2026-02-17 22:50:00+00:00,85.086,85.138,84.9,85.009,15597.0
2026-02-17 22:55:00+00:00,85.009,85.041,84.939,84.988,5892.2
2026-02-17 23:00:00+00:00,84.988,84.988,84.879,84.891,3535.2
2026-02-17 23:05:00+00:00,84.891,85.124,84.835,84.942,13268.6
2026-02-17 23:10:00+00:00,84.942,85.111,84.9,85.111,15258.6
2026-02-17 23:15:00+00:00,85.111,85.272,85.015,85.214,4495.4
2026-02-17 23:20:00+00:00,85.214,85.299,85.148,85.193,2310.1
2026-02-17 23:25:00+00:00,85.193,85.193,84.997,85.016,3107.8
2026-02-17 23:30:00+00:00,85.016,85.027,84.884,84.934,2722.9
2026-02-17 23:35:00+00:00,84.934,85.045,84.884,84.914,3850.0
2026-02-17 23:40:00+00:00,84.914,85.062,84.914,85.044,4901.6
2026-02-17 23:45:00+00:00,85.044,85.07,84.926,84.986,4569.9
2026-02-17 23:50:00+00:00,84.986,85.188,84.978,85.161,48914.0
2026-02-17 23:55:00+00:00,85.161,85.217,84.975,85.032,5608.7
2026-02-18 00:00:00+00:00,85.032,85.2,84.982,85.068,3364.8
2026-02-18 00:05:00+00:00,85.068,85.352,85.068,85.352,13043.1
2026-02-18 00:10:00+00:00,85.352,85.375,85.204,85.324,14109.1
2026-02-18 00:15:00+00:00,85.324,85.332,85.169,85.207,8930.0
2026-02-18 00:20:00+00:00,85.207,85.242,85.086,85.091,3807.5
2026-02-18 00:25:00+00:00,85.091,85.192,84.96,85.154,3596.1
2026-02-18 00:30:00+00:00,85.154,85.358,85.154,85.32,3184.2
2026-02-18 00:35:00+00:00,85.32,85.429,85.304,85.398,5954.6
2026-02-18 00:40:00+00:00,85.398,85.44,85.259,85.284,5551.9
2026-02-18 00:45:00+00:00,85.284,85.29,84.955,84.986,8240.5
2026-02-18 00:50:00+00:00,84.986,85.021,84.728,84.774,10967.2
2026-02-18 00:55:00+00:00,84.774,84.9,84.767,84.808,13293.5
2026-02-18 01:00:00+00:00,84.808,84.932,84.486,84.525,14590.9
2026-02-18 01:05:00+00:00,84.525,84.635,84.279,84.337,19410.1
2026-02-18 01:10:00+00:00,84.337,84.508,84.212,84.393,13575.2
2026-02-18 01:15:00+00:00,84.393,84.511,84.298,84.323,53880.2
2026-02-18 01:20:00+00:00,84.323,84.391,84.271,84.271,6984.0
2026-02-18 01:25:00+00:00,84.271,84.291,84.073,84.123,10734.8
2026-02-18 01:30:00+00:00,84.123,84.173,83.941,84.004,14377.9
2026-02-18 01:35:00+00:00,84.004,84.126,83.907,83.913,13005.7
2026-02-18 01:40:00+00:00,83.913,84.232,83.878,84.231,7980.6
2026-02-18 01:45:00+00:00,84.231,84.258,84.051,84.092,3342.8
2026-02-18 01:50:00+00:00,84.092,84.24,84.044,84.052,2744.0
2026-02-18 01:55:00+00:00,84.052,84.227,84.017,84.207,3932.7
2026-02-18 02:00:00+00:00,84.207,84.482,84.191,84.434,13123.2
2026-02-18 02:05:00+00:00,84.434,84.911,84.399,84.888,11169.5
2026-02-18 02:10:00+00:00,84.888,84.942,84.728,84.777,6578.1
2026-02-18 02:15:00+00:00,84.777,84.85,84.6,84.6,3490.1
2026-02-18 02:20:00+00:00,84.6,84.753,84.577,84.633,3049.1
2026-02-18 02:25:00+00:00,84.633,84.671,84.583,84.6,2229.6
2026-02-18 02:30:00+00:00,84.6,84.827,84.526,84.786,2453.2
2026-02-18 02:35:00+00:00,84.786,84.929,84.786,84.791,5695.4
2026-02-18 02:40:00+00:00,84.791,84.828,84.727,84.787,8504.0
2026-02-18 02:45:00+00:00,84.787,84.804,84.598,84.637,1865.1
2026-02-18 02:50:00+00:00,84.637,84.743,84.627,84.627,2789.1
2026-02-18 02:55:00+00:00,84.627,84.652,84.601,84.61,989.9
2026-02-18 03:00:00+00:00,84.61,84.746,84.58,84.739,3792.5
2026-02-18 03:05:00+00:00,84.739,84.742,84.558,84.615,2401.4
2026-02-18 03:10:00+00:00,84.615,84.644,84.501,84.603,4927.9
2026-02-18 03:15:00+00:00,84.603,84.782,84.596,84.689,1475.1
2026-02-18 03:20:00+00:00,84.689,84.848,84.671,84.822,1544.5
2026-02-18 03:25:00+00:00,84.822,84.946,84.765,84.939,4158.5
2026-02-18 03:30:00+00:00,84.939,85.108,84.877,85.004,8844.3
2026-02-18 03:35:00+00:00,85.004,85.125,84.98,85.107,12509.6
2026-02-18 03:40:00+00:00,85.107,85.164,85.043,85.143,4905.7
2026-02-18 03:45:00+00:00,85.143,85.28,85.102,85.235,14033.6
2026-02-18 03:50:00+00:00,85.235,85.378,85.235,85.329,6179.8
2026-02-18 03:55:00+00:00,85.329,85.404,85.248,85.266,6386.2
2026-02-18 04:00:00+00:00,85.266,85.324,85.186,85.192,7292.1
2026-02-18 04:05:00+00:00,85.192,85.355,85.191,85.347,3934.2
2026-02-18 04:10:00+00:00,85.347,85.489,85.101,85.169,6095.6
2026-02-18 04:15:00+00:00,85.169,85.262,85.167,85.252,2043.1
2026-02-18 04:20:00+00:00,85.252,85.377,85.217,85.285,9540.6
2026-02-18 04:25:00+00:00,85.285,85.292,85.241,85.257,3096.7
2026-02-18 04:30:00+00:00,85.257,85.342,85.187,85.315,3140.9
2026-02-18 04:35:00+00:00,85.315,85.315,85.042,85.105,4640.6
2026-02-18 04:40:00+00:00,85.105,85.13,85.003,85.003,3326.0
2026-02-18 04:45:00+00:00,85.003,85.066,84.909,85.005,3587.1
2026-02-18 04:50:00+00:00,85.005,85.202,85.001,85.135,4174.6
2026-02-18 04:55:00+00:00,85.135,85.148,85.014,85.097,960.2
2026-02-18 05:00:00+00:00,85.097,85.173,84.97,85.012,3079.7
2026-02-18 05:05:00+00:00,85.012,85.027,84.926,84.98,2952.2
2026-02-18 05:10:00+00:00,84.98,85.118,84.943,85.029,2388.0
2026-02-18 05:15:00+00:00,85.029,85.177,85.015,85.176,3348.7
2026-02-18 05:20:00+00:00,85.176,85.176,85.032,85.144,2367.7
2026-02-18 05:25:00+00:00,85.144,85.22,84.924,84.937,6839.4
2026-02-18 05:30:00+00:00,84.937,84.968,84.703,84.776,6923.5
2026-02-18 05:35:00+00:00,84.776,84.887,84.741,84.833,4055.0
2026-02-18 05:40:00+00:00,84.833,84.869,84.752,84.816,2984.0
2026-02-18 05:45:00+00:00,84.816,84.96,84.775,84.932,8266.7
2026-02-18 05:50:00+00:00,84.932,84.932,84.828,84.891,1038.3
2026-02-18 05:55:00+00:00,84.891,84.903,84.78,84.837,1536.1
2026-02-18 06:00:00+00:00,84.837,84.921,84.831,84.831,1127.1
2026-02-18 06:05:00+00:00,84.831,85.027,84.759,84.949,3001.7
2026-02-18 06:10:00+00:00,84.949,85.105,84.934,85.051,3115.8
2026-02-18 06:15:00+00:00,85.051,85.106,84.979,84.989,2939.4
2026-02-18 06:20:00+00:00,84.989,85.138,84.92,85.101,3377.3
2026-02-18 06:25:00+00:00,85.101,85.15,85.058,85.1,2741.2
2026-02-18 06:30:00+00:00,85.1,85.13,84.996,85.026,3586.6
2026-02-18 06:35:00+00:00,85.026,85.198,84.97,85.09,10848.9
2026-02-18 06:40:00+00:00,85.09,85.14,85.072,85.096,3140.4
2026-02-18 06:45:00+00:00,85.096,85.281,85.049,85.109,4147.1
2026-02-18 06:50:00+00:00,85.109,85.109,84.939,84.949,2853.1
2026-02-18 06:55:00+00:00,84.949,84.952,84.842,84.872,1909.2
2026-02-18 07:00:00+00:00,84.872,84.924,84.834,84.876,2479.3
2026-02-18 07:05:00+00:00,84.876,84.924,84.782,84.841,2059.0
2026-02-18 07:10:00+00:00,84.841,84.874,84.726,84.763,2048.4
2026-02-18 07:15:00+00:00,84.763,84.798,84.682,84.735,2827.0
2026-02-18 07:20:00+00:00,84.735,84.781,84.628,84.649,4924.7
2026-02-18 07:25:00+00:00,84.649,84.799,84.648,84.784,4520.7
2026-02-18 07:30:00+00:00,84.784,84.829,84.746,84.758,4105.3
2026-02-18 07:35:00+00:00,84.758,85.085,84.72,85.075,7083.2
2026-02-18 07:40:00+00:00,85.075,85.225,84.981,85.161,25568.8
2026-02-18 07:45:00+00:00,85.161,85.387,85.097,85.325,10489.8
2026-02-18 07:50:00+00:00,85.325,85.377,85.258,85.326,13411.4
2026-02-18 07:55:00+00:00,85.326,85.33,85.212,85.213,2928.2
2026-02-18 08:00:00+00:00,85.213,85.467,85.18,85.335,12091.1
2026-02-18 08:05:00+00:00,85.335,85.443,85.335,85.38,4716.7
2026-02-18 08:10:00+00:00,85.38,85.515,85.311,85.353,10388.4
2026-02-18 08:15:00+00:00,85.353,85.818,85.295,85.617,29173.2
2026-02-18 08:20:00+00:00,85.617,85.8,85.577,85.785,7865.7
2026-02-18 08:25:00+00:00,85.785,86.065,85.612,85.661,34506.6
2026-02-18 08:30:00+00:00,85.661,85.701,85.532,85.673,9196.4
2026-02-18 08:35:00+00:00,85.673,85.679,85.356,85.419,6749.2
2026-02-18 08:40:00+00:00,85.419,85.543,85.413,85.495,5656.8
2026-02-18 08:45:00+00:00,85.495,85.553,85.464,85.464,5580.7
2026-02-18 08:50:00+00:00,85.464,85.527,85.35,85.39,8630.9
2026-02-18 08:55:00+00:00,85.39,85.445,85.322,85.4,2685.1
2026-02-18 09:00:00+00:00,85.4,85.478,85.27,85.412,11461.5
2026-02-18 09:05:00+00:00,85.412,85.563,85.369,85.437,5972.3
2026-02-18 09:10:00+00:00,85.437,85.676,85.399,85.643,13338.6
2026-02-18 09:15:00+00:00,85.643,85.698,85.489,85.565,2746.5
2026-02-18 09:20:00+00:00,85.565,85.646,85.517,85.608,5339.5
2026-02-18 09:25:00+00:00,85.608,85.64,85.533,85.533,3137.2
2026-02-18 09:30:00+00:00,85.533,85.619,85.468,85.606,5213.5
2026-02-18 09:35:00+00:00,85.606,85.644,85.53,85.555,2724.0
2026-02-18 09:40:00+00:00,85.555,85.585,85.52,85.53,1501.9
2026-02-18 09:45:00+00:00,85.53,85.53,85.376,85.376,6161.0
2026-02-18 09:50:00+00:00,85.376,85.449,85.276,85.387,5076.9
2026-02-18 09:55:00+00:00,85.387,85.387,85.27,85.27,5680.0
2026-02-18 10:00:00+00:00,85.27,85.362,85.04,85.052,16379.8
2026-02-18 10:05:00+00:00,85.052,85.057,84.891,85.034,14828.2
2026-02-18 10:10:00+00:00,85.034,85.135,85.023,85.082,6571.8
2026-02-18 10:15:00+00:00,85.082,85.101,84.988,84.99,2156.0
2026-02-18 10:20:00+00:00,84.99,85.065,84.951,85.001,10373.7
2026-02-18 10:25:00+00:00,85.001,85.043,84.926,85.008,3421.0
2026-02-18 10:30:00+00:00,85.008,85.032,84.82,84.856,7071.5
2026-02-18 10:35:00+00:00,84.856,84.91,84.758,84.829,14869.1
2026-02-18 10:40:00+00:00,84.829,84.91,84.561,84.618,15432.1
2026-02-18 10:45:00+00:00,84.618,84.624,84.364,84.406,36495.3
2026-02-18 10:50:00+00:00,84.406,84.474,84.15,84.293,34417.2
2026-02-18 10:55:00+00:00,84.293,84.293,84.139,84.241,22736.6
2026-02-18 11:00:00+00:00,84.241,84.241,84.112,84.192,7765.3
2026-02-18 11:05:00+00:00,84.192,84.219,83.375,83.433,73388.1
2026-02-18 11:10:00+00:00,83.433,83.494,83.17,83.448,42917.6
2026-02-18 11:15:00+00:00,83.448,83.673,83.389,83.477,37987.1
2026-02-18 11:20:00+00:00,83.477,83.585,83.338,83.519,17995.0
2026-02-18 11:25:00+00:00,83.519,83.682,83.475,83.549,29419.3
2026-02-18 11:30:00+00:00,83.549,83.675,83.423,83.564,21389.2
2026-02-18 11:35:00+00:00,83.564,83.675,83.467,83.525,16955.7
2026-02-18 11:40:00+00:00,83.525,83.547,83.2,83.294,23383.1
2026-02-18 11:45:00+00:00,83.294,83.445,83.085,83.153,27065.9
2026-02-18 11:50:00+00:00,83.153,83.331,82.983,83.324,33350.1
2026-02-18 11:55:00+00:00,83.324,83.334,82.776,82.811,49484.7
2026-02-18 12:00:00+00:00,82.811,83.022,82.734,83.022,28709.2
2026-02-18 12:05:00+00:00,83.022,83.268,82.98,83.119,18755.7
2026-02-18 12:10:00+00:00,83.119,83.289,83.089,83.212,11970.1
2026-02-18 12:15:00+00:00,83.212,83.259,83.088,83.197,11399.1
2026-02-18 12:20:00+00:00,83.197,83.214,82.924,83.061,24028.0
2026-02-18 12:25:00+00:00,83.061,83.151,83.03,83.151,18056.4
2026-02-18 12:30:00+00:00,83.151,83.173,82.396,82.469,78466.5
2026-02-18 12:35:00+00:00,82.469,82.763,82.27,82.708,40971.1
2026-02-18 12:40:00+00:00,82.708,83.036,82.7,82.943,27386.2
2026-02-18 12:45:00+00:00,82.943,83.104,82.909,83.06,11669.2
2026-02-18 12:50:00+00:00,83.06,83.113,82.993,82.993,8618.1
2026-02-18 12:55:00+00:00,82.993,83.01,82.83,82.941,8861.0
2026-02-18 13:00:00+00:00,82.941,83.099,82.884,82.896,5575.3
2026-02-18 13:05:00+00:00,82.896,83.178,82.86,83.178,11098.7
2026-02-18 13:10:00+00:00,83.178,83.221,83.036,83.141,3902.3
2026-02-18 13:15:00+00:00,83.141,83.228,83.051,83.052,5576.3
2026-02-18 13:20:00+00:00,83.052,83.096,82.955,83.059,4984.5
2026-02-18 13:25:00+00:00,83.059,83.184,83.059,83.079,5961.9
2026-02-18 13:30:00+00:00,83.079,83.081,82.972,83.066,7023.4
2026-02-18 13:35:00+00:00,83.066,83.121,82.983,82.99,6913.9
2026-02-18 13:40:00+00:00,82.99,82.99,82.599,82.802,21221.7
2026-02-18 13:45:00+00:00,82.802,82.883,82.341,82.406,37340.0
2026-02-18 13:50:00+00:00,82.406,82.559,82.234,82.402,26049.3
2026-02-18 13:55:00+00:00,82.402,82.644,82.287,82.554,15891.9
2026-02-18 14:00:00+00:00,82.554,82.759,82.55,82.753,14608.9
2026-02-18 14:05:00+00:00,82.753,82.835,82.584,82.774,13113.5
2026-02-18 14:10:00+00:00,82.774,82.783,82.601,82.728,7854.8
2026-02-18 14:15:00+00:00,82.728,82.773,82.378,82.515,20686.5
2026-02-18 14:20:00+00:00,82.515,82.56,82.351,82.447,18379.0
2026-02-18 14:25:00+00:00,82.447,82.54,82.166,82.178,23640.5
2026-02-18 14:30:00+00:00,82.178,82.692,82.104,82.317,35168.4
2026-02-18 14:35:00+00:00,82.317,82.679,82.221,82.466,25744.3
2026-02-18 14:40:00+00:00,82.466,82.657,82.235,82.346,37606.6
2026-02-18 14:45:00+00:00,82.346,82.645,81.653,81.9,124434.0
2026-02-18 14:50:00+00:00,81.9,82.686,81.9,82.588,34824.0
2026-02-18 14:55:00+00:00,82.588,82.682,82.378,82.521,20758.1
2026-02-18 15:00:00+00:00,82.521,82.959,82.469,82.922,42528.9
2026-02-18 15:05:00+00:00,82.922,83.033,82.511,82.679,41986.2
2026-02-18 15:10:00+00:00,82.679,82.782,82.516,82.736,15353.6
2026-02-18 15:15:00+00:00,82.736,83.019,82.701,82.765,14828.5
2026-02-18 15:20:00+00:00,82.765,83.012,82.747,82.779,7193.1
2026-02-18 15:25:00+00:00,82.779,82.81,82.541,82.75,9869.0
2026-02-18 15:30:00+00:00,82.75,82.908,82.711,82.796,22490.9
2026-02-18 15:35:00+00:00,82.796,83.699,82.796,83.672,99433.2
2026-02-18 15:40:00+00:00,83.672,83.961,83.519,83.639,51182.1
2026-02-18 15:45:00+00:00,83.639,83.677,83.331,83.331,18701.0
2026-02-18 15:50:00+00:00,83.331,83.389,82.919,83.151,42496.1
2026-02-18 15:55:00+00:00,83.151,83.209,82.733,82.951,29279.3
2026-02-18 16:00:00+00:00,82.951,83.04,82.284,82.596,48571.7
2026-02-18 16:05:00+00:00,82.596,82.596,82.096,82.176,37654.9
2026-02-18 16:10:00+00:00,82.176,82.295,81.98,82.211,45132.0
2026-02-18 16:15:00+00:00,82.211,82.295,82.066,82.157,11643.3
2026-02-18 16:20:00+00:00,82.157,82.481,82.133,82.3,53157.5
2026-02-18 16:25:00+00:00,82.3,82.523,82.21,82.431,11876.7
2026-02-18 16:30:00+00:00,82.431,82.467,82.071,82.077,8512.9
2026-02-18 16:35:00+00:00,82.077,82.241,82.008,82.23,9372.3
2026-02-18 16:40:00+00:00,82.23,82.305,82.191,82.242,4803.1
2026-02-18 16:45:00+00:00,82.242,82.341,82.116,82.148,5720.4
2026-02-18 16:50:00+00:00,82.148,82.247,82.02,82.15,5869.9
2026-02-18 16:55:00+00:00,82.15,82.268,82.1,82.237,2809.4
2026-02-18 17:00:00+00:00,82.237,82.49,82.232,82.449,10410.1
2026-02-18 17:05:00+00:00,82.449,82.938,82.449,82.678,65196.8
2026-02-18 17:10:00+00:00,82.678,82.7,82.239,82.372,14808.6
2026-02-18 17:15:00+00:00,82.372,82.541,82.358,82.513,5373.8
2026-02-18 17:20:00+00:00,82.513,82.53,82.354,82.402,12897.7
2026-02-18 17:25:00+00:00,82.402,82.419,82.201,82.286,4796.8
2026-02-18 17:30:00+00:00,82.286,82.484,82.242,82.384,6332.9
2026-02-18 17:35:00+00:00,82.384,82.48,82.351,82.457,12245.7
2026-02-18 17:40:00+00:00,82.457,82.457,82.231,82.265,7245.8
2026-02-18 17:45:00+00:00,82.265,82.336,82.243,82.262,4745.1
2026-02-18 17:50:00+00:00,82.262,82.276,82.052,82.072,9227.6
2026-02-18 17:55:00+00:00,82.072,82.232,82.041,82.127,6668.9
2026-02-18 18:00:00+00:00,82.127,82.309,82.08,82.115,7836.9
2026-02-18 18:05:00+00:00,82.115,82.208,82.044,82.071,5233.7
2026-02-18 18:10:00+00:00,82.071,82.218,82.071,82.199,5198.9
2026-02-18 18:15:00+00:00,82.199,82.236,81.663,81.733,22007.6
2026-02-18 18:20:00+00:00,81.733,81.796,81.191,81.611,100869.4
2026-02-18 18:25:00+00:00,81.611,81.886,81.553,81.694,24296.3
2026-02-18 18:30:00+00:00,81.694,81.738,81.445,81.73,26661.2
2026-02-18 18:35:00+00:00,81.73,81.898,81.666,81.708,15081.5
2026-02-18 18:40:00+00:00,81.708,81.737,80.893,81.103,162599.2
2026-02-18 18:45:00+00:00,81.103,81.494,81.022,81.423,38973.6
2026-02-18 18:50:00+00:00,81.423,81.482,81.151,81.415,26356.9
2026-02-18 18:55:00+00:00,81.415,81.544,81.2,81.227,12740.9
2026-02-18 19:00:00+00:00,81.227,81.543,81.108,81.405,56596.5
2026-02-18 19:05:00+00:00,81.405,81.428,81.297,81.385,7489.8
2026-02-18 19:10:00+00:00,81.385,81.521,81.112,81.164,10126.2
2026-02-18 19:15:00+00:00,81.164,81.266,81.0,81.072,8515.6
2026-02-18 19:20:00+00:00,81.072,81.161,80.907,80.945,13673.6
2026-02-18 19:25:00+00:00,80.945,81.065,80.722,81.043,30895.7
2026-02-18 19:30:00+00:00,81.043,81.082,80.551,80.711,35989.5
2026-02-18 19:35:00+00:00,80.711,80.76,80.427,80.641,32431.5
2026-02-18 19:40:00+00:00,80.641,80.955,80.593,80.926,19233.6
2026-02-18 19:45:00+00:00,80.926,81.172,80.895,80.941,17526.2
2026-02-18 19:50:00+00:00,80.941,81.001,80.766,80.766,7808.4
2026-02-18 19:55:00+00:00,80.766,80.983,80.637,80.867,21214.0
2026-02-18 20:00:00+00:00,80.867,81.098,80.801,80.989,11229.6
2026-02-18 20:05:00+00:00,80.989,81.059,80.881,80.971,4831.9
2026-02-18 20:10:00+00:00,80.971,81.151,80.911,81.004,7567.5
2026-02-18 20:15:00+00:00,81.004,81.162,80.918,81.069,5161.2
2026-02-18 20:20:00+00:00,81.069,81.141,80.928,81.072,3720.7
2026-02-18 20:25:00+00:00,81.072,81.206,81.009,81.032,4121.2
2026-02-18 20:30:00+00:00,81.032,81.392,81.018,81.351,24386.9
2026-02-18 20:35:00+00:00,81.351,81.539,81.312,81.477,26902.0
2026-02-18 20:40:00+00:00,81.477,81.491,81.275,81.441,5147.0
2026-02-18 20:45:00+00:00,81.441,81.53,81.378,81.435,9162.6
2026-02-18 20:50:00+00:00,81.435,81.488,81.129,81.329,25858.2
2026-02-18 20:55:00+00:00,81.329,81.371,81.199,81.272,17641.7
2026-02-18 21:00:00+00:00,81.272,81.398,80.946,81.049,52733.8
2026-02-18 21:05:00+00:00,81.049,81.116,80.968,81.025,6022.5
2026-02-18 21:10:00+00:00,81.025,81.26,81.025,81.174,4552.2
2026-02-18 21:15:00+00:00,81.174,81.355,81.154,81.313,5051.4
2026-02-18 21:20:00+00:00,81.313,81.431,81.244,81.382,4696.7
2026-02-18 21:25:00+00:00,81.382,81.481,81.315,81.427,2033.7
2026-02-18 21:30:00+00:00,81.427,81.522,81.385,81.515,7751.6
2026-02-18 21:35:00+00:00,81.515,81.608,81.373,81.518,4118.5
2026-02-18 21:40:00+00:00,81.518,81.545,81.434,81.466,2989.1
2026-02-18 21:45:00+00:00,81.466,81.49,81.37,81.404,3328.7
2026-02-18 21:50:00+00:00,81.404,81.404,81.087,81.153,52608.5
2026-02-18 21:55:00+00:00,81.153,81.32,81.125,81.224,12881.8
2026-02-18 22:00:00+00:00,81.224,81.272,81.16,81.236,4387.2
2026-02-18 22:05:00+00:00,81.236,81.361,81.226,81.258,2982.4
2026-02-18 22:10:00+00:00,81.258,81.304,81.01,81.136,6828.5
2026-02-18 22:15:00+00:00,81.136,81.242,81.099,81.242,2508.2
2026-02-18 22:20:00+00:00,81.242,81.279,81.032,81.054,2218.9
2026-02-18 22:25:00+00:00,81.054,81.208,81.042,81.188,1515.0
2026-02-18 22:30:00+00:00,81.188,81.349,81.17,81.304,16714.4
2026-02-18 22:35:00+00:00,81.304,81.408,81.28,81.407,1964.8
2026-02-18 22:40:00+00:00,81.407,81.456,81.285,81.285,15382.9
2026-02-18 22:45:00+00:00,81.285,81.456,81.285,81.456,1473.9
2026-02-18 22:50:00+00:00,81.456,81.496,81.414,81.416,1935.1
2026-02-18 22:55:00+00:00,81.416,81.436,81.319,81.395,1746.1
2026-02-18 23:00:00+00:00,81.395,81.462,81.236,81.265,6410.3
2026-02-18 23:05:00+00:00,81.265,81.299,81.203,81.241,3669.6
2026-02-18 23:10:00+00:00,81.241,81.418,81.19,81.393,4102.8
2026-02-18 23:15:00+00:00,81.393,81.448,81.28,81.336,2063.4
2026-02-18 23:20:00+00:00,81.336,81.408,81.237,81.304,2396.3
2026-02-18 23:25:00+00:00,81.304,81.377,81.221,81.253,2401.9
2026-02-18 23:30:00+00:00,81.253,81.472,81.253,81.422,9564.9
2026-02-18 23:35:00+00:00,81.422,81.48,81.347,81.404,3169.7
2026-02-18 23:40:00+00:00,81.404,81.497,81.404,81.459,3284.9
2026-02-18 23:45:00+00:00,81.459,81.556,81.431,81.507,8220.5
2026-02-18 23:50:00+00:00,81.507,81.59,81.451,81.542,2213.8
2026-02-18 23:55:00+00:00,81.542,81.591,81.505,81.564,2533.6
2026-02-19 00:00:00+00:00,81.564,81.583,81.451,81.517,6658.0
2026-02-19 00:05:00+00:00,81.517,81.697,81.477,81.537,8606.5
2026-02-19 00:10:00+00:00,81.537,81.537,81.288,81.328,14732.5
2026-02-19 00:15:00+00:00,81.328,81.535,81.328,81.487,4525.0
2026-02-19 00:20:00+00:00,81.487,81.515,81.352,81.376,1048.4
2026-02-19 00:25:00+00:00,81.376,81.38,81.196,81.357,4230.9
2026-02-19 00:30:00+00:00,81.357,81.425,81.297,81.422,4353.5
2026-02-19 00:35:00+00:00,81.422,81.535,81.384,81.475,2869.2
2026-02-19 00:40:00+00:00,81.475,81.627,81.475,81.612,6142.4
2026-02-19 00:45:00+00:00,81.612,81.652,81.408,81.462,7062.7
2026-02-19 00:50:00+00:00,81.462,81.512,81.4,81.463,1955.0
2026-02-19 00:55:00+00:00,81.463,81.503,81.413,81.452,2042.7
2026-02-19 01:00:00+00:00,81.452,81.7,81.441,81.612,4936.4
2026-02-19 01:05:00+00:00,81.612,81.68,81.561,81.618,2485.5
2026-02-19 01:10:00+00:00,81.618,81.998,81.605,81.811,42507.0
2026-02-19 01:15:00+00:00,81.811,81.822,81.592,81.626,3332.2
2026-02-19 01:20:00+00:00,81.626,81.671,81.468,81.64,4398.0
2026-02-19 01:25:00+00:00,81.64,81.706,81.586,81.636,3295.6
2026-02-19 01:30:00+00:00,81.636,81.761,81.633,81.755,2602.5
2026-02-19 01:35:00+00:00,81.755,81.797,81.46,81.547,7824.6
2026-02-19 01:40:00+00:00,81.547,81.759,81.53,81.719,7304.4
2026-02-19 01:45:00+00:00,81.719,81.777,81.681,81.764,1937.4
2026-02-19 01:50:00+00:00,81.764,81.806,81.691,81.803,1515.0
2026-02-19 01:55:00+00:00,81.803,81.85,81.769,81.826,1954.8
2026-02-19 02:00:00+00:00,81.826,81.86,81.721,81.86,3035.2
2026-02-19 02:05:00+00:00,81.86,81.998,81.782,81.971,7836.2
2026-02-19 02:10:00+00:00,81.971,81.999,81.783,81.827,2286.5
2026-02-19 02:15:00+00:00,81.827,81.871,81.684,81.759,7528.8
2026-02-19 02:20:00+00:00,81.759,81.833,81.676,81.726,3540.6
2026-02-19 02:25:00+00:00,81.726,81.863,81.687,81.862,5886.9
2026-02-19 02:35:00+00:00,81.67,81.67,81.296,81.351,10439.4
2026-02-19 02:40:00+00:00,81.351,81.447,81.267,81.375,8143.1
2026-02-19 02:45:00+00:00,81.375,81.5,81.367,81.464,3679.1
2026-02-19 02:50:00+00:00,81.464,81.522,81.437,81.467,1239.9
2026-02-19 02:55:00+00:00,81.467,81.68,81.465,81.604,3571.8
2026-02-19 03:00:00+00:00,81.604,81.706,81.528,81.692,1342.1
2026-02-19 03:05:00+00:00,81.692,81.702,81.493,81.52,5931.6
2026-02-19 03:10:00+00:00,81.52,81.554,81.373,81.504,3004.4
2026-02-19 03:15:00+00:00,81.504,81.685,81.493,81.597,2046.4
2026-02-19 03:20:00+00:00,81.597,81.742,81.597,81.738,1753.4
2026-02-19 03:25:00+00:00,81.738,81.863,81.736,81.863,6864.8
2026-02-19 03:30:00+00:00,81.863,81.886,81.684,81.7,5441.3
2026-02-19 03:35:00+00:00,81.7,81.802,81.548,81.563,5018.5
2026-02-19 03:40:00+00:00,81.563,81.631,81.556,81.629,2039.5
2026-02-19 03:45:00+00:00,81.629,81.643,81.529,81.583,2934.6
2026-02-19 03:50:00+00:00,81.583,81.689,81.529,81.657,2760.7
2026-02-19 03:55:00+00:00,81.657,81.75,81.656,81.718,2777.3
2026-02-19 04:00:00+00:00,81.718,81.957,81.701,81.865,7307.5
2026-02-19 04:05:00+00:00,81.865,81.906,81.765,81.782,2585.3
2026-02-19 04:10:00+00:00,81.782,81.855,81.782,81.855,1842.9
2026-02-19 04:15:00+00:00,81.855,81.863,81.767,81.834,4347.0
2026-02-19 04:20:00+00:00,81.834,81.868,81.63,81.64,3731.1
2026-02-19 04:25:00+00:00,81.64,81.681,81.569,81.665,2452.4
2026-02-19 04:30:00+00:00,81.665,81.773,81.644,81.71,3817.4
2026-02-19 04:35:00+00:00,81.71,81.759,81.681,81.727,654.0
2026-02-19 04:40:00+00:00,81.727,81.885,81.549,81.558,60793.3
2026-02-19 04:45:00+00:00,81.558,81.668,81.504,81.635,9869.7
2026-02-19 04:50:00+00:00,81.635,81.676,81.496,81.503,7365.0
2026-02-19 04:55:00+00:00,81.503,81.519,81.432,81.452,7126.7
2026-02-19 05:00:00+00:00,81.452,81.691,81.326,81.609,56063.8
2026-02-19 05:05:00+00:00,81.609,81.644,81.491,81.599,8350.8
2026-02-19 05:10:00+00:00,81.599,81.722,81.599,81.679,2247.8
2026-02-19 05:15:00+00:00,81.679,81.918,81.634,81.894,10002.6
2026-02-19 05:20:00+00:00,81.894,81.894,81.574,81.634,10567.8
2026-02-19 05:25:00+00:00,81.634,81.653,81.454,81.546,6752.6
2026-02-19 05:30:00+00:00,81.546,81.615,81.419,81.575,6489.9
2026-02-19 05:35:00+00:00,81.575,81.744,81.575,81.653,7009.7
2026-02-19 05:40:00+00:00,81.653,81.719,81.64,81.64,1565.4
2026-02-19 05:45:00+00:00,81.64,81.711,81.545,81.656,3851.7
2026-02-19 05:50:00+00:00,81.656,81.78,81.598,81.753,2227.7
2026-02-19 05:55:00+00:00,81.753,81.875,81.753,81.836,8167.1
2026-02-19 06:00:00+00:00,81.836,81.928,81.769,81.921,10995.3
2026-02-19 06:05:00+00:00,81.921,82.077,81.921,82.034,27126.3
2026-02-19 06:10:00+00:00,82.034,82.185,82.032,82.157,9038.5
2026-02-19 06:15:00+00:00,82.157,82.363,82.099,82.301,16535.0
2026-02-19 06:20:00+00:00,82.301,82.414,82.209,82.331,15349.5
2026-02-19 06:25:00+00:00,82.331,82.4,82.284,82.356,7653.5
2026-02-19 06:30:00+00:00,82.356,82.44,82.216,82.301,17782.8
2026-02-19 06:35:00+00:00,82.301,82.347,82.2,82.299,5062.1
2026-02-19 06:40:00+00:00,82.299,82.312,82.148,82.205,4608.4
2026-02-19 06:45:00+00:00,82.205,82.367,82.198,82.355,2862.6
2026-02-19 06:50:00+00:00,82.355,82.439,82.277,82.384,6501.1
2026-02-19 06:55:00+00:00,82.384,82.393,82.265,82.31,3712.0
2026-02-19 07:00:00+00:00,82.31,82.391,82.215,82.318,10048.4
2026-02-19 07:05:00+00:00,82.318,82.318,82.173,82.232,3480.4
2026-02-19 07:10:00+00:00,82.232,82.578,82.229,82.43,16710.3
2026-02-19 07:15:00+00:00,82.43,82.569,82.43,82.491,5018.4
2026-02-19 07:20:00+00:00,82.491,82.631,82.376,82.376,12921.0
2026-02-19 07:25:00+00:00,82.376,82.439,82.338,82.37,4296.2
2026-02-19 07:30:00+00:00,82.37,82.472,82.296,82.309,11555.4
2026-02-19 07:35:00+00:00,82.309,82.479,82.265,82.272,6432.2
2026-02-19 07:40:00+00:00,82.272,82.272,81.984,82.214,43073.0
2026-02-19 07:45:00+00:00,82.214,82.293,82.101,82.273,12816.2
2026-02-19 07:50:00+00:00,82.273,82.348,82.235,82.343,4112.9
2026-02-19 07:55:00+00:00,82.343,82.364,82.204,82.359,14465.5
2026-02-19 08:00:00+00:00,82.359,82.361,82.16,82.301,24227.6
2026-02-19 08:05:00+00:00,82.301,82.325,82.115,82.233,7929.5
2026-02-19 08:10:00+00:00,82.233,82.302,82.193,82.246,5985.6
2026-02-19 08:15:00+00:00,82.246,82.246,82.05,82.233,9350.7
2026-02-19 08:20:00+00:00,82.233,82.259,81.988,82.029,6617.3
2026-02-19 08:25:00+00:00,82.029,82.075,81.82,81.976,18017.9
2026-02-19 08:30:00+00:00,81.976,81.976,81.51,81.643,17619.8
2026-02-19 08:35:00+00:00,81.643,81.763,81.577,81.762,7118.4
2026-02-19 08:40:00+00:00,81.762,81.782,81.579,81.624,6755.9
2026-02-19 08:45:00+00:00,81.624,81.715,81.545,81.656,4383.9
2026-02-19 08:50:00+00:00,81.656,81.71,81.602,81.686,5232.8
2026-02-19 08:55:00+00:00,81.686,81.733,81.621,81.684,4637.4
2026-02-19 09:00:00+00:00,81.684,81.781,81.475,81.508,16052.9
2026-02-19 09:05:00+00:00,81.508,81.659,81.304,81.659,14628.5
2026-02-19 09:10:00+00:00,81.659,81.691,81.551,81.679,2933.4
2026-02-19 09:15:00+00:00,81.679,81.727,81.559,81.658,4048.2
2026-02-19 09:20:00+00:00,81.658,81.964,81.585,81.933,9319.9
2026-02-19 09:25:00+00:00,81.933,81.933,81.731,81.809,2860.2
2026-02-19 09:30:00+00:00,81.809,81.854,81.737,81.824,2519.2
2026-02-19 09:35:00+00:00,81.824,81.855,81.633,81.686,4176.3
2026-02-19 09:40:00+00:00,81.686,81.703,81.626,81.658,7379.3
2026-02-19 09:45:00+00:00,81.658,81.673,81.073,81.094,28591.8
2026-02-19 09:50:00+00:00,81.094,81.262,81.07,81.24,11298.3
2026-02-19 09:55:00+00:00,81.24,81.24,81.11,81.159,5700.5
2026-02-19 10:00:00+00:00,81.159,81.171,80.903,80.928,22675.0
2026-02-19 10:05:00+00:00,80.928,81.281,80.86,81.269,19998.6
2026-02-19 10:10:00+00:00,81.269,81.487,81.244,81.355,21989.1
2026-02-19 10:15:00+00:00,81.355,81.713,81.331,81.675,14141.2
2026-02-19 10:20:00+00:00,81.675,81.767,81.567,81.583,12695.4
2026-02-19 10:25:00+00:00,81.583,81.687,81.562,81.593,8687.4
2026-02-19 10:30:00+00:00,81.593,81.773,81.516,81.62,4862.2
2026-02-19 10:35:00+00:00,81.62,81.696,81.464,81.68,15052.2
2026-02-19 10:40:00+00:00,81.68,81.721,81.627,81.689,2628.1
2026-02-19 10:45:00+00:00,81.689,81.689,81.541,81.631,1809.1
2026-02-19 10:50:00+00:00,81.631,81.631,81.374,81.43,29290.7
2026-02-19 10:55:00+00:00,81.43,81.501,81.404,81.475,5766.2
2026-02-19 11:00:00+00:00,81.475,81.6,81.448,81.557,2164.4
2026-02-19 11:05:00+00:00,81.557,81.7,81.517,81.699,3226.3
2026-02-19 11:10:00+00:00,81.699,81.754,81.689,81.749,6207.6
2026-02-19 11:15:00+00:00,81.749,81.841,81.69,81.726,7970.9
2026-02-19 11:20:00+00:00,81.726,81.789,81.677,81.789,2875.1
2026-02-19 11:25:00+00:00,81.789,81.789,81.644,81.664,4929.2
2026-02-19 11:30:00+00:00,81.664,81.672,81.567,81.617,2337.4
2026-02-19 11:35:00+00:00,81.617,81.63,81.224,81.294,14392.0
2026-02-19 11:40:00+00:00,81.294,81.402,81.289,81.344,6221.4
2026-02-19 11:45:00+00:00,81.344,81.39,81.265,81.293,9051.3
2026-02-19 11:50:00+00:00,81.293,81.302,81.058,81.127,12718.7
2026-02-19 11:55:00+00:00,81.127,81.24,81.123,81.203,14013.4
2026-02-19 12:00:00+00:00,81.203,81.253,81.065,81.104,6620.2
2026-02-19 12:05:00+00:00,81.104,81.279,80.884,81.231,47064.7
2026-02-19 12:10:00+00:00,81.231,81.231,81.091,81.18,13516.8
2026-02-19 12:15:00+00:00,81.18,81.206,80.966,81.018,13568.6
2026-02-19 12:20:00+00:00,81.018,81.148,80.975,81.058,8423.1
2026-02-19 12:25:00+00:00,81.058,81.167,81.024,81.129,3481.5
2026-02-19 12:30:00+00:00,81.129,81.198,81.058,81.117,3786.8
2026-02-19 12:35:00+00:00,81.117,81.207,80.811,81.206,14342.4
2026-02-19 12:40:00+00:00,81.206,81.206,80.987,81.004,9372.6
2026-02-19 12:45:00+00:00,81.004,81.042,80.725,80.833,7031.1
2026-02-19 12:50:00+00:00,80.833,80.893,80.768,80.789,3306.0
2026-02-19 12:55:00+00:00,80.789,80.802,80.62,80.761,13069.3
2026-02-19 13:00:00+00:00,80.761,80.877,80.54,80.633,16862.7
2026-02-19 13:05:00+00:00,80.633,80.633,80.137,80.286,49127.6
2026-02-19 13:10:00+00:00,80.286,80.584,80.286,80.532,20155.1
2026-02-19 13:15:00+00:00,80.532,80.593,80.347,80.436,15210.4
2026-02-19 13:20:00+00:00,80.436,80.557,80.305,80.305,9893.5
2026-02-19 13:25:00+00:00,80.305,80.391,80.131,80.226,19450.7
2026-02-19 13:30:00+00:00,80.226,80.492,80.201,80.421,19584.9
2026-02-19 13:35:00+00:00,80.421,80.472,80.03,80.031,27711.1
2026-02-19 13:40:00+00:00,80.031,80.049,79.717,79.856,91330.4
2026-02-19 13:45:00+00:00,79.856,79.913,79.626,79.747,31026.8
2026-02-19 13:50:00+00:00,79.747,79.978,79.578,79.958,49402.2
2026-02-19 13:55:00+00:00,79.958,79.997,79.842,79.968,17577.8
2026-02-19 14:00:00+00:00,79.968,80.155,79.91,79.94,16150.7
2026-02-19 14:05:00+00:00,79.94,80.319,79.94,80.208,19485.3
2026-02-19 14:10:00+00:00,80.208,80.357,80.025,80.226,29408.0
2026-02-19 14:15:00+00:00,80.226,80.291,79.949,80.059,17239.8
2026-02-19 14:20:00+00:00,80.059,80.292,80.041,80.238,16411.3
2026-02-19 14:25:00+00:00,80.238,80.413,80.202,80.329,19704.8
2026-02-19 14:30:00+00:00,80.329,80.329,79.918,80.044,22209.1
2026-02-19 14:35:00+00:00,80.044,80.732,79.962,80.542,53114.3
2026-02-19 14:40:00+00:00,80.542,80.985,80.29,80.848,47884.7
2026-02-19 14:45:00+00:00,80.848,80.927,80.5,80.692,14754.1
2026-02-19 14:50:00+00:00,80.692,81.16,80.676,80.965,28750.3
2026-02-19 14:55:00+00:00,80.965,81.278,80.664,80.736,31723.7
2026-02-19 15:00:00+00:00,80.736,81.256,80.661,81.032,21271.4
2026-02-19 15:05:00+00:00,81.032,81.163,80.562,80.578,11188.1
2026-02-19 15:10:00+00:00,80.578,80.699,80.022,80.139,44361.6
2026-02-19 15:15:00+00:00,80.139,80.594,80.128,80.393,40779.0
2026-02-19 15:20:00+00:00,80.393,80.449,79.964,80.409,14483.1
2026-02-19 15:25:00+00:00,80.409,80.409,80.044,80.122,7707.7
2026-02-19 15:30:00+00:00,80.122,80.345,79.923,80.344,21298.2
2026-02-19 15:35:00+00:00,80.344,80.725,80.317,80.53,15633.5
2026-02-19 15:40:00+00:00,80.53,80.699,80.451,80.625,3638.8
2026-02-19 15:45:00+00:00,80.625,80.828,80.334,80.378,23724.3
2026-02-19 15:50:00+00:00,80.378,80.479,80.095,80.477,10948.7
2026-02-19 15:55:00+00:00,80.477,80.645,80.387,80.591,7761.7
2026-02-19 16:00:00+00:00,80.591,80.591,80.255,80.255,6896.9
2026-02-19 16:05:00+00:00,80.255,80.421,79.851,80.301,35057.2
2026-02-19 16:10:00+00:00,80.301,80.47,80.183,80.47,16701.6
2026-02-19 16:15:00+00:00,80.47,80.917,80.425,80.794,21874.3
2026-02-19 16:20:00+00:00,80.794,80.801,80.347,80.389,27573.0
2026-02-19 16:25:00+00:00,80.389,80.4,80.022,80.149,20341.6
2026-02-19 16:30:00+00:00,80.149,80.762,80.149,80.759,14855.7
2026-02-19 16:35:00+00:00,80.759,80.759,80.404,80.727,5455.7
2026-02-19 16:40:00+00:00,80.727,80.727,80.549,80.559,6631.7
2026-02-19 16:45:00+00:00,80.559,80.675,80.424,80.498,4198.6
2026-02-19 16:50:00+00:00,80.498,80.72,80.304,80.689,15099.6
2026-02-19 16:55:00+00:00,80.689,80.84,80.438,80.744,15972.8
2026-02-19 17:00:00+00:00,80.744,80.852,80.64,80.699,5824.8
2026-02-19 17:05:00+00:00,80.699,80.921,80.464,80.473,13411.5
2026-02-19 17:10:00+00:00,80.473,81.235,80.473,81.182,68224.2
2026-02-19 17:15:00+00:00,81.182,81.885,80.969,81.705,70318.7
2026-02-19 17:20:00+00:00,81.705,81.722,81.424,81.481,24433.3
2026-02-19 17:25:00+00:00,81.481,81.481,80.916,80.964,28297.4
2026-02-19 17:30:00+00:00,80.964,81.058,80.822,80.907,7252.3
2026-02-19 17:35:00+00:00,80.907,81.006,80.661,80.685,10599.6
2026-02-19 17:40:00+00:00,80.685,81.013,80.685,80.853,9505.1
2026-02-19 17:45:00+00:00,80.853,80.94,80.487,80.487,15056.6
2026-02-19 17:50:00+00:00,80.487,80.561,80.18,80.248,21328.4
2026-02-19 17:55:00+00:00,80.248,80.495,80.241,80.441,6992.1
2026-02-19 18:00:00+00:00,80.441,80.563,80.348,80.45,5865.1
2026-02-19 18:05:00+00:00,80.45,80.743,80.407,80.633,6556.0
2026-02-19 18:10:00+00:00,80.633,81.063,80.542,81.024,27196.5
2026-02-19 18:15:00+00:00,81.024,81.024,80.784,80.871,7388.7
2026-02-19 18:20:00+00:00,80.871,81.277,80.686,81.26,11073.6
2026-02-19 18:25:00+00:00,81.26,81.649,81.256,81.447,30998.5
2026-02-19 18:30:00+00:00,81.447,81.644,81.252,81.296,18099.7
2026-02-19 18:35:00+00:00,81.296,81.51,81.214,81.349,15088.5
2026-02-19 18:40:00+00:00,81.349,81.788,81.345,81.757,9600.2
2026-02-19 18:45:00+00:00,81.757,82.0,81.692,81.84,25408.5
2026-02-19 18:50:00+00:00,81.84,81.926,81.686,81.898,10445.2
2026-02-19 18:55:00+00:00,81.898,82.0,81.74,81.916,10286.4
2026-02-19 19:00:00+00:00,81.916,82.029,81.778,81.934,19782.8
2026-02-19 19:05:00+00:00,81.934,82.165,81.764,82.007,20693.5
2026-02-19 19:10:00+00:00,82.007,82.039,81.68,81.689,16642.0
2026-02-19 19:15:00+00:00,81.689,81.82,81.617,81.662,9948.7
2026-02-19 19:20:00+00:00,81.662,81.746,81.493,81.599,16090.4
2026-02-19 19:25:00+00:00,81.599,81.655,81.369,81.477,11779.7
2026-02-19 19:30:00+00:00,81.477,81.503,81.344,81.436,7687.9
2026-02-19 19:35:00+00:00,81.436,81.469,81.153,81.195,8168.3
2026-02-19 19:40:00+00:00,81.195,81.566,81.023,81.535,37218.6
2026-02-19 19:45:00+00:00,81.535,81.653,81.439,81.529,9404.6
2026-02-19 19:50:00+00:00,81.529,82.036,81.529,81.811,20599.2
2026-02-19 19:55:00+00:00,81.811,81.994,81.796,81.917,7875.9
2026-02-19 20:00:00+00:00,81.917,82.024,81.806,81.85,15235.3
2026-02-19 20:05:00+00:00,81.85,82.131,81.701,81.985,18332.9
2026-02-19 20:10:00+00:00,81.985,82.124,81.951,81.953,6872.7
2026-02-19 20:15:00+00:00,81.953,81.967,81.636,81.806,10511.7
2026-02-19 20:20:00+00:00,81.806,81.956,81.76,81.845,5722.8
2026-02-19 20:25:00+00:00,81.845,82.053,81.772,82.017,11310.7
2026-02-19 20:30:00+00:00,82.017,82.241,81.916,81.938,58035.3
2026-02-19 20:35:00+00:00,81.938,81.997,81.788,81.855,4270.2
2026-02-19 20:40:00+00:00,81.855,82.047,81.85,81.939,3536.2
2026-02-19 20:45:00+00:00,81.939,82.306,81.939,82.03,28217.2
2026-02-19 20:50:00+00:00,82.03,82.15,82.006,82.108,9481.4
2026-02-19 20:55:00+00:00,82.108,82.13,81.958,82.034,8460.4
2026-02-19 21:00:00+00:00,82.034,82.118,81.939,82.03,6095.9
2026-02-19 21:05:00+00:00,82.03,82.134,82.024,82.078,4697.9
2026-02-19 21:10:00+00:00,82.078,82.086,81.912,81.92,4355.2
2026-02-19 21:15:00+00:00,81.92,82.022,81.891,81.935,4789.9
2026-02-19 21:20:00+00:00,81.935,82.004,81.858,81.858,13687.7
2026-02-19 21:25:00+00:00,81.858,81.915,81.768,81.844,5204.5
2026-02-19 21:30:00+00:00,81.844,81.914,81.774,81.898,2266.2
2026-02-19 21:35:00+00:00,81.898,82.16,81.839,82.033,13998.6
2026-02-19 21:40:00+00:00,82.033,82.056,81.998,82.041,1800.3
2026-02-19 21:45:00+00:00,82.041,82.106,82.015,82.065,5403.4
2026-02-19 21:50:00+00:00,82.065,82.093,81.984,82.007,2633.2
2026-02-19 21:55:00+00:00,82.007,82.031,81.945,82.031,3779.5
2026-02-19 22:00:00+00:00,82.031,82.077,81.896,81.975,3365.9
2026-02-19 22:05:00+00:00,81.975,82.124,81.975,82.124,6819.2
2026-02-19 22:10:00+00:00,82.124,82.498,82.114,82.285,24615.3
2026-02-19 22:15:00+00:00,82.285,82.385,82.114,82.119,7973.0
2026-02-19 22:20:00+00:00,82.119,82.22,81.989,82.133,6556.7
2026-02-19 22:25:00+00:00,82.133,82.154,82.008,82.032,3957.4
2026-02-19 22:30:00+00:00,82.032,82.199,81.924,82.081,9412.7
2026-02-19 22:35:00+00:00,82.081,82.128,81.859,81.933,7113.5
2026-02-19 22:40:00+00:00,81.933,82.138,81.876,82.128,5941.7
2026-02-19 22:45:00+00:00,82.128,82.17,82.027,82.027,7203.7
2026-02-19 22:50:00+00:00,82.027,82.243,82.027,82.215,3116.9
2026-02-19 22:55:00+00:00,82.215,82.342,82.214,82.296,4910.2
2026-02-19 23:00:00+00:00,82.296,82.428,82.214,82.256,7958.2
2026-02-19 23:05:00+00:00,82.256,82.298,82.074,82.239,6411.8
2026-02-19 23:10:00+00:00,82.239,82.331,82.098,82.215,3837.5
2026-02-19 23:15:00+00:00,82.215,82.288,82.19,82.279,2290.6
2026-02-19 23:20:00+00:00,82.279,82.444,82.259,82.337,5372.8
2026-02-19 23:25:00+00:00,82.337,82.407,82.296,82.331,2251.7
2026-02-19 23:30:00+00:00,82.331,82.371,82.247,82.306,5261.2
2026-02-19 23:35:00+00:00,82.306,82.343,82.2,82.287,3296.2
2026-02-19 23:40:00+00:00,82.287,82.287,82.18,82.286,2763.2
2026-02-19 23:45:00+00:00,82.286,82.375,82.236,82.308,2686.2
2026-02-19 23:50:00+00:00,82.308,82.359,82.21,82.359,1696.2
2026-02-19 23:55:00+00:00,82.359,82.518,82.32,82.448,6062.9
2026-02-20 00:00:00+00:00,82.448,82.479,82.274,82.274,6412.6
2026-02-20 00:05:00+00:00,82.274,82.384,82.274,82.345,2846.8
2026-02-20 00:10:00+00:00,82.345,82.836,82.315,82.777,34695.0
2026-02-20 00:15:00+00:00,82.777,83.491,82.777,83.101,58889.6
2026-02-20 00:20:00+00:00,83.101,83.211,82.965,83.093,16115.1
2026-02-20 00:25:00+00:00,83.093,83.494,82.987,83.389,38475.8
2026-02-20 00:30:00+00:00,83.389,83.407,83.089,83.095,13519.2
2026-02-20 00:35:00+00:00,83.095,83.3,83.095,83.175,4405.6
2026-02-20 00:40:00+00:00,83.175,83.222,82.975,83.034,11535.5
2026-02-20 00:45:00+00:00,83.034,83.135,82.975,83.036,9028.9
2026-02-20 00:50:00+00:00,83.036,83.048,82.824,82.83,10292.5
2026-02-20 00:55:00+00:00,82.83,82.912,82.83,82.88,9079.3
2026-02-20 01:00:00+00:00,82.88,82.987,82.821,82.894,8255.0
2026-02-20 01:05:00+00:00,82.894,83.08,82.881,82.938,16975.9
2026-02-20 01:10:00+00:00,82.938,83.063,82.875,83.04,17702.4
2026-02-20 01:15:00+00:00,83.04,83.04,82.745,82.804,5260.6
2026-02-20 01:20:00+00:00,82.804,83.099,82.7,82.702,12926.5
2026-02-20 01:25:00+00:00,82.702,82.814,82.65,82.79,16536.3
2026-02-20 01:30:00+00:00,82.79,82.876,82.733,82.833,4245.8
2026-02-20 01:35:00+00:00,82.833,83.006,82.785,82.943,7987.7
2026-02-20 01:40:00+00:00,82.943,83.089,82.913,83.035,20483.4
2026-02-20 01:45:00+00:00,83.035,83.035,82.756,82.783,9590.5
2026-02-20 01:50:00+00:00,82.783,82.847,82.701,82.801,4550.6
2026-02-20 01:55:00+00:00,82.801,82.962,82.793,82.962,3606.7
2026-02-20 02:00:00+00:00,82.962,83.2,82.888,83.18,7227.2
2026-02-20 02:05:00+00:00,83.18,83.279,83.089,83.098,6491.2
2026-02-20 02:10:00+00:00,83.098,83.123,82.845,82.97,7019.4
2026-02-20 02:15:00+00:00,82.97,83.111,82.946,83.05,2719.3
2026-02-20 02:20:00+00:00,83.05,83.066,82.782,82.886,10421.4
2026-02-20 02:25:00+00:00,82.886,82.902,82.771,82.771,5393.9
2026-02-20 02:30:00+00:00,82.771,82.937,82.768,82.904,5474.9
2026-02-20 02:35:00+00:00,82.904,83.099,82.889,83.09,9587.8
2026-02-20 02:40:00+00:00,83.09,83.134,82.942,83.089,19745.5
2026-02-20 02:45:00+00:00,83.089,83.089,82.96,82.961,3931.0
2026-02-20 02:50:00+00:00,82.961,83.069,82.84,82.897,5277.0
2026-02-20 02:55:00+00:00,82.897,82.973,82.857,82.864,2097.7
2026-02-20 03:00:00+00:00,82.864,83.021,82.863,82.99,2921.4
2026-02-20 03:05:00+00:00,82.99,82.997,82.79,82.914,10131.6
2026-02-20 03:10:00+00:00,82.914,82.934,82.88,82.904,2053.5
2026-02-20 03:15:00+00:00,82.904,82.932,82.824,82.903,3835.2
2026-02-20 03:20:00+00:00,82.903,83.184,82.903,83.114,6068.3
2026-02-20 03:25:00+00:00,83.114,83.324,83.114,83.145,15241.9
2026-02-20 03:30:00+00:00,83.145,83.162,83.048,83.116,3304.5
2026-02-20 03:35:00+00:00,83.116,83.249,83.113,83.17,7263.8
2026-02-20 03:40:00+00:00,83.17,83.204,82.983,83.043,7853.0
2026-02-20 03:45:00+00:00,83.043,83.108,82.976,83.036,9235.6
2026-02-20 03:50:00+00:00,83.036,83.081,82.943,83.063,3604.6
2026-02-20 03:55:00+00:00,83.063,83.063,82.956,83.006,2427.2
2026-02-20 04:00:00+00:00,83.006,83.055,82.741,82.849,8129.6
2026-02-20 04:05:00+00:00,82.849,82.946,82.808,82.848,5158.7
2026-02-20 04:10:00+00:00,82.848,82.853,82.66,82.685,7713.6
2026-02-20 04:15:00+00:00,82.685,82.875,82.402,82.464,33872.3
2026-02-20 04:20:00+00:00,82.464,82.629,82.324,82.621,11370.2
2026-02-20 04:25:00+00:00,82.621,82.685,82.553,82.558,4778.2
2026-02-20 04:30:00+00:00,82.558,82.804,82.499,82.682,5141.5
2026-02-20 04:35:00+00:00,82.682,82.85,82.682,82.846,5564.8
2026-02-20 04:40:00+00:00,82.846,82.946,82.846,82.857,5240.9
2026-02-20 04:45:00+00:00,82.857,82.874,82.701,82.74,11537.2
2026-02-20 04:50:00+00:00,82.74,82.77,82.667,82.689,4132.0
2026-02-20 04:55:00+00:00,82.689,82.724,82.564,82.638,6606.1
2026-02-20 05:00:00+00:00,82.638,82.756,82.599,82.658,9511.1
2026-02-20 05:05:00+00:00,82.658,82.68,82.476,82.571,17280.1
2026-02-20 05:10:00+00:00,82.571,82.636,82.553,82.555,3393.8
2026-02-20 05:15:00+00:00,82.555,82.582,82.451,82.501,1447.2
2026-02-20 05:20:00+00:00,82.501,82.708,82.459,82.681,6080.4
2026-02-20 05:25:00+00:00,82.681,82.913,82.658,82.818,5811.1
2026-02-20 05:30:00+00:00,82.818,83.726,82.81,83.582,59673.0
2026-02-20 05:35:00+00:00,83.582,83.7,83.298,83.303,16803.5
2026-02-20 05:40:00+00:00,83.303,83.463,83.209,83.443,32927.2
2026-02-20 05:45:00+00:00,83.443,83.566,83.35,83.529,19665.2
2026-02-20 05:50:00+00:00,83.529,83.591,83.301,83.304,5613.5
2026-02-20 05:55:00+00:00,83.304,83.343,83.143,83.217,8668.1
2026-02-20 06:00:00+00:00,83.217,83.301,83.153,83.217,6979.8
2026-02-20 06:05:00+00:00,83.217,83.388,83.2,83.34,3377.4
2026-02-20 06:10:00+00:00,83.34,83.412,83.315,83.368,2339.5
2026-02-20 06:15:00+00:00,83.368,83.424,83.311,83.403,4621.3
2026-02-20 06:20:00+00:00,83.403,83.403,83.084,83.127,9708.9
2026-02-20 06:25:00+00:00,83.127,83.24,83.116,83.184,4655.8
2026-02-20 06:30:00+00:00,83.184,83.517,83.101,83.508,32819.2
2026-02-20 06:35:00+00:00,83.508,83.53,83.447,83.48,6606.0
2026-02-20 06:40:00+00:00,83.48,83.541,83.356,83.393,8339.1
2026-02-20 06:45:00+00:00,83.393,83.619,83.321,83.537,22290.2
2026-02-20 06:50:00+00:00,83.537,83.599,83.515,83.596,5888.2
2026-02-20 06:55:00+00:00,83.596,83.683,83.58,83.65,11573.1
2026-02-20 07:00:00+00:00,83.65,83.688,83.514,83.622,12076.3
2026-02-20 07:05:00+00:00,83.622,83.693,83.581,83.623,5633.3
2026-02-20 07:10:00+00:00,83.623,83.623,83.481,83.562,3805.3
2026-02-20 07:15:00+00:00,83.562,83.887,83.49,83.697,21523.6
2026-02-20 07:20:00+00:00,83.697,83.857,83.697,83.74,15978.4
2026-02-20 07:25:00+00:00,83.74,83.824,83.71,83.71,6184.5
2026-02-20 07:30:00+00:00,83.71,83.761,83.645,83.659,4360.2
2026-02-20 07:35:00+00:00,83.659,83.66,83.524,83.621,3857.5
2026-02-20 07:40:00+00:00,83.621,83.629,83.533,83.566,5828.4
2026-02-20 07:45:00+00:00,83.566,83.592,83.456,83.543,4663.5
2026-02-20 07:50:00+00:00,83.543,83.712,83.513,83.594,6485.1
2026-02-20 07:55:00+00:00,83.594,83.594,83.342,83.385,12579.2
2026-02-20 08:00:00+00:00,83.385,83.57,83.385,83.529,6702.7
2026-02-20 08:05:00+00:00,83.529,83.619,83.416,83.439,3939.7
2026-02-20 08:10:00+00:00,83.439,83.525,83.42,83.42,2537.7
2026-02-20 08:15:00+00:00,83.42,83.64,83.41,83.535,2627.3
2026-02-20 08:20:00+00:00,83.535,83.568,83.403,83.52,2503.2
2026-02-20 08:25:00+00:00,83.52,83.613,83.52,83.583,1985.9
2026-02-20 08:30:00+00:00,83.583,83.679,83.307,83.336,7309.6
2026-02-20 08:35:00+00:00,83.336,83.448,83.304,83.387,10056.3
2026-02-20 08:40:00+00:00,83.387,83.387,83.259,83.278,7207.0
2026-02-20 08:45:00+00:00,83.278,83.455,83.235,83.377,6686.5
2026-02-20 08:50:00+00:00,83.377,83.75,83.377,83.722,6332.5
2026-02-20 08:55:00+00:00,83.722,83.728,83.575,83.595,3462.0
2026-02-20 09:00:00+00:00,83.595,84.221,83.585,84.152,63220.2
2026-02-20 09:05:00+00:00,84.152,84.24,84.078,84.221,25847.7
2026-02-20 09:10:00+00:00,84.221,84.434,84.217,84.224,22919.0
2026-02-20 09:15:00+00:00,84.224,84.467,84.224,84.289,16305.7
2026-02-20 09:20:00+00:00,84.289,84.353,84.191,84.215,8107.4
2026-02-20 09:25:00+00:00,84.215,84.365,84.164,84.231,10242.8
2026-02-20 09:30:00+00:00,84.231,84.309,84.122,84.236,5691.5
2026-02-20 09:35:00+00:00,84.236,84.35,84.177,84.23,30905.3
2026-02-20 09:40:00+00:00,84.23,84.239,84.127,84.184,8185.8
2026-02-20 09:45:00+00:00,84.184,84.273,84.168,84.168,6312.0
2026-02-20 09:50:00+00:00,84.168,84.274,84.128,84.164,3189.8
2026-02-20 09:55:00+00:00,84.164,84.24,84.138,84.156,3349.4
2026-02-20 10:00:00+00:00,84.156,84.188,84.056,84.147,6790.6
2026-02-20 10:05:00+00:00,84.147,84.697,84.138,84.661,55439.3
2026-02-20 10:10:00+00:00,84.661,84.8,84.302,84.409,23205.7
2026-02-20 10:15:00+00:00,84.409,84.61,84.409,84.564,10271.7
2026-02-20 10:20:00+00:00,84.564,84.582,84.323,84.323,5098.7
2026-02-20 10:25:00+00:00,84.323,84.575,84.323,84.559,8157.9
2026-02-20 10:30:00+00:00,84.559,84.694,84.554,84.559,9777.0
2026-02-20 10:35:00+00:00,84.559,84.575,84.425,84.45,5281.5
2026-02-20 10:40:00+00:00,84.45,84.45,84.25,84.286,5242.5
2026-02-20 10:45:00+00:00,84.286,84.391,84.187,84.347,14428.1
2026-02-20 10:50:00+00:00,84.347,84.349,84.093,84.116,11349.3
2026-02-20 10:55:00+00:00,84.116,84.188,83.991,84.049,53528.1
2026-02-20 11:00:00+00:00,84.049,84.095,83.769,83.834,18246.4
2026-02-20 11:05:00+00:00,83.834,84.019,83.809,83.97,17161.9
2026-02-20 11:10:00+00:00,83.97,84.035,83.736,83.849,19368.7
2026-02-20 11:15:00+00:00,83.849,83.876,83.732,83.755,32052.6
2026-02-20 11:20:00+00:00,83.755,83.868,83.666,83.75,7830.9
2026-02-20 11:25:00+00:00,83.75,84.177,83.742,84.059,28652.4
2026-02-20 11:30:00+00:00,84.059,84.224,83.928,83.928,27081.7
2026-02-20 11:35:00+00:00,83.928,83.961,83.615,83.664,31947.4
2026-02-20 11:40:00+00:00,83.664,83.726,83.393,83.424,22343.0
2026-02-20 11:45:00+00:00,83.424,83.583,83.274,83.434,45073.6
2026-02-20 11:50:00+00:00,83.434,83.592,83.399,83.522,15164.0
2026-02-20 11:55:00+00:00,83.522,83.694,83.492,83.53,9447.4
2026-02-20 12:00:00+00:00,83.53,83.644,83.327,83.566,23732.1
2026-02-20 12:05:00+00:00,83.566,83.674,83.553,83.666,6646.8
2026-02-20 12:10:00+00:00,83.666,83.839,83.625,83.81,16297.1
2026-02-20 12:15:00+00:00,83.81,84.0,83.581,83.66,17186.3
2026-02-20 12:20:00+00:00,83.66,83.77,83.626,83.733,4408.1
2026-02-20 12:25:00+00:00,83.733,83.8,83.556,83.6,6452.5
2026-02-20 12:30:00+00:00,83.6,83.725,83.544,83.553,4370.5
2026-02-20 12:35:00+00:00,83.553,83.717,83.535,83.581,5678.5
2026-02-20 12:40:00+00:00,83.581,83.634,83.339,83.54,53258.7
2026-02-20 12:45:00+00:00,83.54,83.69,83.522,83.679,14096.6
2026-02-20 12:50:00+00:00,83.679,83.88,83.618,83.618,52943.7
2026-02-20 12:55:00+00:00,83.618,83.676,83.589,83.66,4112.7
2026-02-20 13:00:00+00:00,83.66,83.667,83.136,83.288,31723.1
2026-02-20 13:05:00+00:00,83.288,83.318,83.002,83.31,82914.7
2026-02-20 13:10:00+00:00,83.31,83.343,83.118,83.171,15310.4
2026-02-20 13:15:00+00:00,83.171,83.243,83.052,83.177,12431.5
2026-02-20 13:20:00+00:00,83.177,83.196,82.817,82.824,41326.4
2026-02-20 13:25:00+00:00,82.824,83.122,82.756,83.075,34943.8
2026-02-20 13:30:00+00:00,83.075,83.103,82.38,82.501,101052.1
2026-02-20 13:35:00+00:00,82.501,82.523,81.902,81.922,124899.4
2026-02-20 13:40:00+00:00,81.922,82.063,81.761,81.924,75645.0
2026-02-20 13:45:00+00:00,81.924,82.0,81.715,81.91,39028.0
2026-02-20 13:50:00+00:00,81.91,82.248,81.887,82.162,36358.3
2026-02-20 13:55:00+00:00,82.162,82.197,81.883,82.145,22561.6
2026-02-20 14:00:00+00:00,82.145,82.466,82.072,82.354,28059.3
2026-02-20 14:05:00+00:00,82.354,82.554,82.34,82.447,16632.5
2026-02-20 14:10:00+00:00,82.447,82.447,82.272,82.371,10829.9
2026-02-20 14:15:00+00:00,82.371,82.52,82.238,82.269,14904.2
2026-02-20 14:20:00+00:00,82.269,82.685,82.206,82.473,36034.8
2026-02-20 14:25:00+00:00,82.473,82.786,82.473,82.624,13702.3
2026-02-20 14:30:00+00:00,82.624,83.175,82.46,82.991,56361.5
2026-02-20 14:35:00+00:00,82.991,83.358,82.864,83.088,68103.0
2026-02-20 14:40:00+00:00,83.088,83.307,82.903,82.99,13190.2
2026-02-20 14:45:00+00:00,82.99,83.0,82.652,82.849,15352.7
2026-02-20 14:50:00+00:00,82.849,82.989,82.694,82.788,9505.9
2026-02-20 14:55:00+00:00,82.788,83.078,82.75,83.016,20825.5
2026-02-20 15:00:00+00:00,83.016,84.748,83.005,84.069,244183.9
2026-02-20 15:05:00+00:00,84.069,84.194,83.569,84.02,56831.4
2026-02-20 15:10:00+00:00,84.02,84.153,83.114,83.131,48854.7
2026-02-20 15:15:00+00:00,83.131,83.68,82.61,83.43,77074.6
2026-02-20 15:20:00+00:00,83.43,84.081,83.381,83.751,29679.4
2026-02-20 15:25:00+00:00,83.751,84.124,83.678,83.998,38124.7
2026-02-20 15:30:00+00:00,83.998,84.037,83.362,83.464,24349.1
2026-02-20 15:35:00+00:00,83.464,83.61,83.168,83.508,22642.8
2026-02-20 15:40:00+00:00,83.508,83.522,83.087,83.455,14763.4
2026-02-20 15:45:00+00:00,83.455,83.8,83.272,83.674,14850.6
2026-02-20 15:50:00+00:00,83.674,83.925,83.367,83.865,13208.2
2026-02-20 15:55:00+00:00,83.865,84.565,83.864,84.303,214760.1
2026-02-20 16:00:00+00:00,84.303,84.7,84.217,84.634,37224.3
2026-02-20 16:05:00+00:00,84.634,84.923,84.417,84.677,47254.0
2026-02-20 16:10:00+00:00,84.677,84.729,84.443,84.509,12437.2
2026-02-20 16:15:00+00:00,84.509,84.638,84.116,84.231,27175.8
2026-02-20 16:20:00+00:00,84.231,84.734,84.077,84.57,54300.2
2026-02-20 16:25:00+00:00,84.57,84.692,83.924,83.959,42739.5
2026-02-20 16:30:00+00:00,83.959,83.972,83.672,83.908,21680.7
2026-02-20 16:35:00+00:00,83.908,84.12,83.85,84.081,7876.0
2026-02-20 16:40:00+00:00,84.081,84.088,83.767,83.944,14275.3
2026-02-20 16:45:00+00:00,83.944,84.288,83.868,84.145,8966.6
2026-02-20 16:50:00+00:00,84.145,84.364,84.054,84.305,10917.5
2026-02-20 16:55:00+00:00,84.305,84.663,84.264,84.425,21992.3
2026-02-20 17:00:00+00:00,84.425,84.484,84.244,84.336,13386.4
2026-02-20 17:05:00+00:00,84.336,84.443,83.787,83.864,50889.3
2026-02-20 17:10:00+00:00,83.864,83.864,83.187,83.187,97897.0
2026-02-20 17:15:00+00:00,83.187,83.311,82.791,82.95,127757.1
2026-02-20 17:20:00+00:00,82.95,83.065,82.75,82.917,24747.5
2026-02-20 17:25:00+00:00,82.917,83.312,82.849,83.219,39559.9
2026-02-20 17:30:00+00:00,83.219,83.444,83.117,83.213,16948.0
2026-02-20 17:35:00+00:00,83.213,83.835,82.979,83.822,38971.8
2026-02-20 17:40:00+00:00,83.822,83.948,83.605,83.853,37587.5
2026-02-20 17:45:00+00:00,83.853,84.297,83.66,84.277,67196.9
2026-02-20 17:50:00+00:00,84.277,84.563,84.112,84.438,30780.0
2026-02-20 17:55:00+00:00,84.438,84.51,84.216,84.454,69719.4
2026-02-20 18:00:00+00:00,84.454,84.65,84.247,84.552,22270.5
2026-02-20 18:05:00+00:00,84.552,84.632,84.273,84.306,28476.6
2026-02-20 18:10:00+00:00,84.306,84.377,84.084,84.127,28620.3
2026-02-20 18:15:00+00:00,84.127,84.211,83.954,84.095,14385.4
2026-02-20 18:20:00+00:00,84.095,84.739,83.922,84.458,48777.2
2026-02-20 18:25:00+00:00,84.458,84.57,84.276,84.541,19043.1
2026-02-20 18:30:00+00:00,84.541,85.17,84.335,84.991,75489.6
2026-02-20 18:35:00+00:00,84.991,84.991,84.256,84.727,89064.1
2026-02-20 18:40:00+00:00,84.727,85.167,84.682,85.005,21336.2
2026-02-20 18:45:00+00:00,85.005,85.45,84.961,85.062,130678.9
2026-02-20 18:50:00+00:00,85.062,85.115,84.82,84.985,37712.4
2026-02-20 18:55:00+00:00,84.985,85.341,84.942,85.202,21132.8
2026-02-20 19:00:00+00:00,85.202,85.344,84.932,84.957,10093.5
2026-02-20 19:05:00+00:00,84.957,84.994,84.793,84.83,9929.8
2026-02-20 19:10:00+00:00,84.83,84.855,84.655,84.715,17522.4
2026-02-20 19:15:00+00:00,84.715,84.912,84.685,84.821,5520.0
2026-02-20 19:20:00+00:00,84.821,84.961,84.731,84.771,4659.9
2026-02-20 19:25:00+00:00,84.771,84.798,84.318,84.455,44047.9
2026-02-20 19:30:00+00:00,84.455,84.774,84.449,84.766,20196.2
2026-02-20 19:35:00+00:00,84.766,84.849,84.642,84.642,6123.6
2026-02-20 19:40:00+00:00,84.642,84.853,84.497,84.529,15456.9
2026-02-20 19:45:00+00:00,84.529,84.652,84.416,84.551,17414.8
2026-02-20 19:50:00+00:00,84.551,84.933,84.514,84.752,14096.7
2026-02-20 19:55:00+00:00,84.752,84.826,84.664,84.731,7256.1
2026-02-20 20:00:00+00:00,84.731,84.933,84.67,84.831,7425.7
2026-02-20 20:05:00+00:00,84.831,85.168,84.831,85.059,19355.2
2026-02-20 20:10:00+00:00,85.059,85.19,84.926,85.158,10315.9
2026-02-20 20:15:00+00:00,85.158,85.159,84.832,84.912,6253.4
2026-02-20 20:20:00+00:00,84.912,84.918,84.628,84.703,11737.3
2026-02-20 20:25:00+00:00,84.703,84.704,84.521,84.589,6098.5
2026-02-20 20:30:00+00:00,84.589,84.661,84.365,84.509,8615.6
2026-02-20 20:35:00+00:00,84.509,84.693,84.493,84.649,7403.0
2026-02-20 20:40:00+00:00,84.649,84.82,84.649,84.779,4157.5
2026-02-20 20:45:00+00:00,84.779,84.844,84.618,84.633,2978.6
2026-02-20 20:50:00+00:00,84.633,84.708,84.475,84.579,3337.1
2026-02-20 20:55:00+00:00,84.579,84.675,84.468,84.588,16312.3
2026-02-20 21:00:00+00:00,84.588,84.739,84.45,84.45,10982.4
2026-02-20 21:05:00+00:00,84.45,84.61,84.371,84.544,8758.7
2026-02-20 21:10:00+00:00,84.544,84.59,84.391,84.489,4497.6
2026-02-20 21:15:00+00:00,84.489,84.489,84.306,84.447,11085.5
2026-02-20 21:20:00+00:00,84.447,84.447,84.374,84.411,2989.9
2026-02-20 21:25:00+00:00,84.411,84.522,84.377,84.41,3307.8
2026-02-20 21:30:00+00:00,84.41,84.454,84.305,84.328,4472.8
2026-02-20 21:35:00+00:00,84.328,84.503,84.263,84.283,13751.1
2026-02-20 21:40:00+00:00,84.283,84.578,84.283,84.474,5090.3
2026-02-20 21:45:00+00:00,84.474,84.514,84.399,84.482,1651.4
2026-02-20 21:50:00+00:00,84.482,84.503,84.303,84.496,4095.1
2026-02-20 21:55:00+00:00,84.496,84.632,84.433,84.535,6795.8
2026-02-20 22:00:00+00:00,84.535,84.535,84.277,84.382,12412.2
2026-02-20 22:05:00+00:00,84.382,84.447,84.283,84.32,10708.6
2026-02-20 22:10:00+00:00,84.32,84.32,84.14,84.222,8703.0
2026-02-20 22:15:00+00:00,84.222,84.345,84.067,84.294,13764.3
2026-02-20 22:20:00+00:00,84.294,84.57,84.225,84.537,8633.8
2026-02-20 22:25:00+00:00,84.537,84.616,84.347,84.518,6471.2
2026-02-20 22:30:00+00:00,84.518,84.752,84.409,84.529,11842.9
2026-02-20 22:35:00+00:00,84.529,84.63,84.35,84.508,7177.2
2026-02-20 22:40:00+00:00,84.508,84.522,84.347,84.388,11010.9
2026-02-20 22:45:00+00:00,84.388,84.498,84.318,84.436,3169.3
2026-02-20 22:50:00+00:00,84.436,84.596,84.422,84.595,7267.2
2026-02-20 22:55:00+00:00,84.595,84.677,84.461,84.571,5394.2
2026-02-20 23:00:00+00:00,84.571,84.659,84.523,84.53,3031.0
2026-02-20 23:05:00+00:00,84.53,84.68,84.381,84.435,18720.9
2026-02-20 23:10:00+00:00,84.435,84.54,84.386,84.4,3138.9
2026-02-20 23:15:00+00:00,84.4,84.428,84.261,84.427,4100.8
2026-02-20 23:20:00+00:00,84.427,84.537,84.338,84.378,2224.6
2026-02-20 23:25:00+00:00,84.378,84.468,84.378,84.459,2055.3
2026-02-20 23:30:00+00:00,84.459,84.508,84.405,84.457,2187.4
2026-02-20 23:35:00+00:00,84.457,84.514,84.327,84.327,5476.1
2026-02-20 23:40:00+00:00,84.327,84.414,84.327,84.36,3406.1
2026-02-20 23:45:00+00:00,84.36,84.457,84.359,84.426,1198.6
2026-02-20 23:50:00+00:00,84.426,84.592,84.416,84.583,2002.0
2026-02-20 23:55:00+00:00,84.583,84.7,84.583,84.62,5446.4
2026-02-21 00:00:00+00:00,84.62,84.668,84.503,84.553,7662.0
2026-02-21 00:05:00+00:00,84.553,84.658,84.549,84.59,4946.0
2026-02-21 00:10:00+00:00,84.59,84.739,84.59,84.664,7614.3
2026-02-21 00:15:00+00:00,84.664,84.694,84.601,84.605,2274.1
2026-02-21 00:20:00+00:00,84.605,84.644,84.544,84.601,2252.0
2026-02-21 00:25:00+00:00,84.601,84.615,84.528,84.555,1348.4
2026-02-21 00:30:00+00:00,84.555,84.567,84.449,84.543,3060.6
2026-02-21 00:35:00+00:00,84.543,84.583,84.483,84.568,1390.8
2026-02-21 00:40:00+00:00,84.568,84.585,84.407,84.418,3237.7
2026-02-21 00:45:00+00:00,84.418,84.423,84.327,84.412,8815.1
2026-02-21 00:50:00+00:00,84.412,84.412,84.328,84.368,2130.1
2026-02-21 00:55:00+00:00,84.368,84.498,84.309,84.423,5528.1
2026-02-21 01:00:00+00:00,84.423,84.535,84.419,84.484,2673.1
2026-02-21 01:05:00+00:00,84.484,84.533,84.463,84.517,1656.7
2026-02-21 01:10:00+00:00,84.517,84.609,84.479,84.602,3053.0
2026-02-21 01:15:00+00:00,84.602,84.627,84.52,84.531,981.0
2026-02-21 01:20:00+00:00,84.531,84.531,84.463,84.479,6516.5
2026-02-21 01:25:00+00:00,84.479,84.505,84.456,84.492,2095.2
2026-02-21 01:30:00+00:00,84.492,84.568,84.483,84.521,793.8
2026-02-21 01:35:00+00:00,84.521,84.774,84.518,84.772,12840.1
2026-02-21 01:40:00+00:00,84.772,84.772,84.664,84.729,4485.5
2026-02-21 01:45:00+00:00,84.729,84.826,84.721,84.734,8874.4
2026-02-21 01:50:00+00:00,84.734,84.744,84.65,84.676,2473.3
2026-02-21 01:55:00+00:00,84.676,84.703,84.621,84.646,1307.9
2026-02-21 02:00:00+00:00,84.646,84.667,84.516,84.551,3690.8
2026-02-21 02:05:00+00:00,84.551,84.623,84.516,84.623,1427.6
2026-02-21 02:10:00+00:00,84.623,84.733,84.6,84.681,1433.1
2026-02-21 02:15:00+00:00,84.681,84.776,84.587,84.763,4392.5
2026-02-21 02:20:00+00:00,84.763,84.916,84.759,84.801,13063.0
2026-02-21 02:25:00+00:00,84.801,84.88,84.801,84.871,1394.7
2026-02-21 02:30:00+00:00,84.871,84.992,84.871,84.964,4126.4
2026-02-21 02:35:00+00:00,84.964,84.978,84.897,84.938,3671.4
2026-02-21 02:40:00+00:00,84.938,84.938,84.808,84.87,3879.2
2026-02-21 02:45:00+00:00,84.87,84.899,84.789,84.84,2314.3
2026-02-21 02:50:00+00:00,84.84,84.84,84.759,84.771,4327.5
2026-02-21 02:55:00+00:00,84.771,84.888,84.77,84.782,2536.2
2026-02-21 03:00:00+00:00,84.782,84.816,84.357,84.395,15733.2
2026-02-21 03:05:00+00:00,84.395,84.395,84.167,84.211,10688.2
2026-02-21 03:10:00+00:00,84.211,84.386,84.211,84.331,15647.0
2026-02-21 03:15:00+00:00,84.331,84.39,84.259,84.302,3368.4
2026-02-21 03:20:00+00:00,84.302,84.456,84.302,84.448,3164.8
2026-02-21 03:25:00+00:00,84.448,84.511,84.408,84.491,6736.0
2026-02-21 03:30:00+00:00,84.491,84.641,84.491,84.579,4689.4
2026-02-21 03:35:00+00:00,84.579,84.584,84.541,84.55,1311.6
2026-02-21 03:40:00+00:00,84.55,84.55,84.24,84.294,8473.9
2026-02-21 03:45:00+00:00,84.294,84.324,84.218,84.283,3477.4
2026-02-21 03:50:00+00:00,84.283,84.287,84.211,84.272,6659.8
2026-02-21 03:55:00+00:00,84.272,84.32,84.209,84.304,2459.5
2026-02-21 04:00:00+00:00,84.304,84.389,84.222,84.247,9901.6
2026-02-21 04:05:00+00:00,84.247,84.328,84.217,84.328,2464.8
2026-02-21 04:10:00+00:00,84.328,84.374,84.308,84.328,1957.4
2026-02-21 04:15:00+00:00,84.328,84.353,84.171,84.247,3197.9
2026-02-21 04:20:00+00:00,84.247,84.283,84.111,84.262,7920.2
2026-02-21 04:25:00+00:00,84.262,84.337,84.262,84.321,2721.1
2026-02-21 04:30:00+00:00,84.321,84.425,84.292,84.39,3405.4
2026-02-21 04:35:00+00:00,84.39,84.444,84.35,84.351,1586.1
2026-02-21 04:40:00+00:00,84.351,84.38,84.232,84.237,5932.7
2026-02-21 04:45:00+00:00,84.237,84.28,84.186,84.251,3614.2
2026-02-21 04:50:00+00:00,84.251,84.376,84.227,84.332,3553.5
2026-02-21 04:55:00+00:00,84.332,84.468,84.328,84.369,2808.7
2026-02-21 05:00:00+00:00,84.369,84.478,84.345,84.478,2755.6
2026-02-21 05:05:00+00:00,84.478,84.495,84.441,84.476,2157.4
2026-02-21 05:10:00+00:00,84.476,84.48,84.412,84.445,3306.8
2026-02-21 05:15:00+00:00,84.445,84.547,84.445,84.465,3115.7
2026-02-21 05:20:00+00:00,84.465,84.465,84.401,84.436,2244.6
2026-02-21 05:25:00+00:00,84.436,84.437,84.376,84.423,2866.4
2026-02-21 05:30:00+00:00,84.423,84.467,84.383,84.465,834.7
2026-02-21 05:35:00+00:00,84.465,84.465,84.355,84.396,4987.1
2026-02-21 05:40:00+00:00,84.396,84.507,84.396,84.495,1542.3
2026-02-21 05:45:00+00:00,84.495,84.5,84.38,84.384,884.6
2026-02-21 05:50:00+00:00,84.384,84.484,84.384,84.445,757.3
2026-02-21 05:55:00+00:00,84.445,84.445,84.395,84.427,1578.8
2026-02-21 06:00:00+00:00,84.427,84.521,84.427,84.514,5069.0
2026-02-21 06:05:00+00:00,84.514,84.6,84.474,84.587,3761.3
2026-02-21 06:10:00+00:00,84.587,84.713,84.565,84.708,3460.8
2026-02-21 06:15:00+00:00,84.708,84.74,84.633,84.646,5129.9
2026-02-21 06:20:00+00:00,84.646,84.663,84.57,84.589,1997.2
2026-02-21 06:25:00+00:00,84.589,84.589,84.275,84.295,12699.8
2026-02-21 06:30:00+00:00,84.295,84.315,83.971,84.076,30038.8
2026-02-21 06:35:00+00:00,84.076,84.149,84.021,84.079,4078.8
2026-02-21 06:40:00+00:00,84.079,84.149,84.079,84.097,1787.0
2026-02-21 06:45:00+00:00,84.097,84.108,84.018,84.041,3146.6
2026-02-21 06:50:00+00:00,84.041,84.095,84.027,84.053,1970.5
2026-02-21 06:55:00+00:00,84.053,84.117,84.052,84.083,2951.9
2026-02-21 07:00:00+00:00,84.083,84.105,83.919,83.982,6974.5
2026-02-21 07:05:00+00:00,83.982,84.14,83.952,84.078,10905.9
2026-02-21 07:10:00+00:00,84.078,84.127,84.017,84.04,16282.6
2026-02-21 07:15:00+00:00,84.04,84.116,84.031,84.106,5231.8
2026-02-21 07:20:00+00:00,84.106,84.163,84.089,84.097,7549.7
2026-02-21 07:25:00+00:00,84.097,84.148,84.097,84.133,792.0
2026-02-21 07:30:00+00:00,84.133,84.226,84.117,84.186,3682.2
2026-02-21 07:35:00+00:00,84.186,84.299,84.055,84.257,10375.8
2026-02-21 07:40:00+00:00,84.257,84.257,84.169,84.193,2544.4
2026-02-21 07:45:00+00:00,84.193,84.193,84.123,84.138,504.0
2026-02-21 07:50:00+00:00,84.138,84.201,84.105,84.106,2638.2
2026-02-21 07:55:00+00:00,84.106,84.197,84.09,84.187,1177.5
2026-02-21 08:00:00+00:00,84.187,84.246,84.155,84.221,2336.7
2026-02-21 08:05:00+00:00,84.221,84.33,84.195,84.291,3173.9
2026-02-21 08:10:00+00:00,84.291,84.352,84.289,84.292,2500.5
2026-02-21 08:15:00+00:00,84.292,84.4,84.279,84.32,7975.2
2026-02-21 08:20:00+00:00,84.32,84.377,84.32,84.371,1232.9
2026-02-21 08:25:00+00:00,84.371,84.4,84.36,84.361,2462.5
2026-02-21 08:30:00+00:00,84.361,84.423,84.331,84.415,2845.5
2026-02-21 08:35:00+00:00,84.415,84.415,84.271,84.274,7810.7
2026-02-21 08:40:00+00:00,84.274,84.532,84.257,84.48,7654.1
2026-02-21 08:45:00+00:00,84.48,84.533,84.409,84.505,2146.5
2026-02-21 08:50:00+00:00,84.505,84.606,84.468,84.604,4886.4
2026-02-21 08:55:00+00:00,84.604,84.699,84.545,84.686,12056.3
2026-02-21 09:00:00+00:00,84.686,84.783,84.656,84.674,19569.3
2026-02-21 09:05:00+00:00,84.674,84.693,84.616,84.653,8912.4
2026-02-21 09:10:00+00:00,84.653,84.695,84.627,84.633,3520.5
2026-02-21 09:15:00+00:00,84.633,84.887,84.627,84.85,12765.4
2026-02-21 09:20:00+00:00,84.85,85.156,84.821,85.079,30269.6
2026-02-21 09:25:00+00:00,85.079,85.098,84.972,85.012,5837.6
2026-02-21 09:30:00+00:00,85.012,85.084,84.94,84.967,7011.9
2026-02-21 09:35:00+00:00,84.967,85.046,84.921,85.025,11007.0
2026-02-21 09:40:00+00:00,85.025,85.117,84.935,84.966,6916.8
2026-02-21 09:45:00+00:00,84.966,85.088,84.949,85.003,2941.3
2026-02-21 09:50:00+00:00,85.003,85.021,84.836,84.85,10330.0
2026-02-21 09:55:00+00:00,84.85,84.915,84.835,84.866,14646.0
2026-02-21 10:00:00+00:00,84.866,84.997,84.856,84.94,3266.0
2026-02-21 10:05:00+00:00,84.94,84.999,84.892,84.897,2215.0
2026-02-21 10:10:00+00:00,84.897,84.905,84.844,84.885,4819.7
2026-02-21 10:15:00+00:00,84.885,84.981,84.885,84.932,1593.7
2026-02-21 10:20:00+00:00,84.932,85.004,84.895,84.987,2803.9
2026-02-21 10:25:00+00:00,84.987,85.084,84.969,85.032,4280.3
2026-02-21 10:30:00+00:00,85.032,85.087,85.015,85.034,1099.7
2026-02-21 10:35:00+00:00,85.034,85.231,85.034,85.129,9362.1
2026-02-21 10:40:00+00:00,85.129,85.129,84.961,85.055,4727.6
2026-02-21 10:45:00+00:00,85.055,85.055,84.976,85.013,1436.7
2026-02-21 10:50:00+00:00,85.013,85.151,85.013,85.058,3436.6
2026-02-21 10:55:00+00:00,85.058,85.112,85.041,85.112,2149.1
2026-02-21 11:00:00+00:00,85.112,85.267,85.09,85.159,14073.6
2026-02-21 11:05:00+00:00,85.159,85.388,85.152,85.384,12706.5
2026-02-21 11:10:00+00:00,85.384,85.636,85.367,85.563,35234.4
2026-02-21 11:15:00+00:00,85.563,85.563,85.391,85.438,11200.9
2026-02-21 11:20:00+00:00,85.438,85.54,85.331,85.342,12778.1
2026-02-21 11:25:00+00:00,85.342,85.389,85.307,85.328,10384.8
2026-02-21 11:30:00+00:00,85.328,85.389,85.212,85.278,14982.5
2026-02-21 11:35:00+00:00,85.278,85.359,85.261,85.271,7748.0
2026-02-21 11:40:00+00:00,85.271,85.352,85.251,85.352,8151.3
2026-02-21 11:45:00+00:00,85.352,85.481,85.339,85.347,6411.8
2026-02-21 11:50:00+00:00,85.347,85.384,85.277,85.319,6221.3
2026-02-21 11:55:00+00:00,85.319,85.357,85.275,85.357,7928.6
2026-02-21 12:00:00+00:00,85.357,85.522,85.357,85.387,6443.0
2026-02-21 12:05:00+00:00,85.387,85.387,85.211,85.225,11300.3
2026-02-21 12:10:00+00:00,85.225,85.242,85.1,85.142,14624.8
2026-02-21 12:15:00+00:00,85.142,85.174,85.097,85.15,7156.0
2026-02-21 12:20:00+00:00,85.15,85.284,85.149,85.251,2927.4
2026-02-21 12:25:00+00:00,85.251,85.313,85.099,85.14,8248.1
2026-02-21 12:30:00+00:00,85.14,85.14,84.955,85.008,22384.6
2026-02-21 12:35:00+00:00,85.008,85.131,85.008,85.071,6478.9
2026-02-21 12:40:00+00:00,85.071,85.134,85.051,85.079,4233.7
2026-02-21 12:45:00+00:00,85.079,85.244,85.072,85.22,7969.3
2026-02-21 12:50:00+00:00,85.22,85.325,85.172,85.306,5445.6
2026-02-21 12:55:00+00:00,85.306,85.349,85.24,85.277,10765.7
2026-02-21 13:00:00+00:00,85.277,85.377,85.22,85.242,4533.1
2026-02-21 13:05:00+00:00,85.242,85.355,85.242,85.354,5075.0
2026-02-21 13:10:00+00:00,85.354,85.354,85.221,85.292,1436.8
2026-02-21 13:15:00+00:00,85.292,85.292,85.118,85.253,22332.9
2026-02-21 13:20:00+00:00,85.253,85.485,85.248,85.451,5956.8
2026-02-21 13:25:00+00:00,85.451,85.491,85.344,85.379,11608.2
2026-02-21 13:30:00+00:00,85.379,85.42,85.309,85.329,2453.6
2026-02-21 13:35:00+00:00,85.329,85.336,85.267,85.334,5926.6
2026-02-21 13:40:00+00:00,85.334,85.379,85.291,85.295,3524.4
2026-02-21 13:45:00+00:00,85.295,85.396,85.291,85.371,6459.4
2026-02-21 13:50:00+00:00,85.371,85.549,85.365,85.471,12289.1
2026-02-21 13:55:00+00:00,85.471,85.929,85.47,85.816,46482.8
2026-02-21 14:00:00+00:00,85.816,85.816,85.653,85.656,9748.4
2026-02-21 14:05:00+00:00,85.656,85.792,85.589,85.684,15364.8
2026-02-21 14:10:00+00:00,85.684,85.777,85.631,85.686,7765.9
2026-02-21 14:15:00+00:00,85.686,85.708,85.6,85.701,6767.3
2026-02-21 14:20:00+00:00,85.701,86.674,85.693,86.389,167354.9
2026-02-21 14:25:00+00:00,86.389,86.561,86.177,86.23,27150.2
2026-02-21 14:30:00+00:00,86.23,86.451,86.192,86.339,15933.2
2026-02-21 14:35:00+00:00,86.339,86.431,86.231,86.392,11386.8
2026-02-21 14:40:00+00:00,86.392,86.423,86.244,86.35,7855.3
2026-02-21 14:45:00+00:00,86.35,86.419,86.235,86.246,4761.7
2026-02-21 14:50:00+00:00,86.246,86.566,86.243,86.355,25050.2
2026-02-21 14:55:00+00:00,86.355,86.367,86.222,86.268,48137.7
2026-02-21 15:00:00+00:00,86.268,86.381,86.196,86.248,23080.2
2026-02-21 15:05:00+00:00,86.248,86.397,86.172,86.367,10735.8
2026-02-21 15:10:00+00:00,86.367,86.722,86.322,86.529,43933.4
2026-02-21 15:15:00+00:00,86.529,86.59,86.465,86.54,13273.7
2026-02-21 15:20:00+00:00,86.54,86.574,86.407,86.532,5382.6
2026-02-21 15:25:00+00:00,86.532,86.55,86.24,86.259,10759.1
2026-02-21 15:30:00+00:00,86.259,86.331,86.125,86.318,19953.4
2026-02-21 15:35:00+00:00,86.318,86.338,86.21,86.32,5004.2
2026-02-21 15:40:00+00:00,86.32,86.635,86.287,86.58,9991.7
2026-02-21 15:45:00+00:00,86.58,86.672,86.552,86.615,11223.0
2026-02-21 15:50:00+00:00,86.615,86.636,86.52,86.546,3663.9
2026-02-21 15:55:00+00:00,86.546,86.584,86.52,86.52,12859.1
2026-02-21 16:00:00+00:00,86.52,86.631,86.071,86.087,30205.3
2026-02-21 16:05:00+00:00,86.087,86.186,85.866,86.174,32007.4
2026-02-21 16:10:00+00:00,86.174,86.272,86.15,86.154,7113.1
2026-02-21 16:15:00+00:00,86.154,86.202,85.993,86.092,27781.9
2026-02-21 16:20:00+00:00,86.092,86.179,85.821,85.951,32228.7
2026-02-21 16:25:00+00:00,85.951,86.097,85.834,86.061,8430.4
2026-02-21 16:30:00+00:00,86.061,86.1,85.834,85.938,13475.5
2026-02-21 16:35:00+00:00,85.938,86.229,85.938,86.191,7096.9
2026-02-21 16:40:00+00:00,86.191,86.234,86.12,86.218,4020.1
2026-02-21 16:45:00+00:00,86.218,86.218,86.108,86.117,3280.5
2026-02-21 16:50:00+00:00,86.117,86.218,86.117,86.202,25927.3
2026-02-21 16:55:00+00:00,86.202,86.221,86.076,86.088,2227.6
2026-02-21 17:00:00+00:00,86.088,86.096,85.971,85.999,5294.2
2026-02-21 17:05:00+00:00,85.999,86.031,85.756,85.892,16105.1
2026-02-21 17:10:00+00:00,85.892,86.022,85.878,86.021,10516.9
2026-02-21 17:15:00+00:00,86.021,86.057,85.835,85.835,8623.6
2026-02-21 17:20:00+00:00,85.835,86.089,85.831,86.034,6441.8
2026-02-21 17:25:00+00:00,86.034,86.207,85.986,86.039,16838.2
2026-02-21 17:30:00+00:00,86.039,86.096,86.032,86.064,1390.0
2026-02-21 17:35:00+00:00,86.064,86.237,86.064,86.203,13370.0
2026-02-21 17:40:00+00:00,86.203,86.43,86.202,86.3,17058.8
2026-02-21 17:45:00+00:00,86.3,86.35,86.204,86.229,6875.0
2026-02-21 17:50:00+00:00,86.229,86.243,86.14,86.186,3107.5
2026-02-21 17:55:00+00:00,86.186,86.228,86.132,86.191,2474.3
2026-02-21 18:00:00+00:00,86.191,86.366,86.157,86.329,6995.9
2026-02-21 18:05:00+00:00,86.329,86.379,86.201,86.201,2203.2
2026-02-21 18:10:00+00:00,86.201,86.236,86.144,86.144,2771.8
2026-02-21 18:15:00+00:00,86.144,86.281,86.135,86.261,2452.5
2026-02-21 18:20:00+00:00,86.261,86.319,86.191,86.288,7944.4
2026-02-21 18:25:00+00:00,86.288,86.302,86.127,86.193,1849.2
2026-02-21 18:30:00+00:00,86.193,86.257,86.148,86.247,4345.1
2026-02-21 18:35:00+00:00,86.247,86.399,86.219,86.377,11457.5
2026-02-21 18:40:00+00:00,86.377,86.446,86.355,86.386,5201.8
2026-02-21 18:45:00+00:00,86.386,86.675,86.34,86.617,32610.0
2026-02-21 18:50:00+00:00,86.617,86.639,86.537,86.599,12888.7
2026-02-21 18:55:00+00:00,86.599,86.64,86.462,86.513,12240.1
2026-02-21 19:00:00+00:00,86.513,86.548,86.37,86.425,8161.9
2026-02-21 19:05:00+00:00,86.425,86.596,86.394,86.557,3390.8
2026-02-21 19:10:00+00:00,86.557,86.648,86.481,86.592,5054.1
2026-02-21 19:15:00+00:00,86.592,86.637,86.498,86.559,4413.2
2026-02-21 19:20:00+00:00,86.559,86.559,86.403,86.492,2462.6
2026-02-21 19:25:00+00:00,86.492,86.562,86.43,86.448,2261.1
2026-02-21 19:30:00+00:00,86.448,86.462,86.315,86.421,5583.0
2026-02-21 19:35:00+00:00,86.421,86.511,86.385,86.419,4119.9
2026-02-21 19:40:00+00:00,86.419,86.454,86.336,86.383,2328.8
2026-02-21 19:45:00+00:00,86.383,86.383,86.328,86.351,1989.5
2026-02-21 19:50:00+00:00,86.351,86.351,86.223,86.246,5399.7
2026-02-21 19:55:00+00:00,86.246,86.271,86.137,86.163,8719.7
2026-02-21 20:00:00+00:00,86.163,86.167,86.046,86.092,6104.8
2026-02-21 20:05:00+00:00,86.092,86.142,85.981,86.05,3161.0
2026-02-21 20:10:00+00:00,86.05,86.123,85.863,85.874,7344.2
2026-02-21 20:15:00+00:00,85.874,86.059,85.874,86.034,5604.7
2026-02-21 20:20:00+00:00,86.034,86.066,85.977,86.066,3932.5
2026-02-21 20:25:00+00:00,86.066,86.086,86.033,86.039,3064.8
2026-02-21 20:30:00+00:00,86.039,86.072,86.001,86.021,1961.6
2026-02-21 20:35:00+00:00,86.021,86.021,85.762,85.851,15303.7
2026-02-21 20:40:00+00:00,85.851,85.853,85.218,85.314,93021.5
2026-02-21 20:45:00+00:00,85.314,85.567,85.314,85.507,21062.0
2026-02-21 20:50:00+00:00,85.507,85.646,85.451,85.534,48038.7
2026-02-21 20:55:00+00:00,85.534,85.623,85.409,85.418,46748.0
2026-02-21 21:00:00+00:00,85.418,85.561,85.37,85.529,32455.8
2026-02-21 21:05:00+00:00,85.529,85.584,85.448,85.584,13048.8
2026-02-21 21:10:00+00:00,85.584,85.584,85.436,85.527,2889.4
2026-02-21 21:15:00+00:00,85.527,85.61,85.478,85.479,8891.0
2026-02-21 21:20:00+00:00,85.479,85.628,85.479,85.628,2229.9
2026-02-21 21:25:00+00:00,85.628,85.674,85.612,85.616,2619.6
2026-02-21 21:30:00+00:00,85.616,85.775,85.597,85.71,7706.8
2026-02-21 21:35:00+00:00,85.71,85.757,85.678,85.698,16429.0
2026-02-21 21:40:00+00:00,85.698,85.735,85.601,85.617,2724.2
2026-02-21 21:45:00+00:00,85.617,85.679,85.608,85.632,2307.7
2026-02-21 21:50:00+00:00,85.632,85.704,85.625,85.699,1962.5
2026-02-21 21:55:00+00:00,85.699,85.813,85.699,85.793,8390.1
2026-02-21 22:00:00+00:00,85.793,85.868,85.728,85.776,3398.2
2026-02-21 22:05:00+00:00,85.776,85.814,85.698,85.727,5121.2
2026-02-21 22:10:00+00:00,85.727,85.735,85.494,85.571,8659.2
2026-02-21 22:15:00+00:00,85.571,85.591,85.459,85.591,5452.5
2026-02-21 22:20:00+00:00,85.591,85.698,85.56,85.622,2060.1
2026-02-21 22:25:00+00:00,85.622,85.622,85.501,85.562,3409.0
2026-02-21 22:30:00+00:00,85.562,85.592,85.498,85.537,1729.3
2026-02-21 22:35:00+00:00,85.537,85.627,85.422,85.468,3695.8
2026-02-21 22:40:00+00:00,85.468,85.555,85.342,85.424,11810.8
2026-02-21 22:45:00+00:00,85.424,85.562,85.339,85.444,9768.2
2026-02-21 22:50:00+00:00,85.444,85.487,85.331,85.441,6912.9
2026-02-21 22:55:00+00:00,85.441,85.493,85.365,85.407,15904.0
2026-02-21 23:00:00+00:00,85.407,85.505,85.332,85.356,3730.6
2026-02-21 23:05:00+00:00,85.356,85.376,85.186,85.207,16790.4
2026-02-21 23:10:00+00:00,85.207,85.242,85.111,85.151,16967.5
2026-02-21 23:15:00+00:00,85.151,85.255,85.1,85.1,18260.1
2026-02-21 23:20:00+00:00,85.1,85.35,85.1,85.321,3486.6
2026-02-21 23:25:00+00:00,85.321,85.366,85.256,85.35,2815.3
2026-02-21 23:30:00+00:00,85.35,85.368,85.288,85.332,1902.5
2026-02-21 23:35:00+00:00,85.332,85.337,85.24,85.28,4195.3
2026-02-21 23:40:00+00:00,85.28,85.28,85.232,85.232,1154.7
2026-02-21 23:45:00+00:00,85.232,85.264,85.15,85.199,3115.1
2026-02-21 23:50:00+00:00,85.199,85.229,85.165,85.165,2990.0
2026-02-21 23:55:00+00:00,85.165,85.216,85.119,85.119,4058.8
2026-02-22 00:00:00+00:00,85.119,85.142,84.932,85.084,32790.1
2026-02-22 00:05:00+00:00,85.084,85.156,85.001,85.156,3849.5
2026-02-22 00:10:00+00:00,85.156,85.178,85.095,85.1,2512.1
2026-02-22 00:15:00+00:00,85.1,85.181,85.001,85.082,4479.4
2026-02-22 00:20:00+00:00,85.082,85.087,84.799,84.871,24082.9
2026-02-22 00:25:00+00:00,84.871,84.889,84.75,84.857,12921.2
2026-02-22 00:30:00+00:00,84.857,84.926,84.7,84.835,29838.2
2026-02-22 00:35:00+00:00,84.835,84.912,84.825,84.868,3855.4
2026-02-22 00:40:00+00:00,84.868,84.962,84.76,84.77,9878.4
2026-02-22 00:45:00+00:00,84.77,84.858,84.708,84.744,3364.0
2026-02-22 00:50:00+00:00,84.744,84.89,84.71,84.89,7094.1
2026-02-22 00:55:00+00:00,84.89,85.016,84.89,85.015,6943.1
2026-02-22 01:00:00+00:00,85.015,85.194,85.015,85.12,12474.6
2026-02-22 01:05:00+00:00,85.12,85.216,85.108,85.116,4173.9
2026-02-22 01:10:00+00:00,85.116,85.127,85.041,85.075,3705.1
2026-02-22 01:15:00+00:00,85.075,85.215,85.007,85.171,7697.1
2026-02-22 01:20:00+00:00,85.171,85.269,85.131,85.264,7666.6
2026-02-22 01:25:00+00:00,85.264,85.3,85.213,85.25,6304.3
2026-02-22 01:30:00+00:00,85.25,85.35,85.194,85.209,9286.2
2026-02-22 01:35:00+00:00,85.209,85.229,85.151,85.162,3658.9
2026-02-22 01:40:00+00:00,85.162,85.222,85.153,85.207,1173.5
2026-02-22 01:45:00+00:00,85.207,85.378,85.16,85.161,7195.5
2026-02-22 01:50:00+00:00,85.161,85.268,85.161,85.206,2664.8
2026-02-22 01:55:00+00:00,85.206,85.276,85.127,85.26,3046.8
2026-02-22 02:00:00+00:00,85.26,85.365,85.169,85.257,6250.0
2026-02-22 02:05:00+00:00,85.257,85.552,85.233,85.48,10788.3
2026-02-22 02:10:00+00:00,85.48,85.511,85.383,85.41,5591.3
2026-02-22 02:15:00+00:00,85.41,85.435,85.149,85.187,17924.1
2026-02-22 02:20:00+00:00,85.187,85.224,85.053,85.054,6645.9
2026-02-22 02:25:00+00:00,85.054,85.114,84.944,84.977,9992.8
2026-02-22 02:30:00+00:00,84.977,85.071,84.965,85.054,4011.6
2026-02-22 02:35:00+00:00,85.054,85.059,84.81,84.853,17713.7
2026-02-22 02:40:00+00:00,84.853,84.966,84.839,84.959,4936.4
2026-02-22 02:45:00+00:00,84.959,85.044,84.871,84.871,3015.6
2026-02-22 02:50:00+00:00,84.871,85.0,84.871,84.986,3527.5
2026-02-22 02:55:00+00:00,84.986,85.027,84.84,84.91,21569.9
2026-02-22 03:00:00+00:00,84.91,85.062,84.879,84.927,2829.4
2026-02-22 03:05:00+00:00,84.927,85.043,84.893,85.034,4895.6
2026-02-22 03:10:00+00:00,85.034,85.084,84.953,85.056,1461.4
2026-02-22 03:15:00+00:00,85.056,85.107,84.642,84.767,16187.4
2026-02-22 03:20:00+00:00,84.767,84.915,84.682,84.715,9761.9
2026-02-22 03:25:00+00:00,84.715,84.848,84.715,84.82,3375.2
2026-02-22 03:30:00+00:00,84.82,84.944,84.745,84.881,4128.0
2026-02-22 03:35:00+00:00,84.881,84.96,84.855,84.96,2613.4
2026-02-22 03:40:00+00:00,84.96,85.008,84.866,84.994,8113.8
2026-02-22 03:45:00+00:00,84.994,85.059,84.895,85.015,8509.4
2026-02-22 03:50:00+00:00,85.015,85.07,84.976,84.99,1425.3
2026-02-22 03:55:00+00:00,84.99,85.037,84.955,85.02,3416.8
2026-02-22 04:00:00+00:00,85.02,85.297,85.013,85.234,6451.0
2026-02-22 04:05:00+00:00,85.234,85.234,85.097,85.112,5104.1
2026-02-22 04:10:00+00:00,85.112,85.151,85.112,85.131,1423.8
2026-02-22 04:15:00+00:00,85.131,85.141,85.062,85.082,2539.9
2026-02-22 04:20:00+00:00,85.082,85.1,84.928,84.957,3946.9
2026-02-22 04:25:00+00:00,84.957,85.028,84.944,84.986,2156.0
2026-02-22 04:30:00+00:00,84.986,85.076,84.952,85.048,1820.6
2026-02-22 04:35:00+00:00,85.048,85.134,85.048,85.063,2769.8
2026-02-22 04:40:00+00:00,85.063,85.08,85.007,85.059,1872.5
2026-02-22 04:45:00+00:00,85.059,85.088,85.03,85.059,1414.4
2026-02-22 04:50:00+00:00,85.059,85.148,85.059,85.133,2879.2
2026-02-22 04:55:00+00:00,85.133,85.153,85.08,85.104,2043.6
2026-02-22 05:00:00+00:00,85.104,85.16,85.033,85.033,3832.5
2026-02-22 05:05:00+00:00,85.033,85.068,84.91,84.932,3405.5
2026-02-22 05:10:00+00:00,84.932,84.951,84.821,84.94,4622.3
2026-02-22 05:15:00+00:00,84.94,84.94,84.867,84.907,2416.6
2026-02-22 05:20:00+00:00,84.907,84.953,84.889,84.943,1375.5
2026-02-22 05:25:00+00:00,84.943,84.989,84.916,84.938,2364.8
2026-02-22 05:30:00+00:00,84.938,84.954,84.909,84.924,2495.0
2026-02-22 05:35:00+00:00,84.924,84.971,84.879,84.879,641.7
2026-02-22 05:40:00+00:00,84.879,84.897,84.813,84.816,3032.2
2026-02-22 05:45:00+00:00,84.816,84.898,84.738,84.876,7973.6
2026-02-22 05:50:00+00:00,84.876,84.945,84.846,84.899,3380.1
2026-02-22 05:55:00+00:00,84.899,84.983,84.884,84.937,4440.6
2026-02-22 06:00:00+00:00,84.937,85.083,84.93,85.083,6424.0
2026-02-22 06:05:00+00:00,85.083,85.103,85.062,85.073,1810.0
2026-02-22 06:10:00+00:00,85.073,85.075,84.945,85.006,1740.3
2026-02-22 06:15:00+00:00,85.006,85.022,84.96,85.022,1119.4
2026-02-22 06:20:00+00:00,85.022,85.022,84.901,84.945,435.2
2026-02-22 06:25:00+00:00,84.945,85.201,84.943,85.129,38922.3
2026-02-22 06:30:00+00:00,85.129,85.273,85.077,85.268,3597.6
2026-02-22 06:35:00+00:00,85.268,85.268,85.16,85.166,4275.3
2026-02-22 06:40:00+00:00,85.166,85.209,85.147,85.185,4750.2
2026-02-22 06:45:00+00:00,85.185,85.246,85.176,85.186,5164.4
2026-02-22 06:50:00+00:00,85.186,85.246,85.177,85.217,1874.8
2026-02-22 06:55:00+00:00,85.217,85.278,85.186,85.256,12180.5
2026-02-22 07:00:00+00:00,85.256,85.257,85.179,85.199,9022.2
2026-02-22 07:05:00+00:00,85.199,85.25,85.063,85.241,16479.0
2026-02-22 07:10:00+00:00,85.241,85.275,85.216,85.257,2301.0
2026-02-22 07:15:00+00:00,85.257,85.262,85.166,85.179,2266.5
2026-02-22 07:20:00+00:00,85.179,85.216,85.173,85.187,1368.3
2026-02-22 07:25:00+00:00,85.187,85.335,85.153,85.261,3331.9
2026-02-22 07:30:00+00:00,85.261,85.379,85.248,85.378,2257.1
2026-02-22 07:35:00+00:00,85.378,85.382,85.315,85.379,2553.9
2026-02-22 07:40:00+00:00,85.379,85.448,85.379,85.431,4228.8
2026-02-22 07:45:00+00:00,85.431,85.535,85.41,85.441,9746.3
2026-02-22 07:50:00+00:00,85.441,85.459,85.31,85.339,9198.6
2026-02-22 07:55:00+00:00,85.339,85.373,85.184,85.193,4625.9
2026-02-22 08:00:00+00:00,85.193,85.203,85.125,85.188,3446.1
2026-02-22 08:05:00+00:00,85.188,85.188,85.041,85.085,3667.8
2026-02-22 08:10:00+00:00,85.085,85.12,85.044,85.091,5880.0
2026-02-22 08:15:00+00:00,85.091,85.105,85.028,85.06,9034.0
2026-02-22 08:20:00+00:00,85.06,85.098,84.907,84.948,4666.8
2026-02-22 08:25:00+00:00,84.948,84.957,84.808,84.907,16791.9
2026-02-22 08:30:00+00:00,84.907,84.948,84.828,84.892,7622.5
2026-02-22 08:35:00+00:00,84.892,85.023,84.884,84.984,9707.4
2026-02-22 08:40:00+00:00,84.984,84.984,84.897,84.97,3001.3
2026-02-22 08:45:00+00:00,84.97,84.994,84.885,84.889,1803.6
2026-02-22 08:50:00+00:00,84.889,84.914,84.863,84.899,2072.3
2026-02-22 08:55:00+00:00,84.899,84.997,84.886,84.907,2988.8
2026-02-22 09:00:00+00:00,84.907,85.015,84.894,84.995,2798.6
2026-02-22 09:05:00+00:00,84.995,85.005,84.946,85.005,938.3
2026-02-22 09:10:00+00:00,85.005,85.02,84.917,85.006,1638.2
2026-02-22 09:15:00+00:00,85.006,85.134,84.997,85.127,4099.6
2026-02-22 09:20:00+00:00,85.127,85.141,85.069,85.085,3778.2
2026-02-22 09:25:00+00:00,85.085,85.094,85.001,85.032,1567.1
2026-02-22 09:30:00+00:00,85.032,85.084,84.987,85.059,3498.3
2026-02-22 09:35:00+00:00,85.059,85.096,84.986,85.004,5075.6
2026-02-22 09:40:00+00:00,85.004,85.074,84.991,85.049,2447.3
2026-02-22 09:45:00+00:00,85.049,85.093,85.049,85.051,1456.1
2026-02-22 09:50:00+00:00,85.051,85.051,84.922,84.969,1611.1
2026-02-22 09:55:00+00:00,84.969,85.02,84.961,84.98,860.4
2026-02-22 10:00:00+00:00,84.98,85.083,84.94,85.083,1926.1
2026-02-22 10:05:00+00:00,85.083,85.196,85.083,85.122,4836.4
2026-02-22 10:10:00+00:00,85.122,85.142,85.104,85.137,4443.2
2026-02-22 10:15:00+00:00,85.137,85.151,85.077,85.151,741.4
2026-02-22 10:20:00+00:00,85.151,85.25,85.136,85.206,2703.1
2026-02-22 10:25:00+00:00,85.206,85.244,85.127,85.169,5914.5
2026-02-22 10:30:00+00:00,85.169,85.251,85.101,85.116,7071.4
2026-02-22 10:35:00+00:00,85.116,85.204,85.116,85.194,1740.3
2026-02-22 10:40:00+00:00,85.194,85.265,85.173,85.188,8357.0
2026-02-22 10:45:00+00:00,85.188,85.215,85.123,85.204,1883.0
2026-02-22 10:50:00+00:00,85.204,85.242,85.141,85.152,3495.2
2026-02-22 10:55:00+00:00,85.152,85.194,85.149,85.16,3093.8
2026-02-22 11:00:00+00:00,85.16,85.424,85.16,85.34,15156.0
2026-02-22 11:05:00+00:00,85.34,85.401,85.313,85.338,7853.8
2026-02-22 11:10:00+00:00,85.338,85.388,85.314,85.321,1591.2
2026-02-22 11:15:00+00:00,85.321,85.4,85.315,85.363,2694.2
2026-02-22 11:20:00+00:00,85.363,85.377,85.234,85.292,2943.9
2026-02-22 11:25:00+00:00,85.292,85.345,85.235,85.275,17030.0
2026-02-22 11:30:00+00:00,85.275,85.349,85.246,85.34,1061.3
2026-02-22 11:35:00+00:00,85.34,85.397,85.178,85.203,4109.5
2026-02-22 11:40:00+00:00,85.203,85.233,85.104,85.158,11384.0
2026-02-22 11:45:00+00:00,85.158,85.201,85.129,85.195,1922.0
2026-02-22 11:50:00+00:00,85.195,85.235,85.185,85.208,2055.2
2026-02-22 11:55:00+00:00,85.208,85.224,85.188,85.213,756.4
2026-02-22 12:00:00+00:00,85.213,85.266,84.992,85.021,9016.7
2026-02-22 12:05:00+00:00,85.021,85.032,84.8,84.898,12201.9
2026-02-22 12:10:00+00:00,84.898,84.918,84.828,84.86,9735.7
2026-02-22 12:15:00+00:00,84.86,84.971,84.85,84.85,13695.4
2026-02-22 12:20:00+00:00,84.85,84.927,84.606,84.844,26649.6
2026-02-22 12:25:00+00:00,84.844,84.907,84.827,84.898,7679.0
2026-02-22 12:30:00+00:00,84.898,84.898,84.76,84.76,3943.1
2026-02-22 12:35:00+00:00,84.76,84.799,84.326,84.367,39947.8
2026-02-22 12:40:00+00:00,84.367,84.474,84.31,84.344,23060.5
2026-02-22 12:45:00+00:00,84.344,84.49,84.282,84.473,17250.1
2026-02-22 12:50:00+00:00,84.473,84.513,84.352,84.367,5408.8
2026-02-22 12:55:00+00:00,84.367,84.468,84.34,84.414,5394.7
2026-02-22 13:00:00+00:00,84.414,84.605,84.409,84.538,12829.8
2026-02-22 13:05:00+00:00,84.538,84.548,84.159,84.287,24328.5
2026-02-22 13:10:00+00:00,84.287,84.404,84.277,84.392,7816.0
2026-02-22 13:15:00+00:00,84.392,84.505,84.34,84.34,7625.7
2026-02-22 13:20:00+00:00,84.34,84.341,84.222,84.285,6311.4
2026-02-22 13:25:00+00:00,84.285,84.346,84.123,84.193,29646.0
2026-02-22 13:30:00+00:00,84.193,84.338,84.102,84.164,27188.5
2026-02-22 13:35:00+00:00,84.164,84.182,83.834,83.846,46278.4
2026-02-22 13:40:00+00:00,83.846,83.888,83.659,83.8,37982.8
2026-02-22 13:45:00+00:00,83.8,83.972,83.709,83.887,73458.8
2026-02-22 13:50:00+00:00,83.887,83.941,83.817,83.882,9141.8
2026-02-22 14:00:00+00:00,83.953,84.012,83.714,83.721,8127.6
2026-02-22 14:05:00+00:00,83.721,83.855,83.569,83.681,44420.2
2026-02-22 14:10:00+00:00,83.681,83.84,83.656,83.793,6242.1
2026-02-22 14:15:00+00:00,83.793,83.844,83.575,83.619,11331.9
2026-02-22 14:20:00+00:00,83.619,83.836,83.614,83.745,4395.8
2026-02-22 14:25:00+00:00,83.745,83.811,83.706,83.8,3785.8
2026-02-22 14:30:00+00:00,83.8,84.013,83.776,83.987,22202.0
2026-02-22 14:35:00+00:00,83.987,84.034,83.874,83.917,8777.6
2026-02-22 14:40:00+00:00,83.917,83.937,83.633,83.659,8520.6
2026-02-22 14:45:00+00:00,83.659,83.718,83.348,83.448,33565.1
2026-02-22 14:50:00+00:00,83.448,83.723,83.447,83.605,25292.7
2026-02-22 14:55:00+00:00,83.605,83.627,83.55,83.615,4287.4
2026-02-22 15:00:00+00:00,83.615,83.643,83.55,83.589,4407.7
2026-02-22 15:05:00+00:00,83.589,83.601,83.157,83.319,45256.4
2026-02-22 15:10:00+00:00,83.319,83.398,83.304,83.357,8639.7
2026-02-22 15:15:00+00:00,83.357,83.37,82.946,83.065,36440.0
2026-02-22 15:20:00+00:00,83.065,83.222,83.062,83.199,11671.1
2026-02-22 15:25:00+00:00,83.199,83.468,83.183,83.46,24161.7
2026-02-22 15:30:00+00:00,83.46,83.551,83.376,83.532,26656.0
2026-02-22 15:35:00+00:00,83.532,83.677,83.449,83.677,18209.7
2026-02-22 15:40:00+00:00,83.677,83.677,83.428,83.589,17037.1
2026-02-22 15:45:00+00:00,83.589,83.645,83.486,83.495,12449.1
2026-02-22 15:50:00+00:00,83.495,83.571,83.495,83.541,5197.6
2026-02-22 15:55:00+00:00,83.541,83.576,83.414,83.452,4866.8
2026-02-22 16:00:00+00:00,83.452,83.519,83.375,83.415,8517.4
2026-02-22 16:05:00+00:00,83.415,83.425,83.2,83.31,12124.6
2026-02-22 16:10:00+00:00,83.31,83.336,83.239,83.239,2303.9
2026-02-22 16:15:00+00:00,83.239,83.331,83.207,83.331,6444.0
2026-02-22 16:20:00+00:00,83.331,83.364,83.227,83.227,4318.0
2026-02-22 16:25:00+00:00,83.227,83.28,83.15,83.185,4692.3
2026-02-22 16:30:00+00:00,83.185,83.295,83.185,83.278,2872.0
2026-02-22 16:35:00+00:00,83.278,83.299,83.185,83.19,3230.9
2026-02-22 16:40:00+00:00,83.19,83.304,83.188,83.291,3306.9
2026-02-22 16:45:00+00:00,83.291,83.496,83.271,83.431,4691.1
2026-02-22 16:50:00+00:00,83.431,83.5,83.373,83.5,4454.7
2026-02-22 16:55:00+00:00,83.5,83.583,83.482,83.531,7728.6
2026-02-22 17:00:00+00:00,83.531,83.556,83.443,83.45,4836.0
2026-02-22 17:05:00+00:00,83.45,83.45,83.269,83.311,6558.7
2026-02-22 17:10:00+00:00,83.311,83.427,83.271,83.282,5604.2
2026-02-22 17:15:00+00:00,83.282,83.352,83.214,83.258,16326.6
2026-02-22 17:20:00+00:00,83.258,83.287,83.206,83.284,3684.4
2026-02-22 17:25:00+00:00,83.284,83.378,83.279,83.286,5425.9
2026-02-22 17:30:00+00:00,83.286,83.328,82.796,82.877,76326.9
2026-02-22 17:35:00+00:00,82.877,82.952,82.732,82.863,20737.2
2026-02-22 17:40:00+00:00,82.863,82.922,82.785,82.821,13498.1
2026-02-22 17:45:00+00:00,82.821,83.0,82.821,82.936,8934.5
2026-02-22 17:50:00+00:00,82.936,82.989,82.834,82.976,6206.0
2026-02-22 17:55:00+00:00,82.976,83.086,82.942,83.02,13884.4
2026-02-22 18:00:00+00:00,83.02,83.052,82.916,83.028,4978.1
2026-02-22 18:05:00+00:00,83.028,83.135,82.966,83.118,3866.8
2026-02-22 18:10:00+00:00,83.118,83.195,83.045,83.116,6825.7
2026-02-22 18:15:00+00:00,83.116,83.241,83.014,83.014,7551.0
2026-02-22 18:20:00+00:00,83.014,83.043,82.949,83.02,4596.1
2026-02-22 18:25:00+00:00,83.02,83.094,82.924,83.089,6287.7
2026-02-22 18:30:00+00:00,83.089,83.089,82.964,83.02,3297.1
2026-02-22 18:35:00+00:00,83.02,83.117,82.965,83.114,7077.2
2026-02-22 18:40:00+00:00,83.114,83.155,83.06,83.145,1657.3
2026-02-22 18:45:00+00:00,83.145,83.24,83.138,83.167,3656.5
2026-02-22 18:50:00+00:00,83.167,83.24,83.157,83.184,2694.2
2026-02-22 18:55:00+00:00,83.184,83.198,83.127,83.183,3064.2
2026-02-22 19:00:00+00:00,83.183,83.281,83.183,83.234,8828.3
2026-02-22 19:05:00+00:00,83.234,83.264,83.173,83.214,6042.4
2026-02-22 19:10:00+00:00,83.214,83.214,82.984,83.079,5021.4
2026-02-22 19:15:00+00:00,83.079,83.168,83.047,83.139,3178.3
2026-02-22 19:20:00+00:00,83.139,83.2,83.139,83.172,1599.8
2026-02-22 19:25:00+00:00,83.172,83.187,83.106,83.132,1459.1
2026-02-22 19:30:00+00:00,83.132,83.238,83.081,83.238,2349.6
2026-02-22 19:35:00+00:00,83.238,83.317,83.224,83.277,9152.3
2026-02-22 19:40:00+00:00,83.277,83.341,83.252,83.33,2069.2
2026-02-22 19:45:00+00:00,83.33,83.352,83.286,83.352,1939.3
2026-02-22 19:50:00+00:00,83.352,83.372,83.214,83.279,5692.9
2026-02-22 19:55:00+00:00,83.279,83.279,83.22,83.249,788.3
2026-02-22 20:00:00+00:00,83.249,83.278,83.21,83.211,1854.7
2026-02-22 20:05:00+00:00,83.211,83.33,83.16,83.217,2593.0
2026-02-22 20:10:00+00:00,83.217,83.227,83.027,83.032,3052.4
2026-02-22 20:15:00+00:00,83.032,83.233,83.032,83.216,6840.7
2026-02-22 20:20:00+00:00,83.216,83.31,83.209,83.269,1397.2
2026-02-22 20:25:00+00:00,83.269,83.269,83.147,83.212,1747.0
2026-02-22 20:30:00+00:00,83.212,83.216,83.101,83.144,4080.2
2026-02-22 20:35:00+00:00,83.144,83.18,83.129,83.146,1746.4
2026-02-22 20:40:00+00:00,83.146,83.158,83.074,83.121,1333.7
2026-02-22 20:45:00+00:00,83.121,83.25,83.121,83.207,6013.1
2026-02-22 20:50:00+00:00,83.207,83.21,82.908,82.995,22402.5
2026-02-22 20:55:00+00:00,82.995,83.075,82.953,82.976,4649.9
2026-02-22 21:00:00+00:00,82.976,83.17,82.976,83.15,8025.7
2026-02-22 21:05:00+00:00,83.15,83.178,83.079,83.084,2668.7
2026-02-22 21:10:00+00:00,83.084,83.16,83.084,83.101,640.1
2026-02-22 21:15:00+00:00,83.101,83.169,83.101,83.145,915.5
2026-02-22 21:20:00+00:00,83.145,83.188,83.108,83.12,1816.3
2026-02-22 21:25:00+00:00,83.12,83.169,83.026,83.048,2604.0
2026-02-22 21:30:00+00:00,83.048,83.15,83.004,83.131,8757.2
2026-02-22 21:35:00+00:00,83.131,83.413,83.123,83.409,8119.9
2026-02-22 21:40:00+00:00,83.409,83.409,83.296,83.384,5879.1
2026-02-22 21:45:00+00:00,83.384,83.496,83.366,83.466,5632.9
2026-02-22 21:50:00+00:00,83.466,83.551,83.444,83.475,5789.6
2026-02-22 21:55:00+00:00,83.475,83.516,83.437,83.459,4602.5
2026-02-22 22:00:00+00:00,83.459,83.549,83.434,83.453,4166.0
2026-02-22 22:05:00+00:00,83.453,83.473,83.332,83.34,2241.6
2026-02-22 22:10:00+00:00,83.34,83.366,83.178,83.283,9171.2
2026-02-22 22:15:00+00:00,83.283,83.361,83.272,83.299,2306.9
2026-02-22 22:20:00+00:00,83.299,83.678,83.299,83.531,20613.0
2026-02-22 22:25:00+00:00,83.531,83.531,83.232,83.237,11087.6
2026-02-22 22:30:00+00:00,83.237,83.357,83.034,83.334,14991.3
2026-02-22 22:35:00+00:00,83.334,83.334,83.156,83.267,6095.2
2026-02-22 22:40:00+00:00,83.267,83.529,83.233,83.434,8926.8
2026-02-22 22:45:00+00:00,83.434,83.595,83.424,83.536,9939.1
2026-02-22 22:50:00+00:00,83.536,83.545,83.448,83.542,3723.1
2026-02-22 22:55:00+00:00,83.542,83.594,83.518,83.53,2033.5
2026-02-22 23:00:00+00:00,83.53,83.599,83.376,83.505,4218.9
2026-02-22 23:05:00+00:00,83.505,83.553,83.178,83.186,36125.9
2026-02-22 23:10:00+00:00,83.186,83.245,82.916,82.922,17728.6
2026-02-22 23:15:00+00:00,82.922,83.03,82.745,82.817,20123.4
2026-02-22 23:20:00+00:00,82.817,82.821,82.529,82.754,39280.3
2026-02-22 23:25:00+00:00,82.754,82.79,82.623,82.691,8620.5
2026-02-22 23:30:00+00:00,82.691,82.754,82.571,82.672,6509.5
2026-02-22 23:35:00+00:00,82.672,82.913,82.633,82.756,6772.1
2026-02-22 23:40:00+00:00,82.756,82.795,82.435,82.527,16026.3
2026-02-22 23:45:00+00:00,82.527,82.593,82.466,82.558,5798.3
2026-02-22 23:50:00+00:00,82.558,82.757,82.523,82.748,8948.4
2026-02-22 23:55:00+00:00,82.748,82.937,82.671,82.726,14010.0
2026-02-23 00:00:00+00:00,82.726,82.749,82.514,82.606,17063.7
2026-02-23 00:05:00+00:00,82.606,82.81,82.527,82.749,5710.0
2026-02-23 00:10:00+00:00,82.749,82.774,82.621,82.745,3009.1
2026-02-23 00:15:00+00:00,82.745,82.76,82.596,82.626,3210.3
2026-02-23 00:20:00+00:00,82.626,82.626,82.512,82.515,10303.2
2026-02-23 00:25:00+00:00,82.515,82.564,82.095,82.212,37975.4
2026-02-23 00:30:00+00:00,82.212,82.224,81.952,81.97,18438.3
2026-02-23 00:35:00+00:00,81.97,82.03,81.778,81.866,24601.6
2026-02-23 00:40:00+00:00,81.866,82.124,81.861,82.015,9111.8
2026-02-23 00:45:00+00:00,82.015,82.08,81.763,82.012,13728.9
2026-02-23 00:50:00+00:00,82.012,82.1,81.912,82.072,11138.3
2026-02-23 00:55:00+00:00,82.072,82.086,81.273,81.328,67199.3
2026-02-23 01:00:00+00:00,81.328,81.336,79.888,80.865,191953.7
2026-02-23 01:05:00+00:00,80.865,80.883,78.917,79.368,198209.6
2026-02-23 01:10:00+00:00,79.368,79.532,78.88,79.31,166681.5
2026-02-23 01:15:00+00:00,79.31,79.335,78.542,78.604,105441.8
2026-02-23 01:20:00+00:00,78.604,78.753,77.964,78.277,102979.9
2026-02-23 01:25:00+00:00,78.277,78.64,77.971,78.463,56924.6
2026-02-23 01:30:00+00:00,78.463,78.834,78.329,78.718,41232.6
2026-02-23 01:35:00+00:00,78.718,78.739,78.425,78.722,23838.9
2026-02-23 01:40:00+00:00,78.722,78.819,78.353,78.469,21236.9
2026-02-23 01:45:00+00:00,78.469,78.585,77.47,77.924,150159.6
2026-02-23 01:50:00+00:00,77.924,78.195,77.421,77.648,59649.9
2026-02-23 01:55:00+00:00,77.648,78.3,77.551,77.93,87005.0
2026-02-23 02:00:00+00:00,77.93,78.184,77.765,78.103,73074.5
2026-02-23 02:05:00+00:00,78.103,78.386,78.072,78.371,21080.2
2026-02-23 02:10:00+00:00,78.371,78.407,77.864,78.151,17158.0
2026-02-23 02:15:00+00:00,78.151,78.191,77.952,77.987,17522.7
2026-02-23 02:20:00+00:00,77.987,78.2,77.551,77.637,19221.6
2026-02-23 02:25:00+00:00,77.637,77.922,77.633,77.905,17546.4
2026-02-23 02:30:00+00:00,77.905,78.132,77.863,78.074,42957.6
2026-02-23 02:35:00+00:00,78.074,78.128,77.761,77.885,15118.4
2026-02-23 02:40:00+00:00,77.885,77.965,77.745,77.882,10098.9
2026-02-23 02:45:00+00:00,77.882,77.955,77.744,77.807,10816.0
2026-02-23 02:50:00+00:00,77.807,77.892,77.581,77.615,18251.6
2026-02-23 02:55:00+00:00,77.615,77.832,77.48,77.801,18888.3
2026-02-23 03:00:00+00:00,77.801,77.932,77.705,77.918,9941.8
2026-02-23 03:05:00+00:00,77.918,78.254,77.881,78.04,38898.8
2026-02-23 03:10:00+00:00,78.04,78.04,77.773,77.972,10631.4
2026-02-23 03:15:00+00:00,77.972,77.972,77.548,77.682,46215.3
2026-02-23 03:20:00+00:00,77.682,77.703,77.514,77.554,73967.7
2026-02-23 03:25:00+00:00,77.554,77.604,77.205,77.434,29739.0
2026-02-23 03:30:00+00:00,77.434,77.631,77.421,77.549,10487.1
2026-02-23 03:35:00+00:00,77.549,77.691,77.504,77.609,36215.2
2026-02-23 03:40:00+00:00,77.609,77.817,77.559,77.788,17806.1
2026-02-23 03:45:00+00:00,77.788,77.817,77.625,77.762,9384.9
2026-02-23 03:50:00+00:00,77.762,77.844,77.675,77.828,6405.5
2026-02-23 03:55:00+00:00,77.828,77.926,77.586,77.594,24111.2
2026-02-23 04:00:00+00:00,77.594,77.66,77.439,77.543,33248.7
2026-02-23 04:05:00+00:00,77.543,77.551,77.265,77.477,16935.1
2026-02-23 04:10:00+00:00,77.477,77.657,77.472,77.618,8806.0
2026-02-23 04:15:00+00:00,77.618,77.686,77.42,77.626,10064.5
2026-02-23 04:20:00+00:00,77.626,77.652,77.355,77.488,7342.8
2026-02-23 04:25:00+00:00,77.488,77.527,77.385,77.479,5871.8
2026-02-23 04:30:00+00:00,77.479,77.568,77.464,77.502,6687.6
2026-02-23 04:35:00+00:00,77.502,77.529,77.083,77.146,29806.9
2026-02-23 04:40:00+00:00,77.146,77.357,77.146,77.243,6664.7
2026-02-23 04:45:00+00:00,77.243,77.329,77.222,77.253,7380.2
2026-02-23 04:50:00+00:00,77.253,77.336,77.202,77.318,19497.4
2026-02-23 04:55:00+00:00,77.318,77.345,77.287,77.324,3357.7
2026-02-23 05:00:00+00:00,77.324,77.403,77.28,77.327,8863.0
2026-02-23 05:05:00+00:00,77.327,77.47,77.327,77.469,18423.9
2026-02-23 05:10:00+00:00,77.469,77.784,77.459,77.648,36484.1
2026-02-23 05:15:00+00:00,77.648,77.896,77.616,77.781,20047.7
2026-02-23 05:20:00+00:00,77.781,77.85,77.666,77.76,8216.3
2026-02-23 05:25:00+00:00,77.76,77.778,77.539,77.773,25793.8
2026-02-23 05:30:00+00:00,77.773,77.999,77.773,77.888,12706.7
2026-02-23 05:35:00+00:00,77.888,77.926,77.734,77.867,7930.9
2026-02-23 05:40:00+00:00,77.867,77.986,77.853,77.916,8883.9
2026-02-23 05:45:00+00:00,77.916,77.999,77.593,77.604,13490.7
2026-02-23 05:50:00+00:00,77.604,77.722,77.382,77.709,30454.9
2026-02-23 05:55:00+00:00,77.709,77.816,77.689,77.777,6858.3
2026-02-23 06:00:00+00:00,77.777,77.871,77.612,77.857,8997.6
2026-02-23 06:05:00+00:00,77.857,78.068,77.829,78.064,19588.6
2026-02-23 06:10:00+00:00,78.064,78.481,78.057,78.39,61166.6
2026-02-23 06:15:00+00:00,78.39,78.498,78.322,78.392,20307.0
2026-02-23 06:20:00+00:00,78.392,78.625,78.384,78.465,34350.5
2026-02-23 06:25:00+00:00,78.465,78.559,78.429,78.429,7778.8
2026-02-23 06:30:00+00:00,78.429,78.666,78.367,78.627,12824.9
2026-02-23 06:35:00+00:00,78.627,78.922,78.573,78.778,33159.4
2026-02-23 06:40:00+00:00,78.778,78.831,78.654,78.733,13163.2
2026-02-23 06:45:00+00:00,78.733,79.086,78.705,79.02,30699.1
2026-02-23 06:50:00+00:00,79.02,79.1,78.897,79.095,12396.0
2026-02-23 06:55:00+00:00,79.095,79.095,78.943,79.018,6692.4
2026-02-23 07:00:00+00:00,79.018,79.315,79.003,79.221,17335.7
2026-02-23 07:05:00+00:00,79.221,79.298,78.98,79.037,23858.7
2026-02-23 07:10:00+00:00,79.037,79.209,78.94,79.118,16344.4
2026-02-23 07:15:00+00:00,79.118,79.222,78.928,79.145,22606.1
2026-02-23 07:20:00+00:00,79.145,79.148,78.915,79.005,8307.0
2026-02-23 07:25:00+00:00,79.005,79.118,78.985,79.034,6286.7
2026-02-23 07:30:00+00:00,79.034,79.12,78.856,79.089,10252.8
2026-02-23 07:35:00+00:00,79.089,79.472,79.063,79.455,25868.8
2026-02-23 07:40:00+00:00,79.455,79.644,79.364,79.409,29288.8
2026-02-23 07:45:00+00:00,79.409,79.479,79.286,79.339,15406.8
2026-02-23 07:50:00+00:00,79.339,79.437,79.313,79.342,4508.7
2026-02-23 07:55:00+00:00,79.342,79.407,79.308,79.329,4023.9
2026-02-23 08:00:00+00:00,79.329,79.329,78.929,79.073,48846.2
2026-02-23 08:05:00+00:00,79.073,79.073,78.838,78.885,15980.4
2026-02-23 08:10:00+00:00,78.885,79.04,78.881,79.04,10666.3
2026-02-23 08:15:00+00:00,79.04,79.078,78.904,78.964,4932.2
2026-02-23 08:20:00+00:00,78.964,78.964,78.625,78.663,19225.7
2026-02-23 08:25:00+00:00,78.663,78.838,78.626,78.743,6966.6
2026-02-23 08:30:00+00:00,78.743,78.832,78.651,78.701,14272.9
2026-02-23 08:35:00+00:00,78.701,78.723,78.548,78.696,10294.1
2026-02-23 08:40:00+00:00,78.696,78.711,78.515,78.579,7842.9
2026-02-23 08:45:00+00:00,78.579,78.639,78.446,78.639,13208.6
2026-02-23 08:50:00+00:00,78.639,78.738,78.569,78.637,14067.5
2026-02-23 08:55:00+00:00,78.637,78.761,78.637,78.708,3707.6
2026-02-23 09:00:00+00:00,78.708,78.92,78.708,78.866,16299.1
2026-02-23 09:05:00+00:00,78.866,78.936,78.769,78.81,4174.5
2026-02-23 09:10:00+00:00,78.81,78.954,78.81,78.909,9043.3
2026-02-23 09:15:00+00:00,78.909,78.999,78.76,78.793,8253.4
2026-02-23 09:20:00+00:00,78.793,78.861,78.73,78.861,6463.6
2026-02-23 09:25:00+00:00,78.861,79.132,78.833,79.051,9639.2
2026-02-23 09:30:00+00:00,79.051,79.889,79.0,79.673,91761.5
2026-02-23 09:35:00+00:00,79.673,80.31,79.654,80.138,81292.3
2026-02-23 09:40:00+00:00,80.138,80.147,79.964,80.034,51203.0
2026-02-23 09:45:00+00:00,80.034,80.455,80.034,80.221,35642.7
2026-02-23 09:50:00+00:00,80.221,80.476,80.084,80.475,18784.1
2026-02-23 09:55:00+00:00,80.475,80.504,80.306,80.404,10994.8
2026-02-23 10:00:00+00:00,80.404,80.619,80.217,80.339,17902.7
2026-02-23 10:05:00+00:00,80.339,80.415,80.123,80.164,21501.5
2026-02-23 10:10:00+00:00,80.164,80.207,80.102,80.138,8055.9
2026-02-23 10:15:00+00:00,80.138,80.354,80.016,80.346,35032.4
2026-02-23 10:20:00+00:00,80.346,80.506,80.315,80.459,18955.8
2026-02-23 10:25:00+00:00,80.459,80.459,80.298,80.336,8367.2
2026-02-23 10:30:00+00:00,80.336,80.366,80.214,80.272,8216.6
2026-02-23 10:35:00+00:00,80.272,80.323,80.2,80.246,7782.7
2026-02-23 10:40:00+00:00,80.246,80.451,80.24,80.305,6651.1
2026-02-23 10:45:00+00:00,80.305,80.325,80.092,80.144,7568.4
2026-02-23 10:50:00+00:00,80.144,80.256,80.055,80.22,6737.6
2026-02-23 10:55:00+00:00,80.22,80.298,80.146,80.213,14822.1
2026-02-23 11:00:00+00:00,80.213,80.242,80.133,80.133,4577.3
2026-02-23 11:05:00+00:00,80.133,80.312,80.12,80.306,9199.8
2026-02-23 11:10:00+00:00,80.306,80.359,80.257,80.341,4247.1
2026-02-23 11:15:00+00:00,80.341,80.458,80.313,80.402,6998.0
2026-02-23 11:20:00+00:00,80.402,80.502,80.273,80.28,6297.3
2026-02-23 11:25:00+00:00,80.28,80.345,80.237,80.325,37795.2
2026-02-23 11:30:00+00:00,80.325,80.332,80.208,80.3,7357.0
2026-02-23 11:35:00+00:00,80.3,80.324,80.083,80.153,13355.5
2026-02-23 11:40:00+00:00,80.153,80.204,80.036,80.065,8517.0
2026-02-23 11:45:00+00:00,80.065,80.117,79.931,79.941,16129.7
2026-02-23 11:50:00+00:00,79.941,80.064,79.936,79.946,5162.4
2026-02-23 11:55:00+00:00,79.946,80.029,79.9,80.0,4445.8
2026-02-23 12:00:00+00:00,80.0,80.032,79.872,79.939,5431.4
2026-02-23 12:05:00+00:00,79.939,80.171,79.932,80.075,8357.9
2026-02-23 12:10:00+00:00,80.075,80.101,80.014,80.078,1955.8
2026-02-23 12:15:00+00:00,80.078,80.143,80.034,80.106,6526.5
2026-02-23 12:20:00+00:00,80.106,80.11,79.938,80.107,14791.8
2026-02-23 12:25:00+00:00,80.107,80.143,80.053,80.087,2057.5
2026-02-23 12:30:00+00:00,80.087,80.093,79.803,80.066,70432.3
2026-02-23 12:35:00+00:00,80.066,80.94,80.058,80.619,67912.5
2026-02-23 12:40:00+00:00,80.619,80.837,80.528,80.72,30072.9
2026-02-23 12:45:00+00:00,80.72,80.839,80.551,80.552,15919.3
2026-02-23 12:50:00+00:00,80.552,80.722,80.444,80.664,15853.4
2026-02-23 12:55:00+00:00,80.664,80.706,80.583,80.665,20371.6
2026-02-23 13:00:00+00:00,80.665,80.705,80.473,80.496,12425.0
2026-02-23 13:05:00+00:00,80.496,80.69,80.422,80.599,22580.4
2026-02-23 13:10:00+00:00,80.599,80.659,80.522,80.543,5507.9
2026-02-23 13:15:00+00:00,80.543,80.583,80.376,80.439,6932.5
2026-02-23 13:20:00+00:00,80.439,80.529,80.4,80.451,14561.1
2026-02-23 13:25:00+00:00,80.451,80.708,80.451,80.625,6925.9
2026-02-23 13:30:00+00:00,80.625,80.719,80.565,80.602,10611.9
2026-02-23 13:35:00+00:00,80.602,80.676,80.542,80.627,27394.5
2026-02-23 13:40:00+00:00,80.627,81.0,80.616,80.981,53106.6
2026-02-23 13:45:00+00:00,80.981,81.058,80.801,80.844,23041.2
2026-02-23 13:50:00+00:00,80.844,80.965,80.68,80.857,25045.1
2026-02-23 13:55:00+00:00,80.857,80.891,80.401,80.485,102487.1
2026-02-23 14:00:00+00:00,80.485,80.65,80.443,80.634,17820.3
2026-02-23 14:05:00+00:00,80.634,80.748,80.609,80.644,9579.1
2026-02-23 14:10:00+00:00,80.644,80.692,80.531,80.669,4377.1
2026-02-23 14:15:00+00:00,80.669,80.673,80.28,80.312,51399.2
2026-02-23 14:20:00+00:00,80.312,80.312,80.118,80.169,23445.4
2026-02-23 14:25:00+00:00,80.169,80.231,80.147,80.198,10053.6
2026-02-23 14:30:00+00:00,80.198,80.7,80.183,80.337,33871.6
2026-02-23 14:35:00+00:00,80.337,80.629,80.035,80.039,43308.1
2026-02-23 14:40:00+00:00,80.039,80.08,79.362,79.987,96576.2
2026-02-23 14:45:00+00:00,79.987,80.478,79.71,79.745,41011.0
2026-02-23 14:50:00+00:00,79.745,80.47,79.713,80.078,30522.4
2026-02-23 14:55:00+00:00,80.078,80.299,79.968,80.081,10408.0
2026-02-23 15:00:00+00:00,80.081,80.285,79.62,79.785,35615.1
2026-02-23 15:05:00+00:00,79.785,80.014,79.709,79.873,15086.5
2026-02-23 15:10:00+00:00,79.873,80.12,79.701,79.864,13060.8
2026-02-23 15:15:00+00:00,79.864,80.228,79.801,79.845,36038.2
2026-02-23 15:20:00+00:00,79.845,80.033,79.715,79.924,11237.9
2026-02-23 15:25:00+00:00,79.924,79.924,79.563,79.631,30837.7
2026-02-23 15:30:00+00:00,79.631,79.885,79.465,79.574,30725.8
2026-02-23 15:35:00+00:00,79.574,79.848,79.468,79.729,37968.9
2026-02-23 15:40:00+00:00,79.729,79.887,79.522,79.645,14048.4
2026-02-23 15:45:00+00:00,79.645,79.799,79.521,79.587,7499.0
2026-02-23 15:50:00+00:00,79.587,79.643,79.166,79.436,46918.2
2026-02-23 15:55:00+00:00,79.436,79.549,79.353,79.353,35860.2
2026-02-23 16:00:00+00:00,79.353,79.387,78.79,78.932,62777.4
2026-02-23 16:05:00+00:00,78.932,78.932,78.611,78.784,48243.0
2026-02-23 16:10:00+00:00,78.784,79.159,78.713,78.783,44889.5
2026-02-23 16:15:00+00:00,78.783,79.478,78.783,79.354,76579.4
2026-02-23 16:20:00+00:00,79.354,79.546,79.316,79.335,20294.9
2026-02-23 16:25:00+00:00,79.335,79.743,79.335,79.657,21711.5
2026-02-23 16:30:00+00:00,79.657,79.773,79.061,79.113,72825.5
2026-02-23 16:35:00+00:00,79.113,79.384,78.968,79.188,32786.8
2026-02-23 16:40:00+00:00,79.188,79.287,79.154,79.193,4634.8
2026-02-23 16:45:00+00:00,79.193,79.253,78.88,78.945,21241.2
2026-02-23 16:50:00+00:00,78.945,79.065,78.842,78.983,11085.1
2026-02-23 16:55:00+00:00,78.983,78.983,78.781,78.939,14971.7
2026-02-23 17:00:00+00:00,78.939,79.108,78.855,79.055,11429.3
2026-02-23 17:05:00+00:00,79.055,79.11,78.865,78.903,7329.9
2026-02-23 17:10:00+00:00,78.903,79.047,78.44,78.532,46460.7
2026-02-23 17:15:00+00:00,78.532,78.785,78.411,78.421,50904.3
2026-02-23 17:20:00+00:00,78.421,78.72,78.41,78.59,19875.3
2026-02-23 17:25:00+00:00,78.59,78.695,78.2,78.204,46710.5
2026-02-23 17:30:00+00:00,78.204,78.28,78.056,78.071,45307.7
2026-02-23 17:35:00+00:00,78.071,78.169,77.59,77.76,87197.8
2026-02-23 17:40:00+00:00,77.76,78.175,77.677,77.771,34192.6
2026-02-23 17:45:00+00:00,77.771,77.927,77.6,77.654,47245.1
2026-02-23 17:50:00+00:00,77.654,77.744,77.214,77.583,66346.3
2026-02-23 17:55:00+00:00,77.583,78.277,77.54,78.277,71923.0
2026-02-23 18:00:00+00:00,78.277,78.436,77.997,78.256,73375.8
2026-02-23 18:05:00+00:00,78.256,78.519,78.006,78.428,23430.7
2026-02-23 18:10:00+00:00,78.428,78.471,78.239,78.317,30064.8
2026-02-23 18:15:00+00:00,78.317,78.409,78.117,78.155,15954.5
2026-02-23 18:20:00+00:00,78.155,78.487,78.066,78.438,21295.3
2026-02-23 18:25:00+00:00,78.438,78.535,78.312,78.497,9745.8
2026-02-23 18:30:00+00:00,78.497,78.872,78.392,78.872,22960.1
2026-02-23 18:35:00+00:00,78.872,79.257,78.757,79.168,62800.8
2026-02-23 18:40:00+00:00,79.168,79.208,78.971,78.999,13281.7
2026-02-23 18:45:00+00:00,78.999,78.999,78.759,78.94,12079.0
2026-02-23 18:50:00+00:00,78.94,78.952,78.745,78.755,7819.1
2026-02-23 18:55:00+00:00,78.755,78.817,78.425,78.582,23494.4
2026-02-23 19:00:00+00:00,78.582,78.638,78.433,78.509,15526.6
2026-02-23 19:05:00+00:00,78.509,78.839,78.509,78.812,9260.3
2026-02-23 19:10:00+00:00,78.812,78.875,78.704,78.712,5149.3
2026-02-23 19:15:00+00:00,78.712,78.794,78.615,78.745,9312.3
2026-02-23 19:20:00+00:00,78.745,78.784,78.324,78.403,41558.2
2026-02-23 19:25:00+00:00,78.403,78.492,78.261,78.273,7445.0
2026-02-23 19:30:00+00:00,78.273,78.474,78.192,78.255,14112.0
2026-02-23 19:35:00+00:00,78.255,78.415,77.97,78.056,37199.8
2026-02-23 19:40:00+00:00,78.056,78.336,78.053,78.264,23556.8
2026-02-23 19:45:00+00:00,78.264,78.382,77.913,78.034,36480.6
2026-02-23 19:50:00+00:00,78.034,78.179,77.984,78.104,14917.5
2026-02-23 19:55:00+00:00,78.104,78.342,78.057,78.236,6866.1
2026-02-23 20:00:00+00:00,78.236,78.42,78.137,78.41,4294.9
2026-02-23 20:05:00+00:00,78.41,78.41,78.167,78.251,4822.1
2026-02-23 20:10:00+00:00,78.251,78.279,77.936,77.968,34669.4
2026-02-23 20:15:00+00:00,77.968,78.103,77.839,78.026,20147.1
2026-02-23 20:20:00+00:00,78.026,78.228,77.96,78.03,17153.9
2026-02-23 20:25:00+00:00,78.03,78.091,77.782,77.938,13607.2
2026-02-23 20:30:00+00:00,77.938,78.393,77.915,78.315,21667.5
2026-02-23 20:35:00+00:00,78.315,78.408,78.153,78.242,8505.3
2026-02-23 20:40:00+00:00,78.242,78.335,78.131,78.331,3114.8
2026-02-23 20:45:00+00:00,78.331,78.41,78.18,78.281,4152.7
2026-02-23 20:50:00+00:00,78.281,78.449,78.218,78.416,8446.0
2026-02-23 20:55:00+00:00,78.416,78.524,78.241,78.271,33143.7
2026-02-23 21:00:00+00:00,78.271,78.489,78.143,78.369,23567.7
2026-02-23 21:05:00+00:00,78.369,78.47,78.218,78.242,48257.0
2026-02-23 21:10:00+00:00,78.242,78.568,78.242,78.52,8581.1
2026-02-23 21:15:00+00:00,78.52,78.588,78.4,78.562,4761.6
2026-02-23 21:20:00+00:00,78.562,78.588,78.37,78.415,5904.1
2026-02-23 21:25:00+00:00,78.415,78.492,78.373,78.425,5670.7
2026-02-23 21:30:00+00:00,78.425,78.539,78.358,78.4,7375.9
2026-02-23 21:35:00+00:00,78.4,78.4,78.168,78.232,10082.0
2026-02-23 21:40:00+00:00,78.232,78.679,78.224,78.356,27538.7
2026-02-23 21:45:00+00:00,78.356,78.471,78.258,78.46,5027.2
2026-02-23 21:50:00+00:00,78.46,78.494,78.27,78.291,8155.2
2026-02-23 21:55:00+00:00,78.291,78.343,78.22,78.336,18222.4
2026-02-23 22:00:00+00:00,78.336,78.66,78.321,78.629,10046.5
2026-02-23 22:05:00+00:00,78.629,78.864,78.588,78.823,24629.9
2026-02-23 22:10:00+00:00,78.823,78.854,78.665,78.779,13789.5
2026-02-23 22:15:00+00:00,78.779,78.87,78.696,78.812,41747.3
2026-02-23 22:20:00+00:00,78.812,78.861,78.706,78.847,7538.4
2026-02-23 22:25:00+00:00,78.847,78.88,78.819,78.824,9811.5
2026-02-23 22:30:00+00:00,78.824,78.824,78.718,78.8,5483.0
2026-02-23 22:35:00+00:00,78.8,78.854,78.682,78.789,3376.0
2026-02-23 22:40:00+00:00,78.789,78.852,78.628,78.722,7570.7
2026-02-23 22:45:00+00:00,78.722,78.811,78.631,78.669,3081.5
2026-02-23 22:50:00+00:00,78.669,78.732,78.35,78.35,20747.4
2026-02-23 22:55:00+00:00,78.35,78.42,78.212,78.217,13743.0
2026-02-23 23:00:00+00:00,78.217,78.497,78.217,78.403,11065.2
2026-02-23 23:05:00+00:00,78.403,78.51,78.303,78.494,6390.3
2026-02-23 23:10:00+00:00,78.494,78.499,78.377,78.423,4623.5
2026-02-23 23:15:00+00:00,78.423,78.46,78.156,78.17,22704.9
2026-02-23 23:20:00+00:00,78.17,78.254,78.083,78.197,11290.4
2026-02-23 23:25:00+00:00,78.197,78.197,78.105,78.171,2192.6
2026-02-23 23:30:00+00:00,78.171,78.213,78.081,78.122,14090.9
2026-02-23 23:35:00+00:00,78.122,78.184,77.871,77.909,11200.2
2026-02-23 23:40:00+00:00,77.909,77.917,77.748,77.791,13595.5
2026-02-23 23:45:00+00:00,77.791,77.91,77.654,77.712,15896.5
2026-02-23 23:50:00+00:00,77.712,77.721,77.587,77.669,11284.6
2026-02-23 23:55:00+00:00,77.669,77.881,77.613,77.862,18708.3
2026-02-24 00:00:00+00:00,77.862,78.123,77.862,78.008,11876.2
2026-02-24 00:05:00+00:00,78.008,78.165,77.942,78.146,4853.4
2026-02-24 00:10:00+00:00,78.146,78.308,78.122,78.284,9777.2
2026-02-24 00:15:00+00:00,78.284,78.357,78.237,78.353,13441.5
2026-02-24 00:20:00+00:00,78.353,78.363,78.167,78.191,8102.1
2026-02-24 00:25:00+00:00,78.191,78.2,78.088,78.2,3686.2
2026-02-24 00:30:00+00:00,78.2,78.224,78.131,78.17,3754.8
2026-02-24 00:35:00+00:00,78.17,78.258,78.104,78.202,7262.2
2026-02-24 00:40:00+00:00,78.202,78.437,78.202,78.391,12145.2
2026-02-24 00:45:00+00:00,78.391,78.483,78.382,78.464,3453.1
2026-02-24 00:50:00+00:00,78.464,78.496,78.38,78.451,3209.5
2026-02-24 00:55:00+00:00,78.451,78.454,78.228,78.416,8017.3
2026-02-24 01:00:00+00:00,78.416,78.417,78.057,78.124,13215.7
2026-02-24 01:05:00+00:00,78.124,78.151,77.891,77.891,16299.0
2026-02-24 01:10:00+00:00,77.891,77.909,77.366,77.427,78183.2
2026-02-24 01:15:00+00:00,77.427,77.542,75.672,76.64,392387.3
2026-02-24 01:20:00+00:00,76.64,77.762,76.567,77.55,65652.4
2026-02-24 01:25:00+00:00,77.55,78.062,77.549,77.829,25898.3
2026-02-24 01:30:00+00:00,77.829,78.26,77.736,78.077,39186.6
2026-02-24 01:35:00+00:00,78.077,78.154,77.536,77.619,20263.4
2026-02-24 01:40:00+00:00,77.619,77.869,77.442,77.686,17437.3
2026-02-24 01:45:00+00:00,77.686,77.789,77.33,77.688,20550.9
2026-02-24 01:50:00+00:00,77.688,77.858,77.613,77.822,7919.5
2026-02-24 01:55:00+00:00,77.822,77.828,77.588,77.635,5516.0
2026-02-24 02:00:00+00:00,77.635,77.876,77.539,77.568,22920.4
2026-02-24 02:05:00+00:00,77.568,77.777,77.471,77.6,10397.8
2026-02-24 02:10:00+00:00,77.6,78.023,77.6,77.902,14878.6
2026-02-24 02:15:00+00:00,77.902,78.12,77.655,77.818,21202.9
2026-02-24 02:20:00+00:00,77.818,77.91,77.724,77.91,4928.7
2026-02-24 02:25:00+00:00,77.91,78.071,77.833,78.028,7038.6
2026-02-24 02:30:00+00:00,78.028,78.41,78.001,78.183,36088.9
2026-02-24 02:35:00+00:00,78.183,78.183,77.826,77.904,10546.6
2026-02-24 02:40:00+00:00,77.904,77.931,77.596,77.636,8875.7
2026-02-24 02:45:00+00:00,77.636,77.726,77.576,77.622,15784.1
2026-02-24 02:50:00+00:00,77.622,77.638,77.474,77.544,10163.6
2026-02-24 02:55:00+00:00,77.544,77.692,77.521,77.595,2547.1
2026-02-24 03:00:00+00:00,77.595,77.595,76.868,77.223,76836.5
2026-02-24 03:05:00+00:00,77.223,77.353,77.001,77.152,16797.4
2026-02-24 03:10:00+00:00,77.152,77.304,76.736,76.996,20017.7
2026-02-24 03:15:00+00:00,76.996,77.191,76.785,77.103,14801.7
2026-02-24 03:20:00+00:00,77.103,77.199,77.017,77.042,5544.6
2026-02-24 03:25:00+00:00,77.042,77.103,76.896,76.897,6107.7
2026-02-24 03:30:00+00:00,76.897,77.003,76.684,76.777,20412.5
2026-02-24 03:35:00+00:00,76.777,76.894,76.675,76.76,12114.0
2026-02-24 03:40:00+00:00,76.76,76.971,76.731,76.772,16925.4
2026-02-24 03:45:00+00:00,76.772,76.832,76.608,76.65,12156.7
2026-02-24 03:50:00+00:00,76.65,76.928,76.446,76.928,40571.2
2026-02-24 03:55:00+00:00,76.928,77.022,76.745,76.823,6660.8
2026-02-24 04:00:00+00:00,76.823,77.041,76.823,76.896,8528.0
2026-02-24 04:05:00+00:00,76.896,77.019,76.552,76.648,22114.1
2026-02-24 04:10:00+00:00,76.648,76.829,76.18,76.187,38310.0
2026-02-24 04:15:00+00:00,76.187,76.262,76.074,76.228,24035.5
2026-02-24 04:20:00+00:00,76.228,76.928,76.228,76.769,43706.1
2026-02-24 04:25:00+00:00,76.769,76.875,76.609,76.759,16567.5
2026-02-24 04:30:00+00:00,76.759,76.759,76.27,76.589,15086.1
2026-02-24 04:35:00+00:00,76.589,76.8,76.588,76.759,9113.5
2026-02-24 04:40:00+00:00,76.759,76.808,76.69,76.72,8321.8
2026-02-24 04:45:00+00:00,76.72,76.825,76.696,76.77,15584.6
2026-02-24 04:50:00+00:00,76.77,76.801,76.622,76.691,5727.1
2026-02-24 04:55:00+00:00,76.691,76.829,76.632,76.818,4618.2
2026-02-24 05:00:00+00:00,76.818,76.917,76.668,76.887,6421.1
2026-02-24 05:05:00+00:00,76.887,77.24,76.884,77.156,17197.0
2026-02-24 05:10:00+00:00,77.156,77.308,77.087,77.167,30433.4
2026-02-24 05:15:00+00:00,77.167,77.171,76.676,76.719,22176.0
2026-02-24 05:20:00+00:00,76.719,76.725,76.175,76.22,57988.5
2026-02-24 05:25:00+00:00,76.22,76.532,76.22,76.492,25681.4
2026-02-24 05:30:00+00:00,76.492,76.657,76.282,76.591,29296.7
2026-02-24 05:35:00+00:00,76.591,76.737,76.469,76.518,14611.6
2026-02-24 05:40:00+00:00,76.518,76.521,76.356,76.44,3807.7
2026-02-24 05:45:00+00:00,76.44,76.599,76.362,76.491,12022.9
2026-02-24 05:50:00+00:00,76.491,76.676,76.448,76.675,5767.7
2026-02-24 05:55:00+00:00,76.675,76.684,76.544,76.607,5609.1
2026-02-24 06:00:00+00:00,76.607,76.623,76.351,76.359,7235.3
2026-02-24 06:05:00+00:00,76.359,76.783,76.359,76.782,7897.9
2026-02-24 06:10:00+00:00,76.782,76.8,76.473,76.54,12950.4
2026-02-24 06:15:00+00:00,76.54,76.789,76.525,76.711,7593.0
2026-02-24 06:20:00+00:00,76.711,76.854,76.658,76.843,6430.8
2026-02-24 06:25:00+00:00,76.843,76.892,76.735,76.759,12438.9
2026-02-24 06:30:00+00:00,76.759,76.894,76.65,76.842,5548.5
2026-02-24 06:35:00+00:00,76.842,76.888,76.64,76.782,10101.5
2026-02-24 06:40:00+00:00,76.782,76.869,76.755,76.791,5759.2
2026-02-24 06:45:00+00:00,76.791,76.841,76.616,76.816,5922.7
2026-02-24 06:50:00+00:00,76.816,76.82,76.582,76.671,9028.7
2026-02-24 06:55:00+00:00,76.671,76.672,76.411,76.552,20086.2
2026-02-24 07:00:00+00:00,76.552,76.719,76.451,76.466,10753.0
2026-02-24 07:05:00+00:00,76.466,76.966,76.466,76.962,15833.3
2026-02-24 07:10:00+00:00,76.962,77.152,76.839,77.089,20732.9
2026-02-24 07:15:00+00:00,77.089,77.194,76.942,76.953,16100.7
2026-02-24 07:20:00+00:00,76.953,77.065,76.812,77.063,10538.5
2026-02-24 07:25:00+00:00,77.063,77.175,76.94,77.127,18016.1
2026-02-24 07:30:00+00:00,77.127,77.155,76.949,76.981,4130.8
2026-02-24 07:35:00+00:00,76.981,77.043,76.897,76.988,5902.8
2026-02-24 07:40:00+00:00,76.988,76.988,76.642,76.693,15112.0
2026-02-24 07:45:00+00:00,76.693,76.713,76.55,76.596,6819.1
2026-02-24 07:50:00+00:00,76.596,76.733,76.596,76.669,2712.7
2026-02-24 07:55:00+00:00,76.669,76.836,76.66,76.819,9985.7
2026-02-24 08:00:00+00:00,76.819,76.819,76.455,76.612,21765.0
2026-02-24 08:05:00+00:00,76.612,76.713,76.483,76.704,19170.6
2026-02-24 08:10:00+00:00,76.704,76.819,76.616,76.64,3881.6
2026-02-24 08:15:00+00:00,76.64,76.727,76.521,76.586,9358.8
2026-02-24 08:20:00+00:00,76.586,76.973,76.571,76.966,7748.0
2026-02-24 08:25:00+00:00,76.966,76.966,76.819,76.89,3991.1
2026-02-24 08:30:00+00:00,76.89,77.127,76.852,76.998,12843.7
2026-02-24 08:35:00+00:00,76.998,77.047,76.85,77.014,4417.8
2026-02-24 08:40:00+00:00,77.014,77.098,76.921,76.974,6156.6
2026-02-24 08:45:00+00:00,76.974,77.069,76.962,76.981,16107.6
2026-02-24 08:50:00+00:00,76.981,77.125,76.962,77.112,5857.4
2026-02-24 08:55:00+00:00,77.112,77.167,76.981,76.985,8621.3
2026-02-24 09:00:00+00:00,76.985,77.099,76.822,76.912,22094.7
2026-02-24 09:05:00+00:00,76.912,76.994,76.825,76.86,4626.6
2026-02-24 09:10:00+00:00,76.86,76.922,76.753,76.915,7824.8
2026-02-24 09:15:00+00:00,76.915,76.954,76.646,76.68,12262.4
2026-02-24 09:20:00+00:00,76.68,76.711,76.481,76.506,9318.8
2026-02-24 09:25:00+00:00,76.506,76.581,76.415,76.53,8514.0
2026-02-24 09:30:00+00:00,76.53,76.591,76.327,76.363,13053.2
2026-02-24 09:35:00+00:00,76.363,76.446,75.943,76.335,75442.2
2026-02-24 09:40:00+00:00,76.335,76.603,76.335,76.545,13162.6
2026-02-24 09:45:00+00:00,76.545,76.57,76.368,76.57,7145.6
2026-02-24 09:50:00+00:00,76.57,76.7,76.495,76.534,9291.5
2026-02-24 09:55:00+00:00,76.534,76.619,76.458,76.619,3666.5
2026-02-24 10:00:00+00:00,76.619,76.641,76.512,76.515,6094.5
2026-02-24 10:05:00+00:00,76.515,76.565,76.409,76.52,4135.9
2026-02-24 10:10:00+00:00,76.52,76.732,76.5,76.607,4961.1
2026-02-24 10:15:00+00:00,76.607,76.696,76.505,76.69,7385.6
2026-02-24 10:20:00+00:00,76.69,76.775,76.681,76.709,4255.7
2026-02-24 10:25:00+00:00,76.709,76.77,76.576,76.592,2687.2
2026-02-24 10:30:00+00:00,76.592,76.739,76.505,76.552,3781.9
2026-02-24 10:35:00+00:00,76.552,76.684,76.453,76.475,9637.9
2026-02-24 10:40:00+00:00,76.475,76.488,76.364,76.481,6300.4
2026-02-24 10:45:00+00:00,76.481,76.567,76.435,76.466,2610.0
2026-02-24 10:50:00+00:00,76.466,76.788,76.466,76.711,7158.1
2026-02-24 10:55:00+00:00,76.711,76.735,76.637,76.712,5390.6
2026-02-24 11:00:00+00:00,76.712,76.855,76.693,76.829,6869.9
2026-02-24 11:05:00+00:00,76.829,76.829,76.636,76.688,3427.3
2026-02-24 11:10:00+00:00,76.688,76.76,76.662,76.673,2870.3
2026-02-24 11:15:00+00:00,76.673,76.781,76.592,76.701,1582.5
2026-02-24 11:20:00+00:00,76.701,76.745,76.63,76.665,2959.3
2026-02-24 11:25:00+00:00,76.665,76.759,76.63,76.636,3660.7
2026-02-24 11:30:00+00:00,76.636,76.654,76.44,76.598,5026.3
2026-02-24 11:35:00+00:00,76.598,76.715,76.444,76.707,9078.5
2026-02-24 11:40:00+00:00,76.707,76.707,76.594,76.594,6582.1
2026-02-24 11:45:00+00:00,76.594,76.757,76.565,76.74,12325.5
2026-02-24 11:50:00+00:00,76.74,76.753,76.641,76.672,2329.1
2026-02-24 11:55:00+00:00,76.672,76.735,76.606,76.735,10260.5
2026-02-24 12:00:00+00:00,76.735,76.764,76.531,76.608,5636.6
2026-02-24 12:05:00+00:00,76.608,76.799,76.591,76.74,13042.4
2026-02-24 12:10:00+00:00,76.74,76.916,76.688,76.837,12262.5
2026-02-24 12:15:00+00:00,76.837,76.87,76.687,76.719,3674.7
2026-02-24 12:20:00+00:00,76.719,76.943,76.715,76.923,6085.0
2026-02-24 12:25:00+00:00,76.923,77.012,76.884,76.976,15001.2
2026-02-24 12:30:00+00:00,76.976,77.012,76.84,76.85,8668.4
2026-02-24 12:35:00+00:00,76.85,76.923,76.582,76.582,12785.1
2026-02-24 12:40:00+00:00,76.582,76.654,76.516,76.61,8351.4
2026-02-24 12:45:00+00:00,76.61,76.629,76.472,76.52,10535.5
2026-02-24 12:50:00+00:00,76.52,76.742,76.516,76.622,9223.3
2026-02-24 12:55:00+00:00,76.622,76.623,76.488,76.554,9895.6
2026-02-24 13:00:00+00:00,76.554,76.69,76.44,76.586,14094.6
2026-02-24 13:05:00+00:00,76.586,76.679,76.453,76.622,5494.1
2026-02-24 13:10:00+00:00,76.622,76.786,76.615,76.735,42662.6
2026-02-24 13:15:00+00:00,76.735,76.76,76.555,76.64,7602.1
2026-02-24 13:20:00+00:00,76.64,76.663,76.45,76.479,16128.1
2026-02-24 13:25:00+00:00,76.479,76.559,76.38,76.414,19709.9
2026-02-24 13:30:00+00:00,76.414,76.665,76.0,76.39,123179.8
2026-02-24 13:35:00+00:00,76.39,76.6,76.275,76.525,58177.2
2026-02-24 13:40:00+00:00,76.525,76.749,76.42,76.449,17818.2
2026-02-24 13:45:00+00:00,76.449,76.633,76.387,76.508,11632.8
2026-02-24 13:50:00+00:00,76.508,76.655,76.452,76.546,4259.3
2026-02-24 13:55:00+00:00,76.546,76.688,76.51,76.515,7002.1
2026-02-24 14:00:00+00:00,76.515,76.515,76.326,76.36,61134.2
2026-02-24 14:05:00+00:00,76.36,76.615,76.292,76.399,7028.8
2026-02-24 14:10:00+00:00,76.399,76.493,76.311,76.4,10657.7
2026-02-24 14:15:00+00:00,76.4,76.467,76.123,76.129,24321.9
2026-02-24 14:20:00+00:00,76.129,76.343,76.102,76.251,10197.0
2026-02-24 14:25:00+00:00,76.251,76.35,76.145,76.28,16764.4
2026-02-24 14:30:00+00:00,76.28,76.334,75.807,75.868,50363.0
2026-02-24 14:35:00+00:00,75.868,76.657,75.576,76.527,143221.0
2026-02-24 14:40:00+00:00,76.527,76.983,76.427,76.759,70285.5
2026-02-24 14:45:00+00:00,76.759,77.251,76.597,77.155,61688.4
2026-02-24 14:50:00+00:00,77.155,77.413,76.803,77.101,63254.4
2026-02-24 14:55:00+00:00,77.101,77.192,76.666,76.844,31939.4
2026-02-24 15:00:00+00:00,76.844,76.919,76.55,76.601,29469.1
2026-02-24 15:05:00+00:00,76.601,76.918,76.597,76.892,16058.4
2026-02-24 15:10:00+00:00,76.892,77.17,76.863,77.138,20127.1
2026-02-24 15:15:00+00:00,77.138,77.365,77.03,77.282,43824.3
2026-02-24 15:20:00+00:00,77.282,77.467,77.001,77.339,24095.2
2026-02-24 15:25:00+00:00,77.339,77.4,77.001,77.359,25009.1
2026-02-24 15:30:00+00:00,77.359,77.398,77.177,77.252,12456.2
2026-02-24 15:35:00+00:00,77.252,77.255,77.046,77.118,14445.0
2026-02-24 15:40:00+00:00,77.118,77.2,76.89,77.074,9503.1
2026-02-24 15:45:00+00:00,77.074,77.293,77.032,77.238,5967.4
2026-02-24 15:50:00+00:00,77.238,77.248,76.979,77.054,8188.1
2026-02-24 15:55:00+00:00,77.054,77.28,77.054,77.251,39423.2
2026-02-24 16:00:00+00:00,77.251,78.228,77.184,77.995,124359.0
2026-02-24 16:05:00+00:00,77.995,78.079,77.85,77.958,41950.5
2026-02-24 16:10:00+00:00,77.958,78.04,77.635,77.882,44234.0
2026-02-24 16:15:00+00:00,77.882,78.039,77.722,78.012,8742.9
2026-02-24 16:20:00+00:00,78.012,78.028,77.75,77.789,21703.9
2026-02-24 16:25:00+00:00,77.789,77.93,77.712,77.777,7796.9
2026-02-24 16:30:00+00:00,77.777,77.871,77.322,77.322,36931.9
2026-02-24 16:35:00+00:00,77.322,77.665,77.322,77.624,13031.5
2026-02-24 16:40:00+00:00,77.624,78.0,77.61,77.759,21052.0
2026-02-24 16:45:00+00:00,77.759,77.772,77.506,77.523,10167.3
2026-02-24 16:50:00+00:00,77.523,77.585,77.392,77.483,7725.9
2026-02-24 16:55:00+00:00,77.483,78.149,77.473,78.073,33678.4
2026-02-24 17:00:00+00:00,78.073,78.346,77.972,78.143,43419.7
2026-02-24 17:05:00+00:00,78.143,78.436,78.083,78.239,51746.5
2026-02-24 17:10:00+00:00,78.239,78.451,78.153,78.384,18170.4
2026-02-24 17:15:00+00:00,78.384,78.419,78.153,78.209,42213.8
2026-02-24 17:20:00+00:00,78.209,78.287,78.055,78.22,18595.1
2026-02-24 17:25:00+00:00,78.22,78.294,78.047,78.075,12789.2
2026-02-24 17:30:00+00:00,78.075,78.15,77.962,78.038,8810.6
2026-02-24 17:35:00+00:00,78.038,78.136,77.913,78.071,11160.7
2026-02-24 17:40:00+00:00,78.071,78.11,77.943,77.952,11613.8
2026-02-24 17:45:00+00:00,77.952,78.022,77.82,77.88,13485.5
2026-02-24 17:50:00+00:00,77.88,77.969,77.739,77.927,26704.1
2026-02-24 17:55:00+00:00,77.927,78.062,77.84,77.934,17723.4
2026-02-24 18:00:00+00:00,77.934,78.275,77.856,77.956,33782.8
2026-02-24 18:05:00+00:00,77.956,78.013,77.776,77.832,12841.3
2026-02-24 18:10:00+00:00,77.832,77.832,77.512,77.587,39939.0
2026-02-24 18:15:00+00:00,77.587,77.959,77.538,77.946,11565.3
2026-02-24 18:20:00+00:00,77.946,78.115,77.899,78.029,16309.6
2026-02-24 18:25:00+00:00,78.029,78.11,77.934,77.954,3701.8
2026-02-24 18:30:00+00:00,77.954,78.111,77.891,78.08,6448.6
2026-02-24 18:35:00+00:00,78.08,78.112,77.931,78.112,6859.2
2026-02-24 18:40:00+00:00,78.112,78.278,78.068,78.157,21294.1
2026-02-24 18:45:00+00:00,78.157,78.245,78.123,78.222,4517.4
2026-02-24 18:50:00+00:00,78.222,78.253,78.109,78.183,2117.6
2026-02-24 18:55:00+00:00,78.183,78.199,78.099,78.133,4803.2
2026-02-24 19:00:00+00:00,78.133,78.357,78.096,78.22,16575.3
2026-02-24 19:05:00+00:00,78.22,78.476,78.142,78.226,17468.6
2026-02-24 19:10:00+00:00,78.226,78.226,77.908,77.95,18559.8
2026-02-24 19:15:00+00:00,77.95,78.207,77.841,78.041,32437.0
2026-02-24 19:20:00+00:00,78.041,78.368,78.027,78.247,12458.4
2026-02-24 19:25:00+00:00,78.247,78.289,78.143,78.177,3019.4
2026-02-24 19:30:00+00:00,78.177,78.311,78.12,78.241,4164.5
2026-02-24 19:35:00+00:00,78.241,78.302,78.085,78.239,7529.2
2026-02-24 19:40:00+00:00,78.239,78.35,78.217,78.303,5167.5
2026-02-24 19:45:00+00:00,78.303,78.354,78.195,78.226,11627.6
2026-02-24 19:50:00+00:00,78.226,78.304,78.078,78.143,6295.7
2026-02-24 19:55:00+00:00,78.143,78.375,78.142,78.324,10009.3
2026-02-24 20:00:00+00:00,78.324,78.646,78.316,78.48,46596.4
2026-02-24 20:05:00+00:00,78.48,78.673,78.273,78.297,13971.9
2026-02-24 20:10:00+00:00,78.297,78.568,78.272,78.52,20915.3
2026-02-24 20:15:00+00:00,78.52,78.756,78.494,78.614,16049.4
2026-02-24 20:20:00+00:00,78.614,78.72,78.612,78.69,3842.9
2026-02-24 20:25:00+00:00,78.69,78.795,78.666,78.704,8262.7
2026-02-24 20:30:00+00:00,78.704,78.888,78.517,78.725,30104.7
2026-02-24 20:35:00+00:00,78.725,78.752,78.581,78.609,11851.8
2026-02-24 20:40:00+00:00,78.609,78.782,78.609,78.769,11241.3
2026-02-24 20:45:00+00:00,78.769,78.771,78.538,78.549,12793.6
2026-02-24 20:50:00+00:00,78.549,78.786,78.549,78.654,9395.9
2026-02-24 20:55:00+00:00,78.654,78.657,78.558,78.616,18418.3
2026-02-24 21:00:00+00:00,78.616,78.625,78.149,78.214,30663.3
2026-02-24 21:05:00+00:00,78.214,78.326,78.133,78.308,21143.2
2026-02-24 21:10:00+00:00,78.308,78.514,78.241,78.405,20968.3
2026-02-24 21:15:00+00:00,78.405,78.439,78.061,78.207,19669.9
2026-02-24 21:20:00+00:00,78.207,78.392,78.176,78.371,12576.6
2026-02-24 21:25:00+00:00,78.371,78.505,78.155,78.221,19502.4
2026-02-24 21:30:00+00:00,78.221,78.303,78.132,78.176,11896.8
2026-02-24 21:35:00+00:00,78.176,78.417,78.157,78.277,7801.0
2026-02-24 21:40:00+00:00,78.277,78.363,78.271,78.277,1796.0
2026-02-24 21:45:00+00:00,78.277,78.367,78.228,78.243,6328.4
2026-02-24 21:50:00+00:00,78.243,78.471,78.152,78.455,15220.9
2026-02-24 21:55:00+00:00,78.455,78.679,78.455,78.498,16793.7
2026-02-24 22:00:00+00:00,78.498,79.047,78.384,78.942,67149.9
2026-02-24 22:05:00+00:00,78.942,79.077,78.829,78.913,20906.3
2026-02-24 22:10:00+00:00,78.913,79.334,78.912,79.2,42529.2
2026-02-24 22:15:00+00:00,79.2,79.23,78.892,78.913,17733.3
2026-02-24 22:20:00+00:00,78.913,79.028,78.901,78.927,6330.2
2026-02-24 22:25:00+00:00,78.927,79.01,78.832,78.979,9339.6
2026-02-24 22:30:00+00:00,78.979,78.98,78.842,78.95,6931.8
2026-02-24 22:35:00+00:00,78.95,79.038,78.74,78.875,5930.8
2026-02-24 22:40:00+00:00,78.875,78.963,78.791,78.844,16774.7
2026-02-24 22:45:00+00:00,78.844,79.052,78.844,78.905,5358.7
2026-02-24 22:50:00+00:00,78.905,78.905,78.719,78.847,27119.8
2026-02-24 22:55:00+00:00,78.847,79.042,78.837,79.01,6029.5
2026-02-24 23:00:00+00:00,79.01,79.082,78.784,78.784,17002.6
2026-02-24 23:05:00+00:00,78.784,78.825,78.593,78.649,25979.0
2026-02-24 23:10:00+00:00,78.649,79.102,78.627,79.044,17576.2
2026-02-24 23:15:00+00:00,79.044,79.15,78.997,79.017,30038.8
2026-02-24 23:20:00+00:00,79.017,79.192,79.017,79.19,11852.0
2026-02-24 23:25:00+00:00,79.19,79.403,79.134,79.394,32474.3
2026-02-24 23:30:00+00:00,79.394,79.555,79.324,79.406,56025.0
2026-02-24 23:35:00+00:00,79.406,79.547,79.393,79.515,18554.4
2026-02-24 23:40:00+00:00,79.515,79.559,79.371,79.412,7697.6
2026-02-24 23:45:00+00:00,79.412,79.444,79.104,79.104,17054.6
2026-02-24 23:50:00+00:00,79.104,79.17,78.852,78.901,8968.6
2026-02-24 23:55:00+00:00,78.901,79.014,78.861,78.926,6561.4
2026-02-25 00:00:00+00:00,78.926,78.986,78.836,78.899,4940.4
2026-02-25 00:05:00+00:00,78.899,78.975,78.79,78.797,8563.1
2026-02-25 00:10:00+00:00,78.797,78.947,78.763,78.79,11368.1
2026-02-25 00:15:00+00:00,78.79,78.975,78.79,78.947,4769.0
2026-02-25 00:20:00+00:00,78.947,78.971,78.762,78.887,5076.0
2026-02-25 00:25:00+00:00,78.887,78.927,78.668,78.71,8854.8
2026-02-25 00:30:00+00:00,78.71,78.902,78.708,78.803,3425.1
2026-02-25 00:35:00+00:00,78.803,79.126,78.803,79.083,11718.3
2026-02-25 00:40:00+00:00,79.083,79.266,78.91,79.201,17875.6
2026-02-25 00:45:00+00:00,79.201,79.218,79.08,79.171,5428.2
2026-02-25 00:50:00+00:00,79.171,79.325,79.171,79.308,13805.1
2026-02-25 00:55:00+00:00,79.308,79.367,79.133,79.133,8391.8
2026-02-25 01:00:00+00:00,79.133,79.367,79.051,79.31,10054.6
2026-02-25 01:05:00+00:00,79.31,79.789,79.25,79.656,91221.9
2026-02-25 01:10:00+00:00,79.656,81.902,79.64,81.298,410282.7
2026-02-25 01:15:00+00:00,81.298,82.043,81.066,81.88,133715.6
2026-02-25 01:20:00+00:00,81.88,82.523,81.742,82.008,114948.1
2026-02-25 01:25:00+00:00,82.008,82.4,81.862,81.921,52443.4
2026-02-25 01:30:00+00:00,81.921,82.178,81.872,81.882,29430.3
2026-02-25 01:35:00+00:00,81.882,82.326,81.829,81.895,39131.4
2026-02-25 01:40:00+00:00,81.895,82.004,81.542,81.609,25379.8
2026-02-25 01:45:00+00:00,81.609,82.141,81.578,82.096,22245.5
2026-02-25 01:50:00+00:00,82.096,82.118,81.788,81.939,23115.2
2026-02-25 01:55:00+00:00,81.939,82.063,81.887,81.961,21467.8
2026-02-25 02:00:00+00:00,81.961,82.454,81.932,82.156,44092.4
2026-02-25 02:05:00+00:00,82.156,82.918,82.056,82.348,144559.1
2026-02-25 02:10:00+00:00,82.348,82.736,82.281,82.657,24384.4
2026-02-25 02:15:00+00:00,82.657,82.692,82.341,82.355,11987.2
2026-02-25 02:20:00+00:00,82.355,82.633,82.299,82.515,23796.0
2026-02-25 02:25:00+00:00,82.515,82.612,82.322,82.358,9203.9
2026-02-25 02:30:00+00:00,82.358,82.458,82.069,82.115,21713.9
2026-02-25 02:35:00+00:00,82.115,82.241,82.007,82.009,19012.1
2026-02-25 02:40:00+00:00,82.009,82.201,81.963,82.184,11310.6
2026-02-25 02:45:00+00:00,82.184,82.612,82.184,82.38,48585.0
2026-02-25 02:50:00+00:00,82.38,82.643,82.345,82.435,24849.4
2026-02-25 02:55:00+00:00,82.435,82.495,82.321,82.414,12892.2
2026-02-25 03:00:00+00:00,82.414,82.52,82.16,82.192,16490.5
2026-02-25 03:05:00+00:00,82.192,82.409,82.138,82.235,9602.2
2026-02-25 03:10:00+00:00,82.235,82.312,82.137,82.193,10558.3
2026-02-25 03:15:00+00:00,82.193,82.222,81.79,81.867,33926.4
2026-02-25 03:20:00+00:00,81.867,82.084,81.743,81.841,34897.7
2026-02-25 03:25:00+00:00,81.841,81.917,81.665,81.778,16854.5
2026-02-25 03:30:00+00:00,81.778,81.917,81.63,81.815,32520.3
2026-02-25 03:35:00+00:00,81.815,81.946,81.588,81.757,50914.7
2026-02-25 03:40:00+00:00,81.757,81.869,81.668,81.762,9159.2
2026-02-25 03:45:00+00:00,81.762,82.012,81.707,81.773,21854.2
2026-02-25 03:50:00+00:00,81.773,81.85,81.668,81.668,36194.1
2026-02-25 03:55:00+00:00,81.668,81.727,81.599,81.71,7245.1
2026-02-25 04:00:00+00:00,81.71,81.741,81.24,81.442,50532.3
2026-02-25 04:05:00+00:00,81.442,81.535,81.423,81.512,16591.6
2026-02-25 04:10:00+00:00,81.512,81.942,81.492,81.855,28722.2
2026-02-25 04:15:00+00:00,81.855,81.993,81.7,81.865,51428.8
2026-02-25 04:20:00+00:00,81.865,82.041,81.792,81.992,22100.1
2026-02-25 04:25:00+00:00,81.992,82.192,81.876,82.192,11798.5
2026-02-25 04:30:00+00:00,82.192,82.293,82.141,82.204,19168.3
2026-02-25 04:35:00+00:00,82.204,82.303,82.113,82.3,8435.4
2026-02-25 04:40:00+00:00,82.3,82.388,82.264,82.333,6122.8
2026-02-25 04:45:00+00:00,82.333,82.345,82.111,82.15,5800.9
2026-02-25 04:50:00+00:00,82.15,82.184,81.96,82.019,49228.8
2026-02-25 04:55:00+00:00,82.019,82.032,81.889,81.923,10458.7
2026-02-25 05:00:00+00:00,81.923,82.047,81.879,82.046,12692.8
2026-02-25 05:05:00+00:00,82.046,82.143,81.979,82.077,13223.1
2026-02-25 05:10:00+00:00,82.077,82.077,81.819,81.843,7511.3
2026-02-25 05:15:00+00:00,81.843,81.93,81.792,81.794,9185.7
2026-02-25 05:20:00+00:00,81.794,81.851,81.44,81.492,23681.9
2026-02-25 05:25:00+00:00,81.492,81.6,81.42,81.47,28843.8
2026-02-25 05:30:00+00:00,81.47,81.558,81.201,81.239,49284.4
2026-02-25 05:35:00+00:00,81.239,81.299,80.939,81.181,90849.6
2026-02-25 05:40:00+00:00,81.181,81.212,80.996,81.138,13745.4
2026-02-25 05:45:00+00:00,81.138,81.368,81.063,81.342,18215.3
2026-02-25 05:50:00+00:00,81.342,81.37,81.225,81.26,6631.4
2026-02-25 05:55:00+00:00,81.26,81.383,81.241,81.261,10572.0
2026-02-25 06:00:00+00:00,81.261,81.353,81.249,81.275,10660.1
2026-02-25 06:05:00+00:00,81.275,81.312,81.165,81.254,8703.5
2026-02-25 06:10:00+00:00,81.254,81.303,81.18,81.22,10312.4
2026-02-25 06:15:00+00:00,81.22,81.329,81.116,81.315,5433.9
2026-02-25 06:20:00+00:00,81.315,81.721,81.297,81.64,35671.8
2026-02-25 06:25:00+00:00,81.64,81.861,81.584,81.655,20097.2
2026-02-25 06:30:00+00:00,81.655,81.792,81.572,81.716,14960.2
2026-02-25 06:35:00+00:00,81.716,81.798,81.644,81.721,4586.4
2026-02-25 06:40:00+00:00,81.721,81.788,81.673,81.75,10606.2
2026-02-25 06:45:00+00:00,81.75,81.75,81.641,81.649,3018.8
2026-02-25 06:50:00+00:00,81.649,81.649,81.431,81.47,11726.7
2026-02-25 06:55:00+00:00,81.47,81.607,81.383,81.525,12319.4
2026-02-25 07:00:00+00:00,81.525,81.648,81.44,81.553,11005.4
2026-02-25 07:05:00+00:00,81.553,81.75,81.447,81.75,6712.0
2026-02-25 07:10:00+00:00,81.75,81.936,81.689,81.835,19429.5
2026-02-25 07:15:00+00:00,81.835,82.372,81.773,82.303,70548.7
2026-02-25 07:20:00+00:00,82.303,82.303,82.072,82.072,14172.9
2026-02-25 07:25:00+00:00,82.072,82.159,82.012,82.127,6379.8
2026-02-25 07:30:00+00:00,82.127,82.376,82.121,82.253,15601.1
2026-02-25 07:35:00+00:00,82.253,82.26,82.076,82.077,8053.3
2026-02-25 07:40:00+00:00,82.077,82.189,81.927,82.015,14031.6
2026-02-25 07:45:00+00:00,82.015,82.024,81.935,81.973,3773.3
2026-02-25 07:50:00+00:00,81.973,82.124,81.973,82.09,7247.4
2026-02-25 07:55:00+00:00,82.09,82.181,82.036,82.138,4292.1
2026-02-25 08:00:00+00:00,82.138,82.202,82.03,82.052,8954.0
2026-02-25 08:05:00+00:00,82.052,82.19,81.954,81.981,5019.5
2026-02-25 08:10:00+00:00,81.981,82.007,81.876,81.976,4021.4
2026-02-25 08:15:00+00:00,81.976,82.24,81.923,82.157,10239.3
2026-02-25 08:20:00+00:00,82.157,82.471,82.157,82.431,29794.7
2026-02-25 08:25:00+00:00,82.431,82.454,82.319,82.341,13930.1
2026-02-25 08:30:00+00:00,82.341,82.456,82.323,82.412,8870.4
2026-02-25 08:35:00+00:00,82.412,82.526,82.265,82.278,19665.4
2026-02-25 08:40:00+00:00,82.278,82.421,82.252,82.268,4316.6
2026-02-25 08:45:00+00:00,82.268,82.317,82.179,82.232,12207.7
2026-02-25 08:50:00+00:00,82.232,82.423,82.187,82.385,14439.0
2026-02-25 08:55:00+00:00,82.385,82.449,82.229,82.446,11422.8
2026-02-25 09:00:00+00:00,82.446,82.561,82.387,82.504,10920.6
2026-02-25 09:05:00+00:00,82.504,82.514,82.318,82.461,9672.0
2026-02-25 09:10:00+00:00,82.461,82.68,82.412,82.456,17353.8
2026-02-25 09:15:00+00:00,82.456,82.592,82.36,82.574,6557.8
2026-02-25 09:20:00+00:00,82.574,82.588,82.383,82.392,9720.1
2026-02-25 09:25:00+00:00,82.392,82.445,82.346,82.374,7633.6
2026-02-25 09:30:00+00:00,82.374,82.403,82.28,82.398,11340.7
2026-02-25 09:35:00+00:00,82.398,82.417,82.172,82.257,13473.0
2026-02-25 09:40:00+00:00,82.257,82.288,82.232,82.277,4005.8
2026-02-25 09:45:00+00:00,82.277,82.433,82.268,82.4,4767.2
2026-02-25 09:50:00+00:00,82.4,82.542,82.372,82.518,17080.9
2026-02-25 09:55:00+00:00,82.518,82.595,82.45,82.499,5297.0
2026-02-25 10:00:00+00:00,82.499,82.763,82.499,82.567,19650.4
2026-02-25 10:05:00+00:00,82.567,82.734,82.459,82.699,17885.9
2026-02-25 10:10:00+00:00,82.699,82.777,82.554,82.777,12958.1
2026-02-25 10:15:00+00:00,82.777,82.908,82.611,82.675,35868.1
2026-02-25 10:20:00+00:00,82.675,82.71,82.532,82.541,10720.2
2026-02-25 10:25:00+00:00,82.541,82.615,82.512,82.564,6337.2
2026-02-25 10:30:00+00:00,82.564,82.588,82.504,82.577,5481.6
2026-02-25 10:35:00+00:00,82.577,82.699,82.577,82.645,4526.4
2026-02-25 10:40:00+00:00,82.645,82.7,82.613,82.656,3577.8
2026-02-25 10:45:00+00:00,82.656,82.833,82.629,82.739,10078.2
2026-02-25 10:50:00+00:00,82.739,82.752,82.551,82.551,12811.2
2026-02-25 10:55:00+00:00,82.551,82.569,82.404,82.503,13783.2
2026-02-25 11:00:00+00:00,82.503,82.527,82.402,82.423,6157.4
2026-02-25 11:05:00+00:00,82.423,82.548,82.293,82.504,30893.7
2026-02-25 11:10:00+00:00,82.504,82.604,82.462,82.483,10710.5
2026-02-25 11:15:00+00:00,82.483,82.607,82.433,82.563,6879.0
2026-02-25 11:20:00+00:00,82.563,82.866,82.56,82.76,15680.9
2026-02-25 11:25:00+00:00,82.76,82.9,82.751,82.818,12574.8
2026-02-25 11:30:00+00:00,82.818,83.177,82.786,82.999,45847.4
2026-02-25 11:35:00+00:00,82.999,83.041,82.86,82.993,13778.6
2026-02-25 11:40:00+00:00,82.993,83.017,82.906,82.975,7235.7
2026-02-25 11:45:00+00:00,82.975,83.1,82.936,83.017,17828.6
2026-02-25 11:50:00+00:00,83.017,83.056,82.974,83.051,3945.5
2026-02-25 11:55:00+00:00,83.051,83.369,83.012,83.348,53678.6
2026-02-25 12:00:00+00:00,83.348,83.348,83.076,83.08,27085.5
2026-02-25 12:05:00+00:00,83.08,83.142,82.988,83.092,9014.8
2026-02-25 12:10:00+00:00,83.092,83.105,82.935,82.94,12860.7
2026-02-25 12:15:00+00:00,82.94,83.271,82.851,83.189,24204.9
2026-02-25 12:20:00+00:00,83.189,83.48,83.186,83.274,33172.6
2026-02-25 12:25:00+00:00,83.274,83.384,83.221,83.288,27814.4
2026-02-25 12:30:00+00:00,83.288,83.456,83.253,83.307,11583.1
2026-02-25 12:35:00+00:00,83.307,83.459,83.204,83.257,9468.6
2026-02-25 12:40:00+00:00,83.257,83.486,83.257,83.454,10765.7
2026-02-25 12:45:00+00:00,83.454,83.72,83.41,83.717,27149.3
2026-02-25 12:50:00+00:00,83.717,84.085,83.691,83.8,103837.9
2026-02-25 12:55:00+00:00,83.8,83.864,83.565,83.644,21643.7
2026-02-25 13:00:00+00:00,83.644,83.896,83.56,83.576,63023.9
2026-02-25 13:05:00+00:00,83.576,83.666,83.359,83.469,80022.9
2026-02-25 13:10:00+00:00,83.469,83.579,83.417,83.542,11985.1
2026-02-25 13:15:00+00:00,83.542,83.695,83.489,83.592,11157.9
2026-02-25 13:20:00+00:00,83.592,83.795,83.43,83.666,14131.0
2026-02-25 13:25:00+00:00,83.666,83.89,83.665,83.778,17447.8
2026-02-25 13:30:00+00:00,83.778,83.925,83.697,83.781,18749.5
2026-02-25 13:35:00+00:00,83.781,83.964,83.721,83.913,14828.9
2026-02-25 13:40:00+00:00,83.913,84.177,83.905,83.98,64950.7
2026-02-25 13:45:00+00:00,83.98,84.4,83.946,84.398,46139.3
2026-02-25 13:50:00+00:00,84.398,84.402,83.732,83.733,30955.3
2026-02-25 13:55:00+00:00,83.733,83.861,83.712,83.792,14404.1
2026-02-25 14:00:00+00:00,83.792,83.987,83.764,83.971,26268.2
2026-02-25 14:05:00+00:00,83.971,84.28,83.946,84.253,17917.6
2026-02-25 14:10:00+00:00,84.253,84.372,84.129,84.131,12137.4
2026-02-25 14:15:00+00:00,84.131,84.652,84.069,84.32,73492.8
2026-02-25 14:20:00+00:00,84.32,84.519,84.32,84.49,16288.2
2026-02-25 14:25:00+00:00,84.49,84.556,84.327,84.338,16291.0
2026-02-25 14:30:00+00:00,84.338,84.613,84.139,84.239,52024.9
2026-02-25 14:35:00+00:00,84.239,84.328,83.937,83.995,30535.9
2026-02-25 14:40:00+00:00,83.995,84.497,83.959,84.451,37173.5
2026-02-25 14:45:00+00:00,84.451,85.768,84.44,85.523,121327.4
2026-02-25 14:50:00+00:00,85.523,85.615,85.209,85.317,67364.2
2026-02-25 14:55:00+00:00,85.317,85.69,85.299,85.59,39664.1
2026-02-25 15:00:00+00:00,85.59,86.02,85.576,85.773,71275.5
2026-02-25 15:05:00+00:00,85.773,85.808,84.975,85.131,87542.7
2026-02-25 15:10:00+00:00,85.131,85.293,85.068,85.171,26967.8
2026-02-25 15:15:00+00:00,85.171,85.582,85.146,85.212,25237.3
2026-02-25 15:20:00+00:00,85.212,85.316,85.056,85.264,23969.9
2026-02-25 15:25:00+00:00,85.264,85.65,85.217,85.374,54228.6
2026-02-25 15:30:00+00:00,85.374,85.976,85.195,85.631,43605.6
2026-02-25 15:35:00+00:00,85.631,85.997,85.631,85.888,27545.4
2026-02-25 15:40:00+00:00,85.888,86.166,85.823,86.057,29327.9
2026-02-25 15:45:00+00:00,86.057,86.414,86.048,86.229,51552.9
2026-02-25 15:50:00+00:00,86.229,86.362,85.881,85.929,24431.5
2026-02-25 15:55:00+00:00,85.929,86.051,85.753,85.935,47753.0
2026-02-25 16:00:00+00:00,85.935,86.298,85.929,86.137,31709.0
2026-02-25 16:05:00+00:00,86.137,86.498,85.915,86.008,44059.7
2026-02-25 16:10:00+00:00,86.008,86.465,86.003,86.196,15354.4
2026-02-25 16:15:00+00:00,86.196,86.966,86.128,86.855,90528.3
2026-02-25 16:20:00+00:00,86.855,87.299,86.635,87.253,100640.3
2026-02-25 16:25:00+00:00,87.253,87.593,87.129,87.154,88604.6
2026-02-25 16:30:00+00:00,87.154,87.435,87.029,87.095,36675.8
2026-02-25 16:35:00+00:00,87.095,87.353,86.914,86.94,20759.4
2026-02-25 16:40:00+00:00,86.94,87.3,86.889,87.233,12364.9
2026-02-25 16:45:00+00:00,87.233,87.575,87.23,87.513,23590.6
2026-02-25 16:50:00+00:00,87.513,87.54,87.28,87.304,12804.1
2026-02-25 16:55:00+00:00,87.304,87.647,87.251,87.514,40419.2
2026-02-25 17:00:00+00:00,87.514,88.057,87.356,87.453,135395.5
2026-02-25 17:05:00+00:00,87.453,87.66,87.38,87.611,25415.1
2026-02-25 17:10:00+00:00,87.611,88.574,87.604,88.261,125783.3
2026-02-25 17:15:00+00:00,88.261,88.274,87.888,87.914,29660.0
2026-02-25 17:20:00+00:00,87.914,88.397,87.846,88.312,35523.5
2026-02-25 17:25:00+00:00,88.312,88.428,88.131,88.265,17933.9
2026-02-25 17:30:00+00:00,88.265,88.393,87.977,88.254,37199.6
2026-02-25 17:35:00+00:00,88.254,88.736,88.249,88.399,57225.6
2026-02-25 17:40:00+00:00,88.399,88.658,88.387,88.632,15937.2
2026-02-25 17:45:00+00:00,88.632,88.818,88.403,88.526,34200.6
2026-02-25 17:50:00+00:00,88.526,88.9,88.485,88.541,34528.2
2026-02-25 17:55:00+00:00,88.541,88.608,88.28,88.519,42979.3
2026-02-25 18:00:00+00:00,88.519,88.584,87.945,87.976,35689.4
2026-02-25 18:05:00+00:00,87.976,88.328,87.954,88.328,22734.8
2026-02-25 18:10:00+00:00,88.328,88.585,88.251,88.438,20179.6
2026-02-25 18:15:00+00:00,88.438,88.533,88.1,88.185,28833.7
2026-02-25 18:20:00+00:00,88.185,88.463,88.152,88.272,19791.7
2026-02-25 18:25:00+00:00,88.272,88.931,88.25,88.768,55260.7
2026-02-25 18:30:00+00:00,88.768,88.8,88.504,88.581,24284.3
2026-02-25 18:35:00+00:00,88.581,89.087,88.581,88.882,40470.9
2026-02-25 18:40:00+00:00,88.882,89.142,88.804,88.953,24048.1
2026-02-25 18:45:00+00:00,88.953,88.983,88.674,88.781,24709.1
2026-02-25 18:50:00+00:00,88.781,89.052,88.78,88.934,17099.8
2026-02-25 18:55:00+00:00,88.934,88.962,88.848,88.893,7854.1
2026-02-25 19:00:00+00:00,88.893,88.991,88.554,88.717,20338.5
2026-02-25 19:05:00+00:00,88.717,88.781,88.529,88.529,28810.7
2026-02-25 19:10:00+00:00,88.529,88.72,88.283,88.684,45131.2
2026-02-25 19:15:00+00:00,88.684,88.998,88.632,88.889,13869.2
2026-02-25 19:20:00+00:00,88.889,89.35,88.888,89.236,35450.2
2026-02-25 19:25:00+00:00,89.236,89.236,88.902,88.971,23451.9
2026-02-25 19:30:00+00:00,88.971,89.01,88.743,88.867,18080.4
2026-02-25 19:35:00+00:00,88.867,89.194,88.849,89.08,25920.6
2026-02-25 19:40:00+00:00,89.08,89.167,89.009,89.087,4890.2
2026-02-25 19:45:00+00:00,89.087,89.597,89.052,89.597,63295.2
2026-02-25 19:50:00+00:00,89.597,89.599,89.336,89.395,21394.1
2026-02-25 19:55:00+00:00,89.395,89.508,89.293,89.381,21489.3
2026-02-25 20:00:00+00:00,89.381,89.575,89.174,89.332,19595.9
2026-02-25 20:05:00+00:00,89.332,89.519,89.332,89.423,8177.7
2026-02-25 20:10:00+00:00,89.423,89.425,89.004,89.01,88726.9
2026-02-25 20:15:00+00:00,89.01,89.176,88.965,89.068,15550.9
2026-02-25 20:20:00+00:00,89.068,89.212,88.94,89.016,12306.1
2026-02-25 20:25:00+00:00,89.016,89.169,88.971,88.972,12096.0
2026-02-25 20:30:00+00:00,88.972,89.536,88.913,89.424,25588.8
2026-02-25 20:35:00+00:00,89.424,89.845,89.296,89.593,74677.0
2026-02-25 20:40:00+00:00,89.593,89.743,89.593,89.732,21807.2
2026-02-25 20:45:00+00:00,89.732,89.9,89.643,89.828,33516.0
2026-02-25 20:50:00+00:00,89.828,90.075,89.682,89.752,45258.1
2026-02-25 20:55:00+00:00,89.752,89.8,89.255,89.349,53327.4
2026-02-25 21:00:00+00:00,89.349,89.572,89.319,89.48,43533.7
2026-02-25 21:05:00+00:00,89.48,89.853,89.48,89.788,22068.9
2026-02-25 21:10:00+00:00,89.788,89.796,89.461,89.512,8097.7
2026-02-25 21:15:00+00:00,89.512,89.728,89.438,89.628,7279.2
2026-02-25 21:20:00+00:00,89.628,89.849,89.56,89.783,7384.3
2026-02-25 21:25:00+00:00,89.783,89.899,89.605,89.615,18412.4
2026-02-25 21:30:00+00:00,89.615,90.375,89.544,90.358,110623.1
2026-02-25 21:35:00+00:00,90.358,92.084,90.241,90.943,465844.6
2026-02-25 21:40:00+00:00,90.943,91.064,90.279,90.437,37211.5
2026-02-25 21:45:00+00:00,90.437,90.47,90.022,90.06,54453.9
2026-02-25 21:50:00+00:00,90.06,90.32,89.953,90.03,15470.7
2026-02-25 21:55:00+00:00,90.03,90.069,89.553,89.797,23909.4
2026-02-25 22:00:00+00:00,89.797,90.486,89.797,90.302,30530.0
2026-02-25 22:05:00+00:00,90.302,90.322,90.121,90.279,14480.7
2026-02-25 22:10:00+00:00,90.279,90.48,90.253,90.284,10093.8
2026-02-25 22:15:00+00:00,90.284,90.34,90.08,90.106,21864.2
2026-02-25 22:20:00+00:00,90.106,90.106,89.644,89.93,27608.6
2026-02-25 22:25:00+00:00,89.93,89.943,89.624,89.714,19792.3
2026-02-25 22:30:00+00:00,89.714,90.066,89.586,89.949,30935.1
2026-02-25 22:35:00+00:00,89.949,90.057,89.264,89.32,29279.1
2026-02-25 22:40:00+00:00,89.32,89.326,88.701,88.854,101485.7
2026-02-25 22:45:00+00:00,88.854,89.268,88.849,89.069,19771.4
2026-02-25 22:50:00+00:00,89.069,89.069,88.315,88.502,66132.3
2026-02-25 22:55:00+00:00,88.502,89.143,88.482,89.051,17949.6
2026-02-25 23:00:00+00:00,89.051,89.051,88.561,88.924,22034.3
2026-02-25 23:05:00+00:00,88.924,89.29,88.838,89.057,31519.0
2026-02-25 23:10:00+00:00,89.057,89.157,88.994,89.026,12309.4
2026-02-25 23:15:00+00:00,89.026,89.026,88.624,88.643,15150.6
2026-02-25 23:20:00+00:00,88.643,88.715,88.4,88.432,15165.4
2026-02-25 23:25:00+00:00,88.432,88.546,88.382,88.397,14775.7
2026-02-25 23:30:00+00:00,88.397,88.452,87.783,87.808,52116.4
2026-02-25 23:35:00+00:00,87.808,88.209,87.471,87.598,39242.4
2026-02-25 23:40:00+00:00,87.598,87.613,87.044,87.143,43054.8
2026-02-25 23:45:00+00:00,87.143,87.385,87.047,87.047,20098.3
2026-02-25 23:50:00+00:00,87.047,87.909,87.047,87.823,34160.9
2026-02-25 23:55:00+00:00,87.823,88.044,87.75,88.001,29328.2
2026-02-26 00:00:00+00:00,88.001,88.127,87.77,87.922,18690.7
2026-02-26 00:05:00+00:00,87.922,88.764,87.91,88.718,33608.0
2026-02-26 00:10:00+00:00,88.718,88.781,88.453,88.605,21796.2
2026-02-26 00:15:00+00:00,88.605,89.091,88.566,88.727,38591.5
2026-02-26 00:20:00+00:00,88.727,89.218,88.725,88.96,31348.8
2026-02-26 00:25:00+00:00,88.96,89.089,88.884,88.92,12004.9
2026-02-26 00:30:00+00:00,88.92,89.16,88.873,89.108,29383.5
2026-02-26 00:35:00+00:00,89.108,89.2,88.155,88.296,90710.1
2026-02-26 00:40:00+00:00,88.296,88.58,88.123,88.515,33912.0
2026-02-26 00:45:00+00:00,88.515,88.542,88.31,88.421,15634.8
2026-02-26 00:50:00+00:00,88.421,88.551,88.227,88.476,9043.6
2026-02-26 00:55:00+00:00,88.476,88.632,88.462,88.546,10551.0
2026-02-26 01:00:00+00:00,88.546,88.988,88.341,88.911,11364.1
2026-02-26 01:05:00+00:00,88.911,89.101,88.699,88.836,20349.5
2026-02-26 01:10:00+00:00,88.836,89.026,88.795,88.964,9344.0
2026-02-26 01:15:00+00:00,88.964,88.991,88.762,88.929,11270.6
2026-02-26 01:20:00+00:00,88.929,88.983,88.771,88.934,4134.9
2026-02-26 01:25:00+00:00,88.934,88.987,88.503,88.683,22280.3
2026-02-26 01:30:00+00:00,88.683,88.683,88.158,88.356,13959.9
2026-02-26 01:35:00+00:00,88.356,88.659,88.3,88.574,7911.3
2026-02-26 01:40:00+00:00,88.574,88.918,88.421,88.44,15156.5
2026-02-26 01:45:00+00:00,88.44,88.469,88.235,88.431,25233.7
2026-02-26 01:50:00+00:00,88.431,88.453,88.265,88.389,5404.9
2026-02-26 01:55:00+00:00,88.389,88.629,88.361,88.38,6274.2
2026-02-26 02:00:00+00:00,88.38,88.432,87.884,87.941,24877.3
2026-02-26 02:05:00+00:00,87.941,87.998,87.633,87.815,16383.5
2026-02-26 02:10:00+00:00,87.815,87.815,87.505,87.591,23349.1
2026-02-26 02:15:00+00:00,87.591,88.181,87.58,87.873,28940.4
2026-02-26 02:20:00+00:00,87.873,87.904,87.667,87.698,10094.0
2026-02-26 02:25:00+00:00,87.698,87.775,87.55,87.615,5842.3
2026-02-26 02:30:00+00:00,87.615,88.121,87.614,87.967,12484.3
2026-02-26 02:35:00+00:00,87.967,88.074,87.82,87.972,14683.3
2026-02-26 02:40:00+00:00,87.972,88.235,87.837,88.173,13340.0
2026-02-26 02:45:00+00:00,88.173,88.272,88.053,88.08,6258.1
2026-02-26 02:50:00+00:00,88.08,88.36,88.058,88.24,8026.4
2026-02-26 02:55:00+00:00,88.24,88.337,88.15,88.15,7436.4
2026-02-26 03:00:00+00:00,88.15,88.32,88.064,88.14,14716.8
2026-02-26 03:05:00+00:00,88.14,88.14,87.783,87.868,9339.3
2026-02-26 03:10:00+00:00,87.868,88.008,87.863,87.913,3303.0
2026-02-26 03:15:00+00:00,87.913,88.008,87.872,87.902,10580.6
2026-02-26 03:20:00+00:00,87.902,87.902,87.731,87.8,4834.8
2026-02-26 03:25:00+00:00,87.8,87.916,87.789,87.845,4318.3
2026-02-26 03:30:00+00:00,87.845,88.123,87.76,88.002,10225.1
2026-02-26 03:35:00+00:00,88.002,88.037,87.8,87.81,8973.8
2026-02-26 03:40:00+00:00,87.81,88.12,87.789,88.009,5227.8
2026-02-26 03:45:00+00:00,88.009,88.223,87.99,88.119,7249.5
2026-02-26 03:50:00+00:00,88.119,88.119,87.954,87.955,4115.9
2026-02-26 03:55:00+00:00,87.955,88.008,87.89,87.902,1319.8
2026-02-26 04:00:00+00:00,87.902,88.014,87.8,88.001,6528.5
2026-02-26 04:05:00+00:00,88.001,88.231,87.968,88.207,4030.7
2026-02-26 04:10:00+00:00,88.207,88.572,88.174,88.321,36241.2
2026-02-26 04:15:00+00:00,88.321,88.523,88.31,88.41,6172.3
2026-02-26 04:20:00+00:00,88.41,88.41,88.127,88.31,8944.9
2026-02-26 04:25:00+00:00,88.31,88.47,88.31,88.342,4409.1
2026-02-26 04:30:00+00:00,88.342,88.868,88.308,88.662,34300.8
2026-02-26 04:35:00+00:00,88.662,88.942,88.601,88.718,15494.4
2026-02-26 04:40:00+00:00,88.718,89.026,88.698,88.763,11372.2
2026-02-26 04:45:00+00:00,88.763,88.888,88.687,88.839,9539.4
2026-02-26 04:50:00+00:00,88.839,88.839,88.678,88.755,4709.7
2026-02-26 04:55:00+00:00,88.755,88.79,88.678,88.689,2550.1
2026-02-26 05:00:00+00:00,88.689,88.689,88.401,88.45,10387.6
2026-02-26 05:05:00+00:00,88.45,88.45,87.698,87.7,28085.9
2026-02-26 05:10:00+00:00,87.7,87.702,87.324,87.623,29649.3
2026-02-26 05:15:00+00:00,87.623,87.625,87.229,87.448,39548.0
2026-02-26 05:20:00+00:00,87.448,87.638,87.183,87.551,25149.2
2026-02-26 05:25:00+00:00,87.551,87.552,87.371,87.485,13245.5
2026-02-26 05:30:00+00:00,87.485,87.649,87.382,87.62,4864.0
2026-02-26 05:35:00+00:00,87.62,87.62,87.322,87.508,6071.4
2026-02-26 05:40:00+00:00,87.508,87.825,87.49,87.793,8547.7
2026-02-26 05:45:00+00:00,87.793,87.898,87.686,87.779,7023.4
2026-02-26 05:50:00+00:00,87.779,87.818,87.626,87.633,6845.2
2026-02-26 05:55:00+00:00,87.633,87.75,87.633,87.722,3385.2
2026-02-26 06:00:00+00:00,87.722,87.735,87.442,87.57,8961.7
2026-02-26 06:05:00+00:00,87.57,87.973,87.57,87.643,11630.2
2026-02-26 06:10:00+00:00,87.643,87.838,87.631,87.76,10345.2
2026-02-26 06:15:00+00:00,87.76,87.832,87.578,87.731,7606.6
2026-02-26 06:20:00+00:00,87.731,87.932,87.731,87.837,5585.2
2026-02-26 06:25:00+00:00,87.837,87.837,87.559,87.559,3701.4
2026-02-26 06:30:00+00:00,87.559,87.713,87.441,87.644,5191.9
2026-02-26 06:35:00+00:00,87.644,87.644,87.336,87.555,10927.4
2026-02-26 06:40:00+00:00,87.555,87.609,87.476,87.533,5190.7
2026-02-26 06:45:00+00:00,87.533,87.677,87.472,87.602,7265.3
2026-02-26 06:50:00+00:00,87.602,87.671,87.502,87.504,9393.9
2026-02-26 06:55:00+00:00,87.504,87.675,87.504,87.606,3464.1
2026-02-26 07:00:00+00:00,87.606,87.819,87.578,87.695,9708.4
2026-02-26 07:05:00+00:00,87.695,87.798,87.635,87.795,4272.6
2026-02-26 07:10:00+00:00,87.795,87.828,87.657,87.68,4089.3
2026-02-26 07:15:00+00:00,87.68,87.718,87.534,87.619,9551.4
2026-02-26 07:20:00+00:00,87.619,87.852,87.548,87.693,3386.0
2026-02-26 07:25:00+00:00,87.693,87.731,87.628,87.698,3593.2
2026-02-26 07:30:00+00:00,87.698,87.722,87.472,87.518,3882.1
2026-02-26 07:35:00+00:00,87.518,87.614,87.338,87.376,7961.2
2026-02-26 07:40:00+00:00,87.376,87.463,87.247,87.442,13663.4
2026-02-26 07:45:00+00:00,87.442,87.515,87.328,87.51,7211.2
2026-02-26 07:50:00+00:00,87.51,87.528,87.174,87.271,12856.9
2026-02-26 07:55:00+00:00,87.271,87.396,87.194,87.196,7577.3
2026-02-26 08:00:00+00:00,87.196,87.455,87.196,87.372,8264.2
2026-02-26 08:05:00+00:00,87.372,87.392,87.226,87.243,8966.7
2026-02-26 08:10:00+00:00,87.243,87.52,87.218,87.485,9510.9
2026-02-26 08:15:00+00:00,87.485,87.506,87.284,87.453,15306.8
2026-02-26 08:20:00+00:00,87.453,87.851,87.418,87.732,24469.7
2026-02-26 08:25:00+00:00,87.732,87.841,87.403,87.535,9119.2
2026-02-26 08:30:00+00:00,87.535,87.699,87.339,87.421,7902.5
2026-02-26 08:35:00+00:00,87.421,87.64,87.366,87.64,4823.5
2026-02-26 08:40:00+00:00,87.64,87.64,87.335,87.421,3191.7
2026-02-26 08:45:00+00:00,87.421,87.569,87.332,87.534,10886.3
2026-02-26 08:50:00+00:00,87.534,87.599,87.5,87.508,6415.0
2026-02-26 08:55:00+00:00,87.508,87.545,87.237,87.259,12795.8
2026-02-26 09:00:00+00:00,87.259,87.37,87.156,87.347,13649.8
2026-02-26 09:05:00+00:00,87.347,87.623,87.335,87.59,11787.0
2026-02-26 09:10:00+00:00,87.59,88.631,87.59,88.321,193074.7
2026-02-26 09:15:00+00:00,88.321,88.337,88.015,88.096,18418.8
2026-02-26 09:20:00+00:00,88.096,88.127,88.008,88.041,11874.4
2026-02-26 09:25:00+00:00,88.041,88.05,87.855,87.922,21042.1
2026-02-26 09:30:00+00:00,87.922,88.093,87.839,88.093,11138.4
2026-02-26 09:35:00+00:00,88.093,88.374,88.043,88.308,17771.1
2026-02-26 09:40:00+00:00,88.308,88.342,88.141,88.242,8009.5
2026-02-26 09:45:00+00:00,88.242,88.343,88.175,88.263,15618.0
2026-02-26 09:50:00+00:00,88.263,88.332,88.161,88.29,6730.6
2026-02-26 09:55:00+00:00,88.29,88.389,88.265,88.292,6219.1
2026-02-26 10:00:00+00:00,88.292,88.454,88.244,88.348,7117.1
2026-02-26 10:05:00+00:00,88.348,88.5,88.242,88.416,13930.7
2026-02-26 10:10:00+00:00,88.416,88.545,87.938,87.952,15684.5
2026-02-26 10:15:00+00:00,87.952,87.959,87.788,87.885,17353.6
2026-02-26 10:20:00+00:00,87.885,87.885,87.696,87.826,9450.3
2026-02-26 10:25:00+00:00,87.826,87.855,87.587,87.601,11108.2
2026-02-26 10:30:00+00:00,87.601,87.704,87.355,87.574,21756.4
2026-02-26 10:35:00+00:00,87.574,87.68,87.544,87.663,5298.1
2026-02-26 10:40:00+00:00,87.663,87.663,87.426,87.623,21491.6
2026-02-26 10:45:00+00:00,87.623,87.699,87.328,87.391,12522.7
2026-02-26 10:50:00+00:00,87.391,87.391,87.217,87.302,14059.9
2026-02-26 10:55:00+00:00,87.302,87.478,87.298,87.418,8482.7
2026-02-26 11:00:00+00:00,87.418,87.5,87.319,87.499,4394.1
2026-02-26 11:05:00+00:00,87.499,87.57,87.263,87.266,3347.8
2026-02-26 11:10:00+00:00,87.266,87.452,87.244,87.293,4246.4
2026-02-26 11:15:00+00:00,87.293,87.306,86.667,86.706,54319.5
2026-02-26 11:20:00+00:00,86.706,86.921,86.629,86.75,47428.5
2026-02-26 11:25:00+00:00,86.75,86.899,86.744,86.821,23717.1
2026-02-26 11:30:00+00:00,86.821,86.952,86.775,86.868,7552.5
2026-02-26 11:35:00+00:00,86.868,86.975,86.797,86.962,6422.6
2026-02-26 11:40:00+00:00,86.962,86.968,86.8,86.848,4672.2
2026-02-26 11:45:00+00:00,86.848,86.863,86.531,86.742,33457.8
2026-02-26 11:50:00+00:00,86.742,86.773,86.644,86.743,8745.9
2026-02-26 11:55:00+00:00,86.743,86.8,86.723,86.773,6988.6
2026-02-26 12:00:00+00:00,86.773,86.945,86.67,86.886,13062.6
2026-02-26 12:05:00+00:00,86.886,87.062,86.818,87.048,11714.6
2026-02-26 12:10:00+00:00,87.048,87.116,86.96,87.069,9207.7
2026-02-26 12:15:00+00:00,87.069,87.316,87.026,87.256,17859.9
2026-02-26 12:20:00+00:00,87.256,87.429,87.247,87.342,13061.3
2026-02-26 12:25:00+00:00,87.342,87.407,87.21,87.313,7257.5
2026-02-26 12:30:00+00:00,87.313,87.441,87.21,87.438,5059.1
2026-02-26 12:35:00+00:00,87.438,87.634,87.269,87.525,28715.9
2026-02-26 12:40:00+00:00,87.525,87.612,87.414,87.414,8577.3
2026-02-26 12:45:00+00:00,87.414,87.751,87.319,87.66,20003.4
2026-02-26 12:50:00+00:00,87.66,87.7,87.567,87.625,7752.2
2026-02-26 12:55:00+00:00,87.625,87.678,87.559,87.637,7522.8
2026-02-26 13:00:00+00:00,87.637,87.678,87.461,87.585,4098.9
2026-02-26 13:05:00+00:00,87.585,87.793,87.585,87.731,7197.3
2026-02-26 13:10:00+00:00,87.731,87.781,87.58,87.657,3707.8
2026-02-26 13:15:00+00:00,87.657,87.707,87.505,87.565,10754.6
2026-02-26 13:20:00+00:00,87.565,87.711,87.476,87.589,10208.3
2026-02-26 13:25:00+00:00,87.589,87.785,87.521,87.746,8611.1
2026-02-26 13:30:00+00:00,87.746,87.747,87.573,87.669,10572.7
2026-02-26 13:35:00+00:00,87.669,87.669,87.43,87.569,4383.7
2026-02-26 13:40:00+00:00,87.569,87.788,87.569,87.733,8160.0
2026-02-26 13:45:00+00:00,87.733,88.043,87.689,87.886,16609.4
2026-02-26 13:50:00+00:00,87.886,87.886,87.565,87.604,9895.6
2026-02-26 13:55:00+00:00,87.604,87.618,87.42,87.578,14121.8
2026-02-26 14:00:00+00:00,87.578,87.625,87.38,87.448,20170.5
2026-02-26 14:05:00+00:00,87.448,87.563,87.208,87.459,42177.4
2026-02-26 14:10:00+00:00,87.459,88.008,87.459,87.868,14023.8
2026-02-26 14:15:00+00:00,87.868,87.891,87.651,87.751,5137.3
2026-02-26 14:20:00+00:00,87.751,87.84,87.543,87.82,10149.0
2026-02-26 14:25:00+00:00,87.82,87.917,87.742,87.747,6017.6
2026-02-26 14:30:00+00:00,87.747,87.933,87.088,87.841,34732.0
2026-02-26 14:35:00+00:00,87.841,88.209,87.391,87.414,64634.7
2026-02-26 14:40:00+00:00,87.414,87.689,87.261,87.292,19329.2
2026-02-26 14:45:00+00:00,87.292,87.309,86.227,86.366,113983.0
2026-02-26 14:50:00+00:00,86.366,86.729,86.255,86.594,30450.8
2026-02-26 14:55:00+00:00,86.594,87.235,86.587,86.972,27849.6
2026-02-26 15:00:00+00:00,86.972,87.052,86.518,86.683,29737.7
2026-02-26 15:05:00+00:00,86.683,86.929,86.325,86.338,18829.9
2026-02-26 15:10:00+00:00,86.338,86.817,86.16,86.513,47213.5
2026-02-26 15:15:00+00:00,86.513,86.536,85.506,85.616,225649.3
2026-02-26 15:20:00+00:00,85.616,86.008,85.567,85.747,40662.0
2026-02-26 15:25:00+00:00,85.747,86.329,85.604,85.767,41366.0
2026-02-26 15:30:00+00:00,85.767,85.949,85.273,85.386,40396.4
2026-02-26 15:35:00+00:00,85.386,86.337,85.226,86.321,76202.1
2026-02-26 15:40:00+00:00,86.321,86.754,85.981,86.404,49725.4
2026-02-26 15:45:00+00:00,86.404,86.835,86.212,86.427,44034.3
2026-02-26 15:50:00+00:00,86.427,86.581,86.307,86.445,9911.2
2026-02-26 15:55:00+00:00,86.445,86.56,86.128,86.513,21550.5
2026-02-26 16:00:00+00:00,86.513,86.71,86.311,86.365,16620.5
2026-02-26 16:05:00+00:00,86.365,86.432,86.02,86.159,19240.4
2026-02-26 16:10:00+00:00,86.159,86.247,85.951,86.19,12330.9
2026-02-26 16:15:00+00:00,86.19,86.466,86.104,86.257,16952.1
2026-02-26 16:20:00+00:00,86.257,86.462,86.175,86.403,8623.1
2026-02-26 16:25:00+00:00,86.403,86.704,86.34,86.509,38203.4
2026-02-26 16:30:00+00:00,86.509,86.564,85.716,85.925,63813.8
2026-02-26 16:35:00+00:00,85.925,85.947,85.36,85.571,86023.3
2026-02-26 16:40:00+00:00,85.571,85.761,85.353,85.502,27264.7
2026-02-26 16:45:00+00:00,85.502,85.535,84.649,85.23,179881.4
2026-02-26 16:50:00+00:00,85.23,85.233,84.396,84.433,122227.5
2026-02-26 16:55:00+00:00,84.433,84.661,84.287,84.534,84024.3
2026-02-26 17:00:00+00:00,84.534,85.029,84.454,84.985,37152.1
2026-02-26 17:05:00+00:00,84.985,85.29,84.898,85.181,57224.0
2026-02-26 17:10:00+00:00,85.181,85.288,85.041,85.063,19861.9
2026-02-26 17:15:00+00:00,85.063,85.24,84.907,84.975,13752.2
2026-02-26 17:20:00+00:00,84.975,85.042,84.832,84.989,17365.7
2026-02-26 17:25:00+00:00,84.989,85.099,84.921,85.057,19076.1
2026-02-26 17:30:00+00:00,85.057,85.267,84.964,85.142,14485.6
2026-02-26 17:35:00+00:00,85.142,85.164,84.733,84.93,9738.0
2026-02-26 17:40:00+00:00,84.93,85.155,84.93,85.048,5941.2
2026-02-26 17:45:00+00:00,85.048,85.112,84.835,84.894,5433.2
2026-02-26 17:50:00+00:00,84.894,85.095,84.807,85.029,9067.5
2026-02-26 17:55:00+00:00,85.029,85.04,84.84,84.853,10860.5
2026-02-26 18:00:00+00:00,84.853,85.058,84.808,84.887,8611.9
2026-02-26 18:05:00+00:00,84.887,84.95,84.417,84.591,42698.0
2026-02-26 18:10:00+00:00,84.591,84.708,84.516,84.669,23435.3
2026-02-26 18:15:00+00:00,84.669,85.061,84.64,85.007,22782.3
2026-02-26 18:20:00+00:00,85.007,85.007,84.674,84.747,7278.0
2026-02-26 18:25:00+00:00,84.747,84.799,84.525,84.733,8272.4
2026-02-26 18:30:00+00:00,84.733,85.268,84.709,85.181,73480.6
2026-02-26 18:35:00+00:00,85.181,85.672,85.111,85.413,85286.8
2026-02-26 18:40:00+00:00,85.413,85.557,85.278,85.466,27876.7
2026-02-26 18:45:00+00:00,85.466,85.516,85.288,85.375,5722.0
2026-02-26 18:50:00+00:00,85.375,85.419,85.267,85.359,4812.1
2026-02-26 18:55:00+00:00,85.359,85.461,85.294,85.335,5549.7
2026-02-26 19:00:00+00:00,85.335,86.418,85.314,86.271,178567.5
2026-02-26 19:05:00+00:00,86.271,86.271,85.863,85.914,19744.5
2026-02-26 19:10:00+00:00,85.914,86.032,85.837,85.887,21066.8
2026-02-26 19:15:00+00:00,85.887,86.102,85.887,86.031,13997.1
2026-02-26 19:20:00+00:00,86.031,86.305,85.978,86.204,22288.5
2026-02-26 19:25:00+00:00,86.204,86.208,85.969,86.013,8502.6
2026-02-26 19:30:00+00:00,86.013,86.225,85.937,86.193,8473.9
2026-02-26 19:35:00+00:00,86.193,86.197,86.001,86.045,15633.1
2026-02-26 19:40:00+00:00,86.045,86.045,85.763,85.914,7521.5
2026-02-26 19:45:00+00:00,85.914,86.218,85.914,86.208,18696.3
2026-02-26 19:50:00+00:00,86.208,86.27,86.128,86.264,22226.8
2026-02-26 19:55:00+00:00,86.264,86.641,86.242,86.419,148481.0
2026-02-26 20:00:00+00:00,86.419,86.818,86.338,86.758,40327.7
2026-02-26 20:05:00+00:00,86.758,86.758,86.543,86.563,19642.1
2026-02-26 20:10:00+00:00,86.563,86.64,86.487,86.487,4624.5
2026-02-26 20:15:00+00:00,86.487,86.706,86.487,86.69,5486.1
2026-02-26 20:20:00+00:00,86.69,86.696,86.42,86.454,38239.4
2026-02-26 20:25:00+00:00,86.454,86.488,86.316,86.353,15568.9
2026-02-26 20:30:00+00:00,86.353,86.369,86.197,86.339,9602.9
2026-02-26 20:35:00+00:00,86.339,86.345,85.999,86.055,34141.2
2026-02-26 20:40:00+00:00,86.055,86.156,86.055,86.134,2001.8
2026-02-26 20:45:00+00:00,86.134,86.134,85.985,85.985,4359.8
2026-02-26 20:50:00+00:00,85.985,86.0,85.815,85.956,9482.1
2026-02-26 20:55:00+00:00,85.956,86.225,85.917,85.988,18701.5
2026-02-26 21:00:00+00:00,85.988,86.179,85.935,86.163,6337.2
2026-02-26 21:05:00+00:00,86.163,86.202,85.894,85.894,7469.5
2026-02-26 21:10:00+00:00,85.894,86.127,85.663,86.071,26665.9
2026-02-26 21:15:00+00:00,86.071,86.107,85.96,85.995,9451.5
2026-02-26 21:20:00+00:00,85.995,86.07,85.958,86.042,6318.3
2026-02-26 21:25:00+00:00,86.042,86.222,85.988,86.217,3085.3
2026-02-26 21:30:00+00:00,86.217,86.251,85.947,86.018,5085.8
2026-02-26 21:35:00+00:00,86.018,86.03,85.862,85.934,11421.3
2026-02-26 21:40:00+00:00,85.934,86.109,85.893,86.092,3686.3
2026-02-26 21:45:00+00:00,86.092,86.195,85.984,86.173,4720.7
2026-02-26 21:50:00+00:00,86.173,86.173,85.924,85.989,5484.7
2026-02-26 21:55:00+00:00,85.989,86.066,85.837,85.889,9677.3
2026-02-26 22:00:00+00:00,85.889,85.961,85.845,85.951,10402.3
2026-02-26 22:05:00+00:00,85.951,86.018,85.892,86.018,3753.5
2026-02-26 22:10:00+00:00,86.018,86.148,86.001,86.05,2839.7
2026-02-26 22:15:00+00:00,86.05,86.057,85.9,85.917,3329.6
2026-02-26 22:20:00+00:00,85.917,85.919,85.759,85.819,3414.4
2026-02-26 22:25:00+00:00,85.819,85.905,85.764,85.888,4073.6
2026-02-26 22:30:00+00:00,85.888,85.959,85.853,85.891,2053.9
2026-02-26 22:35:00+00:00,85.891,86.123,85.866,86.059,3794.0
2026-02-26 22:40:00+00:00,86.059,86.2,85.996,86.154,27706.1
2026-02-26 22:45:00+00:00,86.154,86.215,86.026,86.203,6648.2
2026-02-26 22:50:00+00:00,86.203,86.209,86.021,86.097,2762.9
2026-02-26 22:55:00+00:00,86.097,86.152,85.954,86.092,3836.2
2026-02-26 23:00:00+00:00,86.092,86.107,85.789,85.897,9549.3
2026-02-26 23:05:00+00:00,85.897,85.941,85.755,85.933,2947.7
2026-02-26 23:10:00+00:00,85.933,86.055,85.891,85.951,11322.1
2026-02-26 23:15:00+00:00,85.951,85.989,85.813,85.955,7083.2
2026-02-26 23:20:00+00:00,85.955,86.064,85.942,85.978,5328.8
2026-02-26 23:25:00+00:00,85.978,86.031,85.933,85.953,2592.1
2026-02-26 23:30:00+00:00,85.953,85.976,85.858,85.952,1029.9
2026-02-26 23:35:00+00:00,85.952,86.015,85.847,85.913,16751.2
2026-02-26 23:40:00+00:00,85.913,85.955,85.729,85.743,6821.1
2026-02-26 23:45:00+00:00,85.743,85.888,85.703,85.823,4272.5
2026-02-26 23:50:00+00:00,85.823,85.95,85.75,85.87,6310.6
2026-02-26 23:55:00+00:00,85.87,85.939,85.809,85.858,3000.7
2026-02-27 00:00:00+00:00,85.858,85.902,85.719,85.744,13979.5
2026-02-27 00:05:00+00:00,85.744,85.991,85.744,85.906,20014.5
2026-02-27 00:10:00+00:00,85.906,85.951,85.667,85.795,5270.1
2026-02-27 00:15:00+00:00,85.795,85.864,85.641,85.728,4805.8
2026-02-27 00:20:00+00:00,85.728,85.798,85.54,85.568,9467.2
2026-02-27 00:25:00+00:00,85.568,85.685,85.419,85.67,25807.6
2026-02-27 00:30:00+00:00,85.67,85.677,85.546,85.653,7053.4
2026-02-27 00:35:00+00:00,85.653,85.671,85.303,85.392,16124.6
2026-02-27 00:40:00+00:00,85.392,85.542,85.316,85.346,12475.5
2026-02-27 00:45:00+00:00,85.346,85.464,85.115,85.448,28549.5
2026-02-27 00:50:00+00:00,85.448,85.799,85.434,85.645,29898.9
2026-02-27 00:55:00+00:00,85.645,85.795,85.558,85.785,9710.2
2026-02-27 01:00:00+00:00,85.785,85.836,85.556,85.571,6270.3
2026-02-27 01:05:00+00:00,85.571,85.735,85.278,85.336,31225.6
2026-02-27 01:10:00+00:00,85.336,85.43,85.262,85.405,10912.5
2026-02-27 01:15:00+00:00,85.405,85.649,85.336,85.433,21729.6
2026-02-27 01:20:00+00:00,85.433,85.515,85.252,85.454,30444.4
2026-02-27 01:25:00+00:00,85.454,85.725,85.454,85.585,30011.0
2026-02-27 01:30:00+00:00,85.585,85.847,85.474,85.827,12134.8
2026-02-27 01:35:00+00:00,85.827,85.881,85.704,85.863,10970.9
2026-02-27 01:40:00+00:00,85.863,86.036,85.702,85.708,39546.3
2026-02-27 01:45:00+00:00,85.708,85.878,85.636,85.78,15674.5
2026-02-27 01:50:00+00:00,85.78,85.978,85.78,85.956,7965.9
2026-02-27 01:55:00+00:00,85.956,86.1,85.846,86.088,11652.4
2026-02-27 02:00:00+00:00,86.088,86.234,86.025,86.2,11252.6
2026-02-27 02:05:00+00:00,86.2,86.348,86.155,86.191,9640.9
2026-02-27 02:10:00+00:00,86.191,86.2,86.068,86.068,7859.8
2026-02-27 02:15:00+00:00,86.068,86.364,85.901,86.35,45193.1
2026-02-27 02:20:00+00:00,86.35,86.396,86.197,86.237,7700.7
2026-02-27 02:25:00+00:00,86.237,86.3,86.174,86.252,3793.0
2026-02-27 02:30:00+00:00,86.252,86.69,86.243,86.62,19698.4
2026-02-27 02:35:00+00:00,86.62,86.764,86.54,86.609,9645.5
2026-02-27 02:40:00+00:00,86.609,86.632,86.438,86.632,8262.2
2026-02-27 02:45:00+00:00,86.632,86.679,86.532,86.642,10021.4
2026-02-27 02:50:00+00:00,86.642,86.69,86.483,86.571,9173.1
2026-02-27 02:55:00+00:00,86.571,86.643,86.489,86.522,5646.5
2026-02-27 03:00:00+00:00,86.522,86.623,86.468,86.542,4821.7
2026-02-27 03:05:00+00:00,86.542,86.552,86.357,86.479,8385.5
2026-02-27 03:10:00+00:00,86.479,86.499,86.333,86.388,4034.0
2026-02-27 03:15:00+00:00,86.388,86.501,86.367,86.488,2463.1
2026-02-27 03:20:00+00:00,86.488,86.533,86.337,86.362,2023.8
2026-02-27 03:25:00+00:00,86.362,86.398,86.31,86.324,1827.9
2026-02-27 03:30:00+00:00,86.324,86.494,86.31,86.482,3727.3
2026-02-27 03:35:00+00:00,86.482,86.951,86.479,86.854,17697.1
2026-02-27 03:40:00+00:00,86.854,87.147,86.816,87.144,34460.9
2026-02-27 03:45:00+00:00,87.144,87.352,86.98,87.299,20192.4
2026-02-27 03:50:00+00:00,87.299,87.369,87.122,87.307,12435.4
2026-02-27 03:55:00+00:00,87.307,87.781,87.307,87.569,32647.0
2026-02-27 04:00:00+00:00,87.569,87.973,87.43,87.791,33694.5
2026-02-27 04:05:00+00:00,87.791,87.823,87.516,87.63,32142.1
2026-02-27 04:10:00+00:00,87.63,87.93,87.626,87.861,15962.8
2026-02-27 04:15:00+00:00,87.861,88.261,87.849,88.103,35445.0
2026-02-27 04:20:00+00:00,88.103,88.107,87.868,87.922,15480.7
2026-02-27 04:25:00+00:00,87.922,88.016,87.843,87.937,22564.5
2026-02-27 04:30:00+00:00,87.937,87.941,87.623,87.678,15709.7
2026-02-27 04:35:00+00:00,87.678,87.696,87.519,87.566,20047.7
2026-02-27 04:40:00+00:00,87.566,87.618,87.44,87.551,12811.5
2026-02-27 04:45:00+00:00,87.551,87.812,87.535,87.764,8125.9
2026-02-27 04:50:00+00:00,87.764,87.839,87.668,87.775,12996.2
2026-02-27 04:55:00+00:00,87.775,87.799,87.428,87.496,10676.6
2026-02-27 05:00:00+00:00,87.496,87.7,87.481,87.597,14767.1
2026-02-27 05:05:00+00:00,87.597,87.722,87.563,87.596,9279.9
2026-02-27 05:10:00+00:00,87.596,87.756,87.58,87.694,4008.8
2026-02-27 05:15:00+00:00,87.694,87.797,87.62,87.679,12682.3
2026-02-27 05:20:00+00:00,87.679,87.758,87.338,87.453,15732.0
2026-02-27 05:25:00+00:00,87.453,87.516,87.418,87.469,3635.9
2026-02-27 05:30:00+00:00,87.469,87.736,87.454,87.655,7203.5
2026-02-27 05:35:00+00:00,87.655,87.807,87.535,87.753,9197.6
2026-02-27 05:40:00+00:00,87.753,87.807,87.668,87.687,3681.8
2026-02-27 05:45:00+00:00,87.687,87.718,87.543,87.584,4573.9
2026-02-27 05:50:00+00:00,87.584,87.623,87.46,87.487,7346.2
2026-02-27 05:55:00+00:00,87.487,87.514,87.351,87.485,13724.4
2026-02-27 06:00:00+00:00,87.485,87.568,87.45,87.564,3665.2
2026-02-27 06:05:00+00:00,87.564,87.581,87.329,87.348,5025.9
2026-02-27 06:10:00+00:00,87.348,87.404,87.173,87.241,12867.3
2026-02-27 06:15:00+00:00,87.241,87.245,86.935,87.0,19104.4
2026-02-27 06:20:00+00:00,87.0,87.03,86.87,86.925,9658.8
2026-02-27 06:25:00+00:00,86.925,87.047,86.783,87.047,19324.2
2026-02-27 06:30:00+00:00,87.047,87.191,86.961,87.041,10658.4
2026-02-27 06:35:00+00:00,87.041,87.329,87.041,87.309,12424.2
2026-02-27 06:40:00+00:00,87.309,87.382,87.207,87.257,20048.2
2026-02-27 06:45:00+00:00,87.257,87.472,87.203,87.364,13555.1
2026-02-27 06:50:00+00:00,87.364,87.364,87.229,87.293,7534.9
2026-02-27 06:55:00+00:00,87.293,87.297,87.247,87.281,3509.3
2026-02-27 07:00:00+00:00,87.281,87.359,87.058,87.089,6592.2
2026-02-27 07:05:00+00:00,87.089,87.359,87.089,87.282,3917.3
2026-02-27 07:10:00+00:00,87.282,87.302,87.216,87.216,699.5
